customer_id,customer_segment
7590-VHVEG,Gold
5575-GNVDE,Gold
3668-QPYBK,Silver
7795-CFOCW,Gold
9237-HQITU,Silver
9305-CDSKC,Platinum
1452-KIOVK,Platinum
6713-OKOMC,Gold
7892-POOKP,Platinum
6388-TABGU,Platinum
9763-GRSKD,Gold
7469-LKBCI,Gold
8091-TTVAX,Platinum
0280-XJGEX,Platinum
5129-JLPIS,Platinum
3655-SNQYZ,Platinum
8191-XWSZG,Gold
9959-WOFKT,Platinum
4190-MFLUW,Gold
4183-MYFRB,Platinum
8779-QRDMV,Silver
1680-VDCWW,Gold
1066-JKSGK,Gold
3638-WEABW,Platinum
6322-HRPFA,Platinum
6865-JZNKO,Gold
6467-CHFZW,Platinum
8665-UTDHZ,Gold
5248-YGIJN,Platinum
8773-HHUOZ,Gold
3841-NFECX,Platinum
4929-XIHVW,Silver
6827-IEAUQ,Platinum
7310-EGVHZ,Gold
3413-BMNZE,Silver
6234-RAAPL,Platinum
6047-YHPVI,Silver
6572-ADKRS,Gold
5380-WJKOV,Platinum
8168-UQWWF,Platinum
8865-TNMNX,Gold
9489-DEDVP,Platinum
9867-JCZSP,Gold
4671-VJLCL,Platinum
4080-IIARD,Platinum
3714-NTNFO,Platinum
5948-UJZLF,Silver
7760-OYPDY,Silver
7639-LIAYI,Platinum
2954-PIBKO,Platinum
8012-SOUDQ,Platinum
9420-LOJKX,Platinum
6575-SUVOI,Platinum
7495-OOKFY,Silver
4667-QONEA,Platinum
1658-BYGOY,Platinum
8769-KKTPH,Platinum
5067-XJQFU,Platinum
3957-SQXML,Gold
5954-BDFSG,Platinum
0434-CSFON,Platinum
1215-FIGMP,Platinum
0526-SXDJP,Gold
0557-ASKVU,Gold
5698-BQJOH,Platinum
5122-CYFXA,Silver
8627-ZYGSZ,Platinum
3410-YOQBQ,Platinum
3170-NMYVV,Gold
7410-OIEDU,Gold
2273-QCKXA,Silver
0731-EBJQB,Gold
1891-QRQSA,Platinum
8028-PNXHQ,Gold
5630-AHZIL,Silver
2673-CXQEU,Platinum
6416-JNVRK,Gold
5590-ZSKRV,Gold
0191-ZHSKZ,Platinum
3887-PBQAO,Gold
5919-TMRGD,Silver
8108-UXRQN,Gold
9191-MYQKX,Gold
9919-YLNNG,Platinum
0318-ZOPWS,Gold
4445-ZJNMU,Platinum
4808-YNLEU,Gold
1862-QRWPE,Gold
2796-NNUFI,Gold
3016-KSVCP,Gold
4767-HZZHQ,Platinum
2424-WVHPL,Silver
7233-PAHHL,Platinum
6067-NGCEU,Platinum
9848-JQJTX,Platinum
8637-XJIVR,Gold
9803-FTJCG,Platinum
0278-YXOOG,Gold
3212-KXOCR,Gold
4598-XLKNJ,Platinum
6380-ARCEH,Gold
3679-XASPY,Gold
7123-WQUHX,Platinum
5386-THSLQ,Gold
3192-NQECA,Platinum
6180-YBIQI,Gold
6728-DKUCO,Platinum
9750-BOOHV,Gold
8597-CWYHH,Platinum
2848-YXSMW,Gold
0486-HECZI,Platinum
4549-ZDQYY,Platinum
5712-AHQNN,Platinum
4846-WHAFZ,Gold
5256-SKJGO,Platinum
3071-VBYPO,Silver
9560-BBZXK,Gold
5299-RULOA,Platinum
8402-OOOHJ,Gold
9445-ZUEQE,Platinum
1091-SOZGA,Platinum
2928-HLDBA,Gold
0404-SWRVG,Silver
6497-TILVL,Gold
7219-TLZHO,Gold
4622-YNKIJ,Platinum
4412-YLTKF,Platinum
6734-PSBAW,Gold
3930-ZGWVE,Gold
2639-UGMAZ,Platinum
2876-GZYZC,Gold
6207-WIOLX,Platinum
8587-XYZSF,Gold
3091-FYHKI,Silver
2372-HWUHI,Silver
7799-LGRDP,Gold
7850-VWJUU,Gold
3774-VBNXY,Gold
6217-KDYWC,Gold
0390-DCFDQ,Silver
3146-MSEGF,Platinum
4080-OGPJL,Platinum
1095-WGNGG,Platinum
2636-SJDOU,Platinum
1131-QQZEB,Gold
5716-EZXZN,Platinum
6837-BJYDQ,Gold
2135-RXIHG,Silver
6440-DKQGE,Platinum
3466-BYAVD,Platinum
3780-YVMFA,Gold
3874-EQOEP,Silver
1679-JRFBR,Platinum
9073-ZZIAY,Platinum
3077-RSNTJ,Gold
6551-GNYDG,Gold
9167-APMXZ,Platinum
2749-CTKAJ,Gold
6371-NZYEG,Gold
7554-NEWDD,Gold
8992-VONJD,Gold
0867-MKZVY,Platinum
4482-EWFMI,Silver
4648-YPBTM,Platinum
2907-ILJBN,Gold
6345-FZOQH,Gold
3376-BMGFE,Silver
5997-OPVFA,Platinum
3445-HXXGF,Gold
1159-WFSGR,Gold
7654-YWJUF,Platinum
1875-QIVME,Silver
6727-IOTLZ,Platinum
0691-JVSYA,Platinum
5918-VUKWP,Gold
1744-JHKYS,Gold
2656-FMOKZ,Gold
2070-FNEXE,Gold
5947-SGKCL,Platinum
3712-PKXZA,Gold
6317-YPKDH,Gold
6582-OIVSP,Silver
9367-WXLCH,Silver
5524-KHNJP,Platinum
1918-ZBFQJ,Gold
1024-GUALD,Gold
4827-USJHP,Gold
8167-GJLRN,Gold
0956-SYCWG,Gold
8017-UVSZU,Gold
7100-FQPRV,Platinum
2472-OVKUP,Silver
2984-RGEYA,Gold
9680-NIAUV,Platinum
2146-EGVDT,Gold
2604-IJPDU,Platinum
9178-JHUVJ,Gold
6168-YBYNP,Platinum
7255-SSFBC,Platinum
3645-DEYGF,Gold
9323-HGFWY,Platinum
8544-GOQSH,Gold
3363-DTIVD,Platinum
7018-WBJNK,Gold
9142-KZXOP,Gold
7674-YTAFD,Platinum
6348-SNFUS,Platinum
1285-OKIPP,Silver
7825-ECJRF,Platinum
1347-KTTTA,Platinum
7841-TZDMQ,Silver
4195-NZGTA,Gold
7157-SMCFK,Gold
4709-LKHYG,Gold
2504-DSHIH,Platinum
0699-NDKJM,Platinum
9286-BHDQG,Platinum
0230-WEQUW,Platinum
2040-LDIWQ,Platinum
6496-JDSSB,Gold
9408-SSNVZ,Silver
4443-EMBNA,Gold
6469-MRVET,Gold
0742-MOABM,Gold
5961-VUSRV,Gold
6778-JFCMK,Gold
6341-JVQGF,Platinum
2232-DMLXU,Silver
4811-JBUVU,Platinum
0945-TSONX,Platinum
2651-ZCBXV,Platinum
3316-UWXUY,Platinum
8937-RDTHP,Silver
7083-MIOPC,Gold
1984-GPTEH,Gold
1251-KRREG,Silver
0621-JFHOL,Gold
9903-LYSAB,Gold
0094-OIFMO,Platinum
9227-UAQFT,Gold
7301-ABVAD,Platinum
6614-FHDBO,Platinum
7576-ASEJU,Platinum
9058-HRZSV,Platinum
4522-AKYLR,Gold
0221-WMXNQ,Silver
0303-UNCIP,Platinum
9947-OTFQU,Gold
0322-YINQP,Silver
0959-WHOKV,Platinum
4075-JFPGR,Platinum
4629-NRXKX,Silver
9514-JDSKI,Silver
3282-ZISZV,Platinum
3675-YDUPJ,Gold
4111-BNXIF,Platinum
7017-VFHAY,Platinum
6655-LHBYW,Platinum
4959-JOSRX,Silver
5046-NUHWD,Gold
7273-TEFQD,Gold
3606-TWKGI,Platinum
7529-ZDFXI,Platinum
7605-BDWDC,Gold
1950-KSVVJ,Platinum
0123-CRBRT,Platinum
6292-TOSSS,Gold
3197-ARFOY,Platinum
6323-AYBRX,Gold
7014-ZZXAW,Gold
4385-GZQXV,Platinum
7633-MVPUY,Platinum
6366-ZGQGL,Gold
4716-HHKQH,Platinum
5940-AHUHD,Silver
6432-TWQLB,Silver
4484-GLZOU,Platinum
3179-GBRWV,Gold
8645-KWHJO,Gold
4130-MZLCC,Gold
0314-TKOSI,Gold
8229-MYEJZ,Gold
2080-SRCDE,Gold
9577-WJVCQ,Platinum
9512-UIBFX,Platinum
6202-DYYFX,Gold
3808-HFKDE,Gold
5583-SXDAG,Silver
3488-PGMQJ,Gold
3580-REOAC,Gold
7534-BFESC,Gold
3727-OWVYD,Platinum
2294-SALNE,Platinum
4847-TAJYI,Silver
1563-IWQEX,Gold
8203-XJZRC,Gold
6556-DBKZF,Platinum
6851-WEFYX,Platinum
2985-JUUBZ,Platinum
6390-DSAZX,Silver
0895-LMRSF,Gold
8098-LLAZX,Silver
8266-VBFQL,Silver
8181-YHCMF,Platinum
2240-HSJQD,Platinum
1248-DYXUB,Gold
0265-EDXBD,Gold
4115-BNPJY,Platinum
3167-SNQPL,Platinum
4091-TVOCN,Platinum
1098-TDVUQ,Gold
7277-OZCGZ,Platinum
1557-EMYVT,Platinum
2799-ARNLO,Silver
7563-BIUPC,Silver
5027-YOCXN,Platinum
3973-SKMLN,Gold
2321-OMBXY,Platinum
2840-XANRC,Platinum
6745-JEFZB,Platinum
5020-ZSTTY,Platinum
9880-TDQAC,Platinum
8705-WZCYL,Silver
7102-JJVTX,Gold
8626-PTQGE,Platinum
4983-CLMLV,Platinum
5701-YVSVF,Gold
5804-LEPIM,Silver
5697-GOMBF,Gold
2739-CACDQ,Gold
9385-EHGDO,Gold
9498-FIMXL,Gold
2379-GYFLQ,Platinum
0122-OAHPZ,Gold
2868-SNELZ,Silver
4322-RCYMT,Platinum
6680-NENYN,Platinum
2088-IEBAU,Platinum
7982-VCELR,Platinum
1343-EHPYB,Platinum
6035-BXTTY,Gold
6885-PKOAM,Platinum
7520-HQWJU,Platinum
9639-BUJXT,Gold
5924-SNGKP,Gold
0021-IKXGC,Silver
2034-GDRCN,Silver
8966-SNIZF,Gold
6243-OZGFH,Gold
4654-DLAMQ,Platinum
0513-RBGPE,Platinum
5160-UXJED,Gold
4115-NZRKS,Silver
0219-YTZUE,Silver
0623-IIHUG,Gold
4572-DVCGN,Gold
3351-NGXYI,Gold
8984-EYLLL,Platinum
9057-MSWCO,Gold
9833-TGFHX,Platinum
9294-TDIPC,Gold
5229-DTFYB,Platinum
0104-PPXDV,Gold
5176-LMJXE,Gold
3583-KRKMD,Gold
1010-DIAUQ,Silver
9069-LGEUL,Gold
7302-ZHMHP,Gold
9571-EDEBV,Platinum
3520-FJGCV,Platinum
6563-VRERX,Gold
0259-GBZSH,Silver
6122-EFVKN,Gold
2805-EDJPQ,Platinum
6862-CQUMB,Platinum
7156-MXBJE,Platinum
6158-HDPXZ,Gold
9601-BRXPO,Platinum
2863-IMQDR,Platinum
5686-CMAWK,Platinum
5651-CRHKQ,Platinum
6905-NIQIN,Silver
8204-YJCLA,Platinum
5167-ZFFMM,Silver
6583-SZVGP,Platinum
4895-TMWIR,Gold
0533-BNWKF,Platinum
1708-PBBOA,Platinum
8782-LKFPK,Platinum
5522-JBWMO,Silver
3597-MVHJT,Platinum
9774-NRNAU,Platinum
0224-RLWWD,Silver
9967-ATRFS,Gold
3951-NJCVI,Platinum
2977-CEBSX,Platinum
0177-PXBAT,Platinum
6599-CEBNN,Gold
2519-ERQOJ,Gold
5876-QMYLD,Gold
2277-AXSDC,Gold
9442-JTWDL,Gold
0979-PHULV,Platinum
3067-SVMTC,Platinum
5495-GPSRW,Gold
7606-BPHHN,Gold
4742-DRORA,Platinum
0111-KLBQG,Platinum
4800-VHZKI,Gold
7989-CHGTL,Gold
0334-GDDSO,Silver
4163-NCJAK,Gold
5233-AOZUF,Gold
5973-EJGDP,Platinum
1996-DBMUS,Gold
7916-VCCPB,Gold
4686-GEFRM,Platinum
5249-QYHEX,Gold
0578-SKVMF,Platinum
5564-NEMQO,Silver
2233-FAGXV,Gold
5605-IYGFG,Gold
7663-ZTEGJ,Platinum
3935-TBRZZ,Gold
8111-BKVDS,Gold
2055-SIFSS,Gold
2806-MLNTI,Platinum
8734-DKSTZ,Gold
4360-PNRQB,Gold
6152-ONASV,Platinum
9063-ZGTUY,Gold
7781-HVGMK,Platinum
2181-UAESM,Silver
2957-LOLHO,Gold
6048-NJXHX,Gold
2320-SLKMB,Gold
4980-URKXC,Gold
4376-KFVRS,Platinum
5886-VLQVU,Platinum
3577-AMVUX,Silver
0771-WLCLA,Platinum
5628-RKIFK,Platinum
0206-TBWLC,Platinum
2937-FTHUR,Gold
1910-FMXJM,Gold
7752-XUSCI,Platinum
4110-PFEUZ,Silver
0732-OCQOC,Gold
5168-MSWXT,Silver
1090-ESELR,Platinum
8592-PLTMQ,Gold
5760-WRAHC,Platinum
8847-GEOOQ,Platinum
0256-LTHVJ,Gold
4785-FCIFB,Gold
8313-NDOIA,Platinum
5149-CUZUJ,Platinum
0942-KOWSM,Platinum
4237-CLSMM,Gold
1452-VOQCH,Silver
4719-UMSIY,Gold
6614-VBEGU,Platinum
0880-TKATG,Silver
3811-VBYBZ,Silver
1480-BKXGA,Platinum
2996-XAUVF,Gold
9076-AXYIK,Platinum
5968-XQIVE,Platinum
8896-RAZCR,Gold
4640-UHDOS,Gold
4933-IKULF,Gold
3583-EKAPL,Silver
1304-BCCFO,Gold
4104-PVRPS,Gold
9399-APLBT,Silver
2359-KMGLI,Platinum
3780-DDGSE,Platinum
4431-EDMIQ,Platinum
0306-JAELE,Silver
6227-HWPWX,Gold
0486-LGCCH,Gold
0447-BEMNG,Gold
4612-SSVHJ,Gold
5168-MQQCA,Platinum
5949-XIKAE,Silver
7971-HLVXI,Platinum
9094-AZPHK,Platinum
3649-JPUGY,Platinum
4472-LVYGI,Silver
8372-JUXUI,Silver
3552-CTCYF,Platinum
6778-YSNIH,Silver
0388-EOPEX,Silver
5756-OZRIO,Platinum
6579-JPICP,Gold
8205-OTCHB,Gold
4134-BSXLX,Gold
0505-SPOOW,Gold
6235-VDHOM,Gold
7783-YKGDV,Platinum
4374-YMUSQ,Platinum
4513-CXYIX,Platinum
3957-HHLMR,Platinum
7803-XOCCZ,Platinum
5736-YEJAX,Platinum
5609-CEBID,Platinum
8981-FJGLA,Gold
7218-HKQFK,Silver
4636-QRJKY,Silver
1135-LMECX,Gold
4332-MUOEZ,Platinum
8535-SFUTN,Platinum
5956-VKDTT,Silver
8677-HDZEE,Platinum
2475-MROZF,Platinum
9412-GHEEC,Platinum
3482-ABPKK,Gold
6705-LXORM,Silver
0257-ZESQC,Gold
7531-GQHME,Gold
5174-ITUMV,Platinum
4109-CYRBD,Gold
0913-XWSCN,Platinum
6825-UYPFK,Gold
8397-MVTAZ,Platinum
0750-EBAIU,Platinum
8606-CIQUL,Platinum
3571-DPYUH,Platinum
7601-GNDYK,Gold
0356-OBMAC,Platinum
8067-NIOYM,Gold
1403-GYAFU,Gold
4234-XTNEA,Silver
1297-VQDRP,Platinum
9282-IZGQK,Silver
5348-CAGXB,Platinum
0621-HJWXJ,Platinum
5844-QVTAT,Platinum
8905-IAZPF,Platinum
5394-MEITZ,Platinum
6859-QNXIQ,Platinum
2782-LFZVW,Gold
2866-IKBTM,Gold
1342-JPNKI,Gold
2817-NTQDO,Gold
7129-AZJDE,Gold
6986-IJDHX,Platinum
2560-PPCHE,Platinum
4676-MQUEA,Platinum
8138-EALND,Gold
3580-HYCSP,Platinum
1352-HNSAW,Platinum
2075-PUEPR,Gold
1982-FEBTD,Gold
5301-GAUUY,Platinum
5791-KAJFD,Platinum
2654-VBVPB,Gold
1154-HYWWO,Platinum
2501-XWWTZ,Gold
3716-UVSPD,Silver
6815-ABQFQ,Platinum
7343-EOBEU,Gold
3701-SFMUH,Gold
6103-LIANB,Platinum
7319-VENRZ,Gold
5846-NEQVZ,Platinum
6967-QIQRV,Platinum
5781-RFZRP,Platinum
0939-YAPAF,Platinum
0308-IVGOK,Gold
7293-LSCDV,Gold
7025-WCBNE,Platinum
5756-JYOJT,Gold
4710-FDUIZ,Platinum
6030-REHUX,Platinum
9548-LIGTA,Platinum
5150-LJNSR,Platinum
8270-RKSAP,Gold
6522-YRBXD,Platinum
2640-LYMOV,Gold
1218-VKFPE,Gold
3627-FHKBK,Silver
2865-TCHJW,Silver
1423-BMPBQ,Gold
2393-DIVAI,Gold
5192-EBGOV,Silver
4568-KNYWR,Platinum
8752-IMQOS,Gold
0742-LAFQK,Platinum
0795-LAFGP,Platinum
0619-OLYUR,Platinum
5512-IDZEI,Gold
0459-SPZHJ,Platinum
0215-BQKGS,Platinum
9244-ZVAPM,Silver
0719-SYFRB,Platinum
8208-EUMTE,Platinum
5172-MIGPM,Silver
1710-RCXUS,Platinum
0374-FIUCA,Gold
5839-SUYVZ,Gold
5173-ZXXXL,Gold
1096-ADRUX,Platinum
2001-MCUUW,Platinum
2731-GJRDG,Platinum
4723-BEGSG,Platinum
6516-NKQBO,Platinum
8672-OAUPW,Gold
8207-DMRVL,Platinum
3419-SNJJD,Platinum
6543-CPZMK,Gold
4765-OXPPD,Platinum
2804-ETQDK,Gold
6689-VRRTK,Platinum
7138-GIRSH,Platinum
9396-ZSFLL,Gold
6464-KEXXH,Gold
7134-MJPDY,Platinum
5240-CAOYT,Platinum
4059-IIEBK,Silver
4881-JVQOD,Gold
0516-UXRMT,Platinum
4851-BQDNX,Platinum
5148-HKFIR,Gold
1009-IRMNA,Gold
3003-CMDUU,Platinum
5016-IBERQ,Platinum
6797-UCJHZ,Platinum
2469-DTSGX,Platinum
4554-YGZIH,Platinum
5099-BAILX,Platinum
9931-KGHOA,Gold
1775-KWJKQ,Platinum
7665-VIGUD,Gold
9411-TPQQV,Platinum
7207-RMRDB,Platinum
7954-MLBUN,Platinum
2077-DDHJK,Platinum
4913-EHYUI,Platinum
0195-IESCP,Gold
9574-BOSMD,Gold
4580-TMHJU,Gold
0970-ETWGE,Silver
4908-XAXAY,Platinum
8404-VLQFB,Gold
1626-ERCMM,Platinum
0887-HJGAR,Silver
2391-IPLOP,Platinum
5644-PDMZC,Silver
3509-GWQGF,Gold
9576-ANLXO,Silver
2024-BASKD,Silver
5845-BZZIB,Gold
1140-UKVZG,Gold
4160-AMJTL,Gold
5183-SNMJQ,Platinum
8100-PNJMH,Platinum
7838-LAZFO,Platinum
4464-JCOLN,Gold
2085-JVGAD,Gold
5650-VDUDS,Gold
8095-WANWK,Gold
3030-ZKIWL,Gold
9565-FLVCG,Platinum
8755-OGKNA,Gold
2800-VEQXM,Silver
7538-GWHML,Silver
5533-RJFTJ,Gold
3859-CVCET,Gold
0214-JHPFW,Platinum
5642-MHDQT,Gold
3088-FVYWK,Gold
3276-HDUEG,Silver
9092-GDZKO,Gold
0823-HSCDJ,Gold
3729-OWRVL,Platinum
2324-AALNO,Gold
0822-GAVAP,Gold
5760-IFJOZ,Silver
2826-UWHIS,Platinum
1448-PWKYE,Silver
7501-IWUNG,Platinum
4957-TREIR,Silver
7251-LJBQN,Platinum
8040-MNRTF,Silver
1536-HBSWP,Silver
5313-FPXWG,Gold
0067-DKWBL,Silver
0946-FKYTX,Gold
5076-YVXCM,Platinum
8262-COGGB,Gold
6663-JOCQO,Platinum
9620-QJREV,Gold
2276-YDAVZ,Silver
2682-KEVRP,Gold
2480-JZOSN,Gold
0078-XZMHT,Platinum
5896-NPFWW,Gold
9978-HYCIN,Platinum
8338-QIUNR,Platinum
1525-LNLOJ,Platinum
9450-TRJUU,Platinum
1766-GKNMI,Platinum
6942-LBFDP,Gold
1456-TWCGB,Gold
7133-VBDCG,Platinum
7596-ZYWBB,Platinum
8329-UTMVM,Platinum
3014-WJKSM,Gold
3347-YJZZE,Platinum
1029-QFBEN,Gold
7929-DMBCV,Gold
9661-JALZV,Gold
5433-KYGHE,Platinum
4312-KFRXN,Gold
5575-TPIZQ,Platinum
0114-IGABW,Platinum
9944-AEXBM,Platinum
1853-ARAAQ,Gold
6952-OMNWB,Platinum
4697-LUPSU,Gold
8434-VGEQQ,Gold
4952-YSOGZ,Silver
1589-AGTLK,Gold
5244-IRFIH,Platinum
6549-YMFAW,Gold
4950-HKQTE,Gold
6786-OBWQR,Silver
2684-EIWEO,Platinum
2753-JMMCV,Platinum
6439-GTPCA,Platinum
6621-YOBKI,Gold
1216-JWVUX,Gold
7564-GHCVB,Platinum
1173-NOEYG,Platinum
7595-EHCDL,Gold
6647-ZEDXT,Platinum
2521-NPUZR,Platinum
1307-TVUFB,Platinum
7503-MIOGA,Platinum
4381-MHQDC,Platinum
6923-JHPMP,Silver
5138-WVKYJ,Platinum
4018-PPNDW,Gold
1635-FJFCC,Gold
2499-AJYUA,Platinum
6919-ELBGL,Platinum
3966-HRMZA,Silver
6425-JWTDV,Gold
8405-IGQFX,Platinum
8224-IVVPA,Gold
9477-LGWQI,Platinum
1410-RSCMR,Platinum
3115-CZMZD,Silver
0139-IVFJG,Silver
6683-VLCTZ,Platinum
5730-DBDSI,Gold
0030-FNXPP,Gold
2189-WWOEW,Platinum
5684-FJVYR,Platinum
4013-GUXND,Gold
1894-IGFSG,Platinum
7379-POKDZ,Silver
1266-NZYUI,Platinum
7969-FFOWG,Gold
4718-DHSMV,Gold
5175-WLYXL,Gold
7817-OMJNA,Gold
8728-SKJLR,Gold
3137-NYQQI,Gold
7706-DZNKK,Gold
0236-HFWSV,Platinum
3900-AQPHZ,Gold
5842-POCOP,Silver
2037-XJFUP,Platinum
8823-RLPWL,Platinum
9505-SQFSW,Gold
7314-OXENN,Silver
3758-CKOQL,Platinum
0322-CHQRU,Silver
5676-CFLYY,Platinum
7521-AFHAB,Gold
0285-INHLN,Gold
4678-DVQEO,Silver
5125-CNDSP,Gold
0691-IFBQW,Platinum
4992-LTJNE,Platinum
2202-OUTMO,Platinum
0810-BDHAW,Platinum
0229-LFJAF,Platinum
7131-ZQZNK,Platinum
3442-ZHHCC,Platinum
5726-CVNYA,Gold
9871-ELEYA,Platinum
4257-GAESD,Gold
5173-WXOQV,Silver
2040-OBMLJ,Platinum
6286-ZHAOK,Gold
3807-XHCJH,Gold
3009-JWMPU,Platinum
5671-RQRLP,Platinum
1450-GALXR,Platinum
8859-AXJZP,Gold
3174-AKMAS,Platinum
3138-BKYAV,Silver
9926-PJHDQ,Platinum
7382-DFJTU,Gold
2798-NYLMZ,Platinum
4289-DTDKW,Platinum
1820-TQVEV,Silver
2239-JALAW,Platinum
4853-RULSV,Platinum
8098-TDCBU,Gold
3551-GAEGL,Gold
4785-NKHCX,Gold
3196-NVXLZ,Platinum
6275-YDUVO,Silver
0036-IHMOT,Platinum
0115-TFERT,Platinum
4178-EGMON,Platinum
4220-TINQT,Platinum
5318-YKDPV,Platinum
7975-TZMLR,Platinum
0295-QVKPB,Silver
4335-BSMJS,Gold
2311-QYMUQ,Platinum
3643-AHCFP,Silver
9146-JRIOX,Gold
3104-OWCGK,Platinum
5337-IIWKZ,Gold
9101-BWFSS,Platinum
9650-VBUOG,Gold
3487-EARAT,Platinum
2672-TGEFF,Platinum
9231-ZJYAM,Silver
4250-WAROZ,Platinum
8184-WMOFI,Platinum
6982-SSHFK,Silver
6092-QZVPP,Platinum
4625-LAMOB,Gold
0727-BMPLR,Platinum
0392-BZIUW,Platinum
1038-ZAGBI,Gold
6549-NNDYT,Gold
3027-ZTDHO,Silver
0422-OHQHQ,Gold
6916-HIJSE,Platinum
2316-ESMLS,Gold
9778-OGKQZ,Platinum
7408-OFWXJ,Platinum
6007-TCTST,Platinum
2252-NKNSI,Platinum
8713-IGZSO,Gold
7905-TVXTA,Silver
7695-PKLCZ,Gold
2382-BCKQJ,Platinum
8374-UULRV,Platinum
2207-NHRJK,Silver
3224-DFQNQ,Platinum
5275-PMFUT,Platinum
4795-UXVCJ,Gold
9777-IQHWP,Platinum
0947-MUGVO,Gold
9944-HKVVB,Silver
4124-MMETB,Platinum
3671-SHRSP,Silver
0979-MOZQI,Gold
2732-ISEZX,Gold
3313-QKNKB,Platinum
0323-XWWTN,Gold
1937-OTUKY,Platinum
1573-LGXBA,Platinum
1764-VUUMT,Gold
5073-WXOYN,Gold
4713-ZBURT,Platinum
3050-GBUSH,Gold
0207-MDKNV,Platinum
7876-AEHIG,Platinum
7945-HLKEA,Platinum
9342-VNIMQ,Gold
9851-KIELU,Platinum
3523-BRGUW,Gold
3908-BLSYF,Silver
3199-NPKCN,Platinum
5170-PTRKA,Gold
4661-NJEUX,Gold
2123-AGEEN,Silver
1258-YMZNM,Platinum
0048-LUMLS,Platinum
7549-MYGPK,Platinum
5898-IGSLP,Platinum
3804-RVTGV,Platinum
6259-WJQLC,Platinum
9227-LUNBG,Gold
7997-EASSD,Platinum
0730-KOAVE,Platinum
8975-SKGRX,Platinum
0678-RLHVP,Platinum
4315-MURBD,Platinum
2267-FPIMA,Platinum
1051-GEJLJ,Gold
9734-YWGEX,Platinum
2719-BDAQO,Platinum
5285-MVEHD,Platinum
0379-DJQHR,Platinum
0781-LKXBR,Platinum
5543-QDCRY,Gold
0297-RBCSG,Gold
4694-PHWFW,Gold
0835-JKADZ,Platinum
1907-UBQFC,Gold
7508-SMHXL,Platinum
3865-YIOTT,Platinum
5993-BQHEA,Gold
6024-RUGGH,Gold
6513-EECDB,Silver
3956-CJUST,Gold
4079-WWQQQ,Platinum
6103-BOCOU,Platinum
5149-TGWDZ,Platinum
7471-WNSUF,Gold
8942-DBMHZ,Gold
4301-VVZKA,Gold
9199-PWQVC,Platinum
4824-GUCBY,Platinum
5393-HJZSM,Platinum
7074-IEVOJ,Silver
9625-QSTYE,Gold
0862-PRCBS,Platinum
8812-ZRHFP,Platinum
5146-CBVOE,Gold
0454-OKRCT,Platinum
5787-KXGIY,Gold
4750-ZRXIU,Silver
4198-VFOEA,Gold
6630-UJZMY,Silver
5709-LVOEQ,Silver
6400-BWQKW,Silver
2692-AQCPF,Platinum
0347-UBKUZ,Gold
0835-DUUIQ,Gold
0811-GSDTP,Gold
7567-ECMCM,Gold
6115-ZTBFQ,Platinum
6353-BRMMA,Platinum
6680-WKXRZ,Silver
6231-WFGFH,Gold
9904-EHEVJ,Platinum
7028-DVOIQ,Platinum
6169-PPETC,Gold
4208-UFFGW,Silver
8584-KMVXD,Gold
8467-WYNSR,Gold
0851-DFJKB,Gold
5382-SOYZL,Platinum
9448-REEVD,Silver
3261-CQXOL,Gold
8388-FYNPZ,Gold
4002-BQWPQ,Platinum
5651-YLPRD,Platinum
2826-DXLQO,Gold
4378-BZYFP,Gold
9489-UTFKA,Gold
4849-PYRLQ,Platinum
9117-SHLZX,Silver
9889-TMAHG,Platinum
4541-RMRLG,Gold
7764-BDPEE,Gold
3429-IFLEM,Platinum
3158-MOERK,Silver
7294-TMAOP,Silver
5002-GCQFH,Platinum
0556-FJEGU,Platinum
8919-FYFQZ,Gold
0604-THJFP,Platinum
2834-JRTUA,Platinum
5875-YPQFJ,Silver
5879-SESNB,Gold
6646-QVXLR,Platinum
6461-PPAXN,Gold
3318-ISQFQ,Gold
1106-HRLKZ,Gold
2483-XSSMZ,Gold
8603-IJWDN,Silver
8165-ZJRNM,Gold
9369-XFEHK,Platinum
2604-XVDAM,Gold
3717-OFRTN,Gold
9046-JBFWA,Gold
3280-NMUVX,Gold
1206-EHBDD,Platinum
8361-LBRDI,Gold
4883-KCPZJ,Gold
9108-EQPNQ,Gold
7277-KAMWT,Gold
3842-IYKUE,Platinum
6641-XRPSU,Gold
1374-DMZUI,Silver
2545-LXYVJ,Gold
3234-VKACU,Silver
8357-EQXFO,Silver
1989-PRJHP,Gold
8120-JDCAM,Silver
8917-FAEMR,Gold
7047-YXDMZ,Gold
2858-EIMXH,Platinum
9524-EGPJC,Platinum
6993-OHLXR,Silver
8818-XYFCQ,Platinum
6419-ZTTLE,Gold
0929-HYQEW,Gold
6614-YOLAC,Platinum
7426-RHZGU,Platinum
4065-JJAVA,Silver
4695-VADHF,Gold
3863-IUBJR,Gold
7649-SIJJF,Platinum
9361-YNQWJ,Gold
3748-FVMZZ,Gold
9391-TTOYH,Gold
1452-XRSJV,Gold
3422-WJOYD,Gold
8242-SOQUO,Silver
7460-ITWWP,Platinum
7147-AYBAA,Gold
7868-TMWMZ,Platinum
4822-RVYBB,Platinum
6732-FZUGP,Platinum
8436-BJUMM,Platinum
4184-TJFAN,Silver
8329-GWVPJ,Gold
1352-VHKAJ,Platinum
4145-UQXUQ,Silver
2632-TACXW,Gold
8146-QQKZH,Platinum
1767-CJKBA,Gold
6445-TNRXS,Platinum
4581-LNWUM,Gold
4869-EPIUS,Platinum
9948-YPTDG,Platinum
1236-WFCDV,Platinum
1915-OAKWD,Gold
7296-PIXQY,Gold
4883-QICIH,Gold
3354-OADJP,Gold
3524-WQDSG,Platinum
0810-DHDBD,Platinum
4026-SKKHW,Gold
2829-HYVZP,Gold
8329-IBCTI,Gold
1271-SJBGZ,Gold
3845-JHAMY,Gold
7013-PSXHK,Platinum
5669-SRAIP,Gold
5981-ITEMU,Platinum
3486-NPGST,Gold
6941-PMGEP,Silver
1624-WOIWJ,Gold
2074-GKOWZ,Silver
0376-YMCJC,Platinum
6100-FJZDG,Gold
4829-ZLJTK,Platinum
1730-VFMWO,Gold
7143-BQIBA,Gold
3800-LYTRK,Gold
0634-SZPQA,Platinum
9646-NMHXE,Gold
7030-NJVDP,Platinum
5536-RTPWK,Platinum
8883-GRDWQ,Gold
6166-ILMNY,Silver
3097-NNSPB,Silver
7771-ZONAT,Gold
0655-RBDUG,Silver
2111-DWYHN,Gold
4194-WHFCB,Platinum
4121-AGSIN,Gold
4361-BKAXE,Platinum
9845-PEEKO,Platinum
0455-XFASS,Silver
0301-KOBTQ,Gold
1751-NCDLI,Platinum
4367-NUYAO,Silver
9878-TNQGW,Silver
9170-ARBTB,Gold
4441-NIHPT,Gold
8999-BOHSE,Platinum
7241-AJHFS,Platinum
7029-RPUAV,Platinum
4546-FOKWR,Gold
9036-CSKBW,Platinum
5832-TRLPB,Platinum
8590-YFFQO,Platinum
8659-IOOPU,Platinum
1338-CECEE,Platinum
7439-DKZTW,Silver
4646-QZXTF,Platinum
4607-CHPCA,Platinum
9742-XOKTS,Platinum
6921-OZMFH,Gold
9578-FOMUK,Gold
4712-UYOOI,Gold
8824-RWFXJ,Silver
7722-CVFXN,Platinum
8717-VCTXJ,Gold
7363-QTBIW,Gold
4159-NAAIX,Platinum
0971-QIFJK,Gold
9397-TZSHA,Gold
3391-JSQEW,Gold
0343-QLUZP,Gold
9763-PDTKK,Silver
2176-LVPNX,Platinum
7627-JKIAZ,Platinum
3312-UUMZW,Platinum
1271-UODNO,Gold
8461-EFQYM,Gold
6900-RBKER,Platinum
6891-JPYFF,Platinum
1459-QNFQT,Platinum
1047-NNCBF,Gold
3696-XRIEN,Platinum
4081-DYXAV,Gold
0074-HDKDG,Gold
8791-GFXLZ,Gold
8111-SLLHI,Platinum
0927-LCSMG,Gold
9330-DHBFL,Platinum
0098-BOWSO,Gold
3452-ABWRL,Platinum
5859-HZYLF,Gold
8257-RZAHR,Gold
5293-WXJAK,Platinum
3156-QLHBO,Gold
2208-NQBCT,Platinum
1779-PWPMG,Platinum
6621-NRZAK,Gold
0831-JNISG,Gold
0774-IFUVM,Gold
3082-WQRVY,Gold
9553-DLCLU,Platinum
1641-BYBTK,Gold
2460-NGXBJ,Gold
2446-ZKVAF,Gold
0841-NULXI,Silver
3522-CDKHF,Gold
1430-SFQSA,Gold
0411-EZJZE,Silver
7851-WZEKY,Silver
8844-TONUD,Platinum
8807-ARQET,Gold
8992-CEUEN,Gold
4320-QMLLA,Gold
8777-PVYGU,Platinum
8292-ITGYJ,Gold
6870-ZWMNX,Platinum
0621-CXBKL,Gold
5268-DSMNQ,Platinum
5334-JLAXU,Platinum
4086-YQSNZ,Silver
6242-MBHPK,Platinum
5868-CZJDR,Gold
9359-UGBTK,Platinum
0135-NMXAP,Platinum
4782-OSFXZ,Platinum
6479-OAUSD,Gold
7129-ACFOG,Gold
4189-NAKJS,Gold
5562-BETPV,Gold
1282-IHQAC,Gold
9127-FHJBZ,Platinum
6270-OMFIW,Platinum
1641-RQDAY,Platinum
0107-WESLM,Gold
6994-ORCWG,Gold
1346-UFHAX,Gold
3992-YWPKO,Platinum
2933-XEUJM,Platinum
0125-LZQXK,Platinum
5461-QKNTN,Platinum
4835-YSJMR,Gold
8399-YNDCH,Gold
3164-YAXFY,Platinum
0887-WBJVH,Platinum
4660-IRIBM,Platinum
5673-FSSMF,Silver
7670-ZBPOQ,Platinum
8089-UZWLX,Platinum
0080-OROZO,Platinum
3916-NRPAP,Silver
6807-SIWJI,Platinum
8221-HVAYI,Platinum
1579-KLYDT,Silver
5232-NXPAY,Platinum
8967-SZQAS,Gold
4468-KAZHE,Gold
0455-ENTCR,Platinum
8944-AILEF,Gold
5542-NKVRU,Gold
7126-RBHSD,Gold
5370-IIVVL,Platinum
6789-HJBWG,Gold
3927-NLNRY,Platinum
9087-EYCPR,Gold
6791-YBNAK,Gold
6358-LYNGM,Silver
6077-BDPXA,Silver
0013-MHZWF,Gold
5494-HECPR,Silver
8268-YDIXR,Platinum
9824-BEMCV,Gold
1373-ORVIZ,Gold
4291-SHSBH,Gold
6980-IMXXE,Gold
9866-QEVEE,Platinum
9897-KXHCM,Silver
0040-HALCW,Gold
0784-GTUUK,Gold
7979-CORPM,Platinum
2294-DMMUS,Platinum
0872-JCPIB,Gold
3055-MJDSB,Gold
9091-WTUUY,Platinum
1618-CFHME,Silver
3165-HDOEW,Silver
6581-NQCBA,Gold
7115-IRDHS,Gold
8496-DMZUK,Platinum
2040-VZIKE,Platinum
9068-VPWQQ,Platinum
0178-SZBHO,Platinum
0384-RVBPI,Gold
1689-MRZQR,Gold
1299-AURJA,Gold
4525-VZCZG,Platinum
1543-LLLFT,Platinum
5835-BEQEU,Silver
2788-CJQAQ,Gold
5565-FILXA,Platinum
0319-QZTCO,Silver
2120-SMPEX,Gold
0096-FCPUF,Platinum
0668-OGMHD,Gold
5552-ZNFSJ,Silver
2223-KAGMX,Gold
6507-ZJSUR,Platinum
9408-HRXRK,Platinum
5593-SUAOO,Platinum
7321-PKUYW,Platinum
2833-SLKDQ,Silver
6766-HFKLA,Platinum
7595-EUIVN,Silver
7617-EYGLW,Gold
2026-TGDHM,Silver
9220-ZNKJI,Platinum
4030-VPZBD,Gold
2226-ICFDO,Platinum
0723-VSOBE,Gold
5529-GIBVH,Gold
4187-CINZD,Platinum
9992-UJOEL,Silver
4741-WWJQZ,Silver
6625-UTXEW,Gold
6818-WOBHJ,Platinum
6244-BESBM,Platinum
1004-NOZNR,Platinum
1251-STYSZ,Silver
2612-PHGOX,Platinum
2408-TZMJL,Platinum
8480-PPONV,Platinum
8780-IHCRN,Gold
4598-ZADCK,Platinum
1257-SXUXQ,Gold
9681-KYGYB,Platinum
7182-OVLBJ,Platinum
5095-ETBRJ,Platinum
7005-CYUIL,Platinum
4821-WQOYN,Gold
4730-AWNAU,Platinum
3452-FLHYD,Gold
2388-LAESQ,Platinum
9531-NSBMR,Gold
6260-ONULR,Silver
4389-UEFCZ,Platinum
8711-LOBKY,Gold
9134-CEQMF,Silver
8985-OOPOS,Silver
8800-ZKRFW,Platinum
2616-FLVQC,Gold
9968-FFVVH,Platinum
3108-PCCGG,Platinum
7993-PYKOF,Gold
8390-FESFV,Platinum
3022-BEXHZ,Platinum
5027-XWQHA,Gold
6248-TKCQV,Platinum
6729-GDNGC,Gold
6198-ZFIOJ,Silver
5989-OMNJE,Platinum
4566-QVRRW,Gold
1291-CUOCY,Platinum
9795-SHUHB,Platinum
3230-IUALN,Platinum
0042-RLHYP,Gold
8519-IMDHU,Platinum
4945-RVMTE,Gold
0201-OAMXR,Platinum
1866-NXPSP,Platinum
3372-KWFBM,Platinum
7831-QGOXH,Platinum
6393-WRYZE,Platinum
3941-XTSKM,Gold
1661-CZBAU,Platinum
6599-RCLCJ,Platinum
9831-BPFRI,Platinum
5158-RIVOP,Gold
9788-YTFGE,Gold
9277-JOOMO,Gold
1907-YLNYW,Gold
1725-MIMXW,Gold
8947-YRTDV,Platinum
3161-ONRWK,Platinum
0114-RSRRW,Gold
4565-NLZBV,Gold
0031-PVLZI,Gold
7206-GZCDC,Silver
6682-VCIXC,Gold
4791-QRGMF,Platinum
6475-VHUIZ,Gold
3910-MRQOY,Gold
0661-WCQNQ,Gold
7537-RBWEA,Gold
4656-CAURT,Gold
0121-SNYRK,Gold
1768-ZAIFU,Gold
4671-LXRDQ,Silver
3733-LSYCE,Gold
6265-FRMTQ,Gold
1934-SJVJK,Gold
3838-OZURD,Platinum
1371-DWPAZ,Silver
9269-CQOOL,Silver
2017-CCBLH,Gold
7690-KPNCU,Platinum
0536-BGFMZ,Gold
2293-IJWPS,Platinum
2845-HSJCY,Platinum
5469-NUJUR,Gold
1184-PJVDB,Gold
2625-TRCZQ,Gold
4102-HLENU,Platinum
7266-GSSJX,Gold
7722-VJRQD,Platinum
7073-QETQY,Gold
9415-DPEWS,Platinum
5624-RYAMH,Gold
0196-JTUQI,Gold
7130-YXBRO,Platinum
9272-LSVYH,Gold
7943-RQCHR,Platinum
3793-MMFUH,Platinum
3249-ZPQRG,Silver
2568-BRGYX,Silver
3084-DOWLE,Platinum
1084-MNSMJ,Platinum
7721-JXEAW,Gold
7249-WBIYX,Gold
4238-HFHSN,Platinum
6250-CGGUN,Platinum
5478-JJVZK,Platinum
7596-IIWYC,Gold
6567-HOOPW,Silver
9793-WECQC,Platinum
4291-HPAXL,Gold
8999-YPYBV,Platinum
1839-FBNFR,Gold
3164-AALRN,Silver
3071-MVJCD,Platinum
1697-BCSHV,Platinum
0562-KBDVM,Platinum
1131-SUEKT,Platinum
3717-OEAUQ,Silver
4538-WNTMJ,Gold
3334-CTHOL,Silver
4704-ERYFC,Gold
9432-RUVSL,Platinum
8060-HIWJJ,Platinum
7684-XSZIY,Gold
9089-UOWJG,Gold
8621-MNIHH,Platinum
8039-ACLPL,Platinum
9885-AIBVB,Platinum
1934-MKPXS,Gold
2592-YKDIF,Gold
2272-JKMSI,Platinum
0471-LVHGK,Platinum
9518-RWHZL,Platinum
8714-CTZJW,Silver
3569-EDBPQ,Platinum
3131-NWVFJ,Gold
7521-YXVZY,Gold
5419-CONWX,Silver
6240-EURKS,Gold
2373-NTKOD,Gold
1970-KKFWL,Gold
6960-HVYXR,Silver
9337-SRRNI,Gold
0895-UADGO,Gold
5678-VFNEQ,Platinum
5977-CKHON,Platinum
7024-OHCCK,Silver
2692-BUCFV,Platinum
7861-UVUFT,Gold
1830-GGFNM,Platinum
5302-BDJNT,Platinum
5223-UZAVK,Platinum
4859-ZSRDZ,Platinum
5651-WYIPH,Gold
9350-VLHMB,Platinum
3498-LZGQZ,Gold
8785-CJSHH,Platinum
5357-TZHPP,Silver
3870-SPZSI,Platinum
0680-DFNNY,Platinum
7560-QRBXH,Gold
7077-XJMET,Platinum
8752-GHJFU,Platinum
6896-SRVYQ,Gold
7767-UXAGJ,Silver
4652-ODEVH,Gold
6510-UPNKS,Gold
6718-BDGHG,Platinum
9046-DQMTP,Gold
6439-LAJXL,Platinum
1571-SAVHK,Platinum
9052-VKDUW,Platinum
9546-CQJSU,Silver
1666-JZPZT,Gold
5777-KJIRB,Gold
0506-LVNGN,Silver
7677-SJJJK,Gold
2480-EJWYP,Platinum
3253-HKOKL,Platinum
7055-HNEOJ,Silver
5514-YQENT,Platinum
3211-AAPKX,Platinum
8445-DNBAE,Silver
2951-QOQTK,Silver
2958-NHPPS,Gold
6806-YDEUL,Gold
1735-XMJVH,Gold
6890-PFRQX,Platinum
0222-CNVPT,Gold
5899-OUVKV,Platinum
8681-ICONS,Gold
1621-YNCJH,Platinum
3473-XIIIT,Platinum
6362-QHAFM,Platinum
7893-IXHRQ,Gold
3070-BDOQC,Platinum
2952-QAYZF,Silver
6234-PFPXL,Platinum
9824-QCJPK,Gold
4763-PGDPO,Silver
4283-IVYCI,Gold
1866-OBPNR,Silver
8205-MQUGY,Gold
8970-ANWXO,Platinum
9480-BQJEI,Platinum
5394-SVGJV,Platinum
6979-TNDEU,Gold
9777-WJJPR,Platinum
9283-LZQOH,Gold
7079-QRCBC,Platinum
9495-SKLKD,Platinum
6048-UWKAL,Platinum
5067-DGXLL,Gold
5469-CTCWN,Platinum
9851-QXEEQ,Platinum
6281-FKEWS,Gold
8898-KASCD,Gold
9242-TKFSV,Platinum
9290-SHCMB,Platinum
0743-HNPFG,Platinum
2277-BKJKN,Platinum
9809-IMGCQ,Platinum
5208-HFSBT,Silver
5035-PGZXH,Platinum
8695-WDYEA,Silver
6543-JXSOO,Gold
8016-ZMGMO,Platinum
8605-ITULD,Gold
3254-YRILK,Platinum
6416-YJTTB,Gold
2667-WYLWJ,Gold
4472-VESGY,Platinum
3195-TQDZX,Gold
3128-YOVTD,Platinum
0529-ONKER,Gold
1728-CXQBE,Platinum
7041-TXQJH,Gold
5014-GSOUQ,Gold
5724-BIDBU,Gold
0481-SUMCB,Platinum
1769-GRUIK,Gold
5240-IJOQT,Silver
8819-WFGGJ,Platinum
7427-AUFPY,Gold
2811-POVEX,Platinum
1092-GANHU,Gold
7898-PDWQE,Platinum
9972-EWRJS,Gold
9314-IJWSQ,Gold
0661-XEYAN,Gold
5799-JRCZO,Gold
1921-KYSAY,Platinum
6198-RTPMF,Platinum
2924-KHUVI,Platinum
1925-GMVBW,Gold
7881-EVUAD,Silver
6184-DYUOB,Gold
9207-ZPANB,Platinum
5766-XQXMQ,Platinum
9327-QSDED,Gold
1656-DRSMG,Platinum
3012-VFFMN,Gold
2984-AFWNC,Silver
0640-YJTPY,Gold
8096-LOIST,Gold
9764-REAFF,Gold
3703-VAVCL,Silver
7107-UBYKY,Gold
4881-GQJTW,Gold
8519-QJGJD,Gold
7876-DNYAP,Gold
7905-NJMXS,Platinum
2882-WDTBA,Platinum
2091-GPPIQ,Platinum
6326-MTTXK,Platinum
5071-FBJFS,Gold
2796-UUZZO,Platinum
2429-AYKKO,Gold
9798-OPFEM,Gold
0330-IVZHA,Silver
3794-NFNCH,Gold
5193-QLVZB,Platinum
7114-AEOZE,Gold
2886-KEFUM,Platinum
5522-NYKPB,Platinum
4237-RLAQD,Silver
9957-YODKZ,Silver
6518-KZXCB,Gold
2245-ADZFJ,Platinum
7776-QGYJC,Platinum
9313-QOLTZ,Gold
9651-GTSAQ,Platinum
3186-BAXNB,Silver
4672-FOTSD,Platinum
0637-YLETY,Platinum
9818-XQCUV,Gold
7338-ERIVA,Gold
1157-BQCUW,Silver
8259-NFJTV,Gold
3223-DWFIO,Silver
2660-EMUBI,Platinum
6968-GMKPR,Platinum
4751-ERMAN,Platinum
1436-ZMJAN,Gold
3292-PBZEJ,Platinum
0799-DDIHE,Gold
3070-FNFZQ,Gold
2812-SFXMJ,Gold
7675-OZCZG,Gold
5014-WUQMG,Platinum
5312-TSZVC,Gold
2003-CKLOR,Platinum
0993-OSGPT,Platinum
9254-RBFON,Platinum
1205-WNWPJ,Gold
9391-EOYLI,Gold
7108-DGVUU,Platinum
2782-JEEBU,Gold
5127-BZENZ,Platinum
2720-FVBQP,Gold
9906-NHHVC,Platinum
4522-XRWWI,Platinum
3766-EJLFL,Platinum
5939-SXWHM,Gold
8152-UOBNY,Platinum
7351-KYHQH,Gold
7643-RCHXS,Gold
8246-SHFGA,Gold
8387-MOJJT,Gold
0620-XEFWH,Gold
6485-QXWWE,Gold
2761-OCIAX,Silver
7321-VGNKU,Silver
5327-CNLUQ,Platinum
7552-KEYGT,Gold
5816-JMLGY,Platinum
3068-OMWZA,Silver
2927-QRRQV,Platinum
6032-KRXXO,Platinum
7459-RRWQZ,Gold
6265-SXWBU,Platinum
7941-RCJOW,Gold
6374-NTQLP,Platinum
4154-AQUGT,Platinum
2387-KDZQY,Gold
3584-WKTTW,Platinum
3399-BMLVW,Platinum
1971-DTCZB,Platinum
3092-IGHWF,Platinum
3374-PZLXD,Gold
3813-DHBBB,Platinum
2812-REYAT,Gold
6518-PPLMZ,Gold
4939-KYYPY,Gold
8017-LXHFA,Platinum
5930-GBIWP,Platinum
6022-KOUQO,Gold
6352-TWCAU,Platinum
2361-UPSND,Platinum
6035-RIIOM,Platinum
2929-QNSRW,Platinum
1262-OPMFY,Gold
9504-DSHWM,Gold
5035-BVCXS,Gold
6267-DCFFZ,Platinum
3533-UVMOM,Platinum
2439-LYPMQ,Platinum
4248-QPAVC,Platinum
1899-VXWXM,Platinum
1478-VPOAD,Silver
9995-HOTOH,Platinum
2988-PLAHS,Silver
1371-OJCEK,Gold
4999-IEZLT,Gold
8883-ANODQ,Platinum
4690-LLKUA,Gold
2351-RRBUE,Gold
5980-BDHPY,Platinum
1498-DQNRX,Gold
9469-WEJBT,Platinum
3331-HQDTW,Platinum
9490-DFPMD,Platinum
2581-VKIRT,Platinum
5442-XSDCW,Gold
7426-WEIJX,Platinum
2851-MMUTZ,Gold
3049-NDXFL,Silver
8580-AECUZ,Silver
3307-TLCUD,Gold
6625-FLENO,Gold
2967-MXRAV,Gold
7963-GQRMY,Gold
8189-HBVRW,Platinum
4163-KIUHY,Gold
1228-FZFRV,Platinum
3500-NSDOA,Platinum
1171-TYKUR,Gold
3761-FLYZI,Platinum
2058-DCJBE,Silver
5364-XYIRR,Platinum
4829-AUOAX,Platinum
1219-NNDDO,Gold
8388-DMKAE,Gold
4403-BWPAY,Gold
9659-QEQSY,Platinum
5405-ZMYXQ,Gold
5047-LHVLY,Silver
1442-OKRJE,Platinum
4737-AQCPU,Platinum
9158-VCTQB,Platinum
2808-CHTDM,Gold
6311-UEUME,Gold
0793-TWELN,Silver
3283-WCWXT,Gold
1060-ENTOF,Platinum
0999-QXNSA,Gold
5451-MHQOF,Gold
4836-WNFNO,Gold
9225-BZLNZ,Platinum
0354-VXMJC,Gold
4422-QVIJA,Gold
9365-SRSZE,Gold
6839-ITVZJ,Gold
8332-OSJDW,Gold
4735-BJKOU,Gold
0274-JKUJR,Gold
5740-YHGTW,Platinum
8917-SZTTJ,Gold
1696-MZVAU,Gold
7359-WWYJV,Platinum
0375-HVGXO,Silver
4906-ZHGPK,Platinum
8593-WHYHV,Silver
3795-GWTRD,Platinum
1298-PHBTI,Platinum
6223-DHJGV,Gold
6961-MJKBO,Gold
6097-EQISJ,Platinum
4423-YLHDV,Platinum
8158-WPEZG,Gold
0107-YHINA,Silver
4918-FYJNT,Platinum
0727-BNRLG,Platinum
4854-CIDCF,Silver
8640-SDGKB,Silver
3280-MRDOF,Platinum
6435-SRWBJ,Silver
9964-WBQDJ,Gold
6303-KFWSL,Gold
1702-CCFNJ,Platinum
8932-CZHRQ,Platinum
0386-CWRGM,Gold
5515-RUGKN,Gold
0404-AHASP,Gold
7279-NMVJC,Gold
2081-VEYEH,Silver
6407-UTSLV,Silver
4116-TZAQJ,Gold
9060-HJJRW,Platinum
2587-YNLES,Gold
7398-SKNQZ,Silver
5935-FCCNB,Platinum
1958-RNRKS,Gold
5136-RGMZO,Platinum
8345-MVDYC,Platinum
8226-BXGES,Platinum
3877-JRJIP,Silver
8375-DKEBR,Silver
9705-IOVQQ,Platinum
1015-OWJKI,Gold
7511-YMXVQ,Gold
2040-XBAVJ,Platinum
7551-JOHTI,Gold
8887-IPQNC,Gold
8646-JCOMS,Platinum
9804-ICWBG,Silver
1222-KJNZD,Gold
0106-GHRQR,Platinum
5318-IXUZF,Silver
3768-VHXQO,Gold
8952-WCVCD,Platinum
2418-TPEUN,Gold
3963-RYFNS,Platinum
3198-VELRD,Silver
8540-ZQGEA,Gold
1320-REHCS,Platinum
4137-JOPHL,Platinum
9436-ZBZCT,Platinum
7801-CEDNV,Gold
2057-BOYKM,Platinum
3658-QQJYD,Platinum
1803-BGNBD,Gold
0134-XWXCE,Platinum
6950-TWMYB,Platinum
5848-FHRFC,Gold
2243-FNMMI,Gold
2511-MORQY,Gold
5356-KZCKT,Gold
9470-XCCEM,Platinum
6519-CFDBX,Silver
3902-MIVLE,Platinum
0409-WTMPL,Platinum
8763-KIAFH,Gold
3669-WHAFY,Platinum
3055-VTCGS,Platinum
3144-KMTWZ,Platinum
7279-BUYWN,Platinum
7156-MHUGY,Platinum
7198-GLXTC,Silver
2007-QVGAW,Gold
5207-PLSTK,Silver
2307-FYNNL,Platinum
5605-XNWEN,Gold
2155-AMQRX,Gold
6181-AXXYF,Gold
5091-HFAZW,Silver
0516-VRYBW,Gold
2519-LBNQL,Platinum
8623-ULFNQ,Platinum
8380-PEFPE,Silver
5687-DKDTV,Gold
1568-LJSZU,Platinum
7530-HDYDS,Platinum
7789-HKSBS,Platinum
7416-CKTEP,Gold
2586-CWXVV,Gold
3096-IZETN,Gold
2348-KCJLT,Platinum
8401-EMUWF,Platinum
4193-IBKSW,Gold
5377-NDTOU,Platinum
5922-ABDVO,Platinum
2474-LCNUE,Platinum
0839-QNXME,Gold
3506-OVLKD,Gold
9172-ANCRX,Platinum
6650-VJONK,Silver
2178-PMGCJ,Gold
7492-TAFJD,Gold
2773-MADBQ,Platinum
6016-LVTJQ,Gold
7860-KSUGX,Platinum
8966-KZXXA,Gold
6910-HADCM,Silver
4816-LXZYW,Gold
9606-PBKBQ,Platinum
5149-QYTTU,Platinum
2070-XYMFH,Gold
2085-BOJKI,Platinum
0817-HSUSE,Silver
5442-PPTJY,Gold
1927-QEWMY,Gold
1663-MHLHE,Gold
5663-QBGIS,Platinum
4450-MDZFX,Platinum
6701-DHKWQ,Platinum
7554-AKDQF,Gold
3536-IQCTX,Platinum
4911-BANWH,Platinum
8496-EJAUI,Gold
0794-YVSGE,Gold
5423-BHIXO,Gold
6908-VVYHM,Platinum
2959-EEXWB,Gold
1839-UMACK,Gold
3030-YDNRM,Gold
7321-KKSDU,Gold
3402-XRIUO,Platinum
3132-TVFDZ,Gold
8286-AFUYI,Silver
8080-DDEMJ,Silver
8356-WUAOJ,Silver
6365-MTGZX,Platinum
1349-WXNGG,Gold
8058-DMYRU,Platinum
9350-ZXYJC,Gold
6990-YNRIO,Platinum
8958-JPTRR,Gold
6959-GQEGV,Platinum
3173-WSSUE,Gold
1265-HVPZB,Platinum
4115-UMJFQ,Gold
7369-TRPFD,Gold
1098-KFQEC,Gold
7190-XHTWJ,Gold
0621-TWIEM,Gold
3537-RYBHH,Platinum
2485-ITVKB,Gold
3669-OYSJI,Silver
1612-EOHDH,Silver
6702-OHFWR,Silver
5296-BFCYD,Gold
4510-PYUSH,Gold
9359-JANWS,Platinum
7517-SAWMO,Gold
4143-HHPMK,Platinum
3279-DYZQM,Gold
7054-LGEQW,Silver
0523-VNGTF,Platinum
9575-IWCAZ,Gold
7105-MXJLL,Gold
7064-FRRSW,Platinum
7940-UQQUG,Platinum
0923-PNFUB,Silver
3961-SXAXY,Silver
7010-BRBUU,Gold
3566-HJGPK,Silver
3062-ICYZQ,Platinum
9938-PRCVK,Gold
0973-KYVNF,Platinum
5129-HHMZC,Platinum
9637-CDTKZ,Platinum
3946-JEWRQ,Platinum
7873-CVMAW,Platinum
0463-WZZKO,Gold
3494-JCHRQ,Silver
6474-FVJLC,Silver
4524-QCSSM,Gold
5832-EXGTT,Gold
8840-DQLGN,Platinum
2039-JONDJ,Gold
7217-JYHOQ,Platinum
6695-FRVEC,Platinum
4547-LYTDD,Gold
9894-QMIMJ,Gold
8069-YQQAJ,Gold
6770-XUAGN,Gold
4193-ORFCL,Silver
1636-NTNCO,Gold
3466-WAESX,Platinum
9281-PKKZE,Gold
3638-VBZTA,Platinum
7459-IMVYU,Platinum
7776-QWNFX,Gold
6689-TCZHQ,Silver
8563-OYMQY,Platinum
0754-EEBDC,Gold
5777-ZPQNC,Gold
1951-IEYXM,Platinum
3318-NMQXL,Silver
3143-ILDAL,Platinum
1022-RKXDR,Gold
2361-FJWNO,Gold
2272-UOINI,Platinum
8232-UTFOZ,Gold
3750-YHRYO,Gold
6637-KYRCV,Gold
5668-MEISB,Platinum
0129-QMPDR,Gold
7188-CBBBA,Platinum
5356-CSVSQ,Silver
3221-CJMSG,Gold
4720-VSTSI,Platinum
3219-JQRSL,Platinum
2801-NISEI,Gold
3946-MHCZW,Silver
4623-ZKHLY,Gold
6732-VAILE,Platinum
8201-AAXCB,Gold
7696-CFTAT,Gold
1845-CSBRZ,Platinum
2123-VSCOT,Platinum
6651-AZVTJ,Platinum
4566-GOLUK,Platinum
2484-DGXPZ,Gold
2018-QKYGT,Silver
2792-VPPET,Gold
7409-JURKQ,Platinum
3247-MHJKM,Gold
1964-SVLEA,Gold
4587-NUKOX,Silver
7297-DVYGA,Gold
2239-CGBUZ,Platinum
0854-UYHZD,Gold
7243-LCGGZ,Gold
8267-KFGYD,Gold
4890-VMUAV,Platinum
9261-WDCAF,Silver
3764-MNMOI,Gold
7442-YGZFK,Silver
0420-BWTPW,Gold
8229-BUJHX,Gold
7449-HVPIV,Platinum
5504-WSIUR,Platinum
8183-ONMXC,Silver
8466-PZBLH,Platinum
9614-RMGHA,Platinum
8735-IJJEG,Gold
0564-MUUQK,Platinum
5054-IEXZT,Silver
5834-ASPWA,Silver
0701-RFGFI,Platinum
0019-EFAEP,Platinum
5619-PTMIK,Gold
3737-XBQDD,Platinum
5882-CMAZQ,Gold
5846-QFDFI,Platinum
4445-KWOKW,Platinum
3511-APPBJ,Platinum
7967-HYCDE,Gold
2430-RRYUW,Platinum
3948-XHGNA,Gold
3723-BFBGR,Gold
0565-IYCGT,Platinum
5447-WZAFP,Platinum
5110-CHOPY,Platinum
5445-UTODQ,Silver
4425-OWHWB,Gold
7892-QVYKW,Platinum
9675-ICXCT,Platinum
1024-VRZHF,Gold
4703-MQYKT,Gold
9497-QCMMS,Silver
5692-ICXLW,Platinum
0602-DDUML,Platinum
2208-MPXIO,Gold
1960-UYCNN,Platinum
0348-SDKOL,Platinum
3190-FZATL,Gold
7336-RLLRH,Platinum
4373-MAVJG,Platinum
8901-HJXTF,Gold
7710-JSYOA,Platinum
5419-KLXBN,Platinum
3424-NMNBO,Platinum
9885-MFVSU,Gold
4514-GFCFI,Platinum
0607-MVMGC,Platinum
3365-SAIGS,Platinum
9828-AOQLM,Silver
8022-BECSI,Gold
8000-REIQB,Silver
9993-LHIEB,Platinum
0266-CLZKZ,Platinum
7615-ESMYF,Silver
3858-VOBET,Gold
7020-OZKXZ,Gold
3977-QCRSL,Gold
0017-DINOC,Gold
1447-PJGGA,Platinum
8565-CLBZW,Platinum
9139-WQQDY,Platinum
0224-HJAPT,Gold
8086-OVPWV,Silver
9430-FRQOC,Silver
7639-OPLNG,Platinum
3074-GQWYX,Silver
1492-QGCLU,Platinum
6845-RGTYS,Platinum
7328-OWMOM,Gold
4418-LZMSV,Gold
5155-AZQPB,Gold
8861-HGGKB,Gold
1087-GRUYI,Gold
7065-YUNRY,Silver
7694-VLBWQ,Platinum
2546-KZAAT,Platinum
0181-RITDD,Platinum
5989-PGKJB,Platinum
4795-KTRTH,Silver
8272-ONJLV,Platinum
1488-PBLJN,Platinum
0308-GIQJT,Platinum
3778-FOAQW,Gold
4452-ROHMO,Gold
6481-OGDOO,Platinum
3090-LETTY,Silver
5349-AZPEW,Gold
3753-TSEMP,Platinum
8305-VHZBZ,Gold
9720-JJJOR,Platinum
8100-HZZLJ,Platinum
8775-ERLNB,Silver
8309-IEYJD,Silver
9172-JITSM,Platinum
6298-QDFNH,Gold
7398-HPYZQ,Platinum
3546-GHEAE,Gold
7361-YPXFS,Platinum
6557-BZXLQ,Gold
2550-QHZGP,Gold
7519-JTWQH,Platinum
2538-OIMXF,Gold
8543-MSDMF,Silver
9961-JBNMK,Platinum
1170-SASML,Platinum
4872-JCVCA,Platinum
5346-BZCHP,Gold
2038-LLMLM,Platinum
6173-ITPWD,Platinum
9734-UYXQI,Silver
1216-BGTSP,Platinum
4138-NAXED,Platinum
2189-UXTKY,Platinum
0744-BIKKF,Platinum
7483-IQWIB,Platinum
5248-KWLAR,Platinum
4958-GZWIY,Gold
7996-MHXLW,Gold
7833-PKIHD,Platinum
7061-OVMIM,Gold
5153-RTHKF,Platinum
1852-QSWCD,Gold
4832-VRBMR,Platinum
9079-LWTFD,Platinum
6356-ELRKD,Silver
8624-GIOUT,Platinum
3392-EHMNK,Platinum
5986-WWXDV,Gold
3061-BCKYI,Gold
6179-GJPSO,Platinum
7901-TBKJX,Platinum
7228-PAQPD,Gold
3177-LASXD,Silver
7746-QYVCO,Gold
5804-HYIEZ,Platinum
9919-FZDED,Platinum
5934-TSSAU,Gold
3486-KHMLI,Gold
4897-QSUYC,Gold
1084-UQCHV,Silver
8290-YWKHZ,Platinum
2955-BJZHG,Gold
3806-DXQOM,Gold
6784-XYJAE,Gold
3933-DQPWX,Gold
6661-EIPZC,Gold
8957-THMOA,Gold
2251-PYLPB,Platinum
5555-RNPGT,Gold
1057-FOGLZ,Gold
9300-RENDD,Silver
0761-AETCS,Gold
8087-LGYHQ,Platinum
4137-BTIKL,Silver
2190-BCXEC,Platinum
6227-FBDXH,Platinum
2153-MREFK,Platinum
2911-WDXMV,Gold
7206-PQBBZ,Gold
3106-ULWFW,Silver
0925-VYDLG,Silver
4547-FZJWE,Platinum
7422-WNBTY,Platinum
0842-IWYCP,Gold
3521-HTQTV,Gold
3744-ZBHON,Gold
3373-DIUUN,Gold
8383-SGHJU,Platinum
7607-QKKTJ,Platinum
7707-PYBBH,Platinum
8984-HPEMB,Platinum
4349-GFQHK,Silver
4139-DETXS,Platinum
9779-DPNEJ,Gold
9805-FILKB,Gold
5793-YOLJN,Gold
0673-IGUQO,Gold
4123-FCVCB,Platinum
8819-IMISP,Platinum
7802-EFKNY,Gold
8311-UEUAB,Platinum
5858-EAFCZ,Silver
8035-BUYVG,Gold
1163-ONYEY,Platinum
9787-XVQIU,Silver
8945-MUQUF,Platinum
5656-MJEFC,Gold
6082-OQFBA,Gold
8051-HJRLT,Silver
8974-OVACP,Gold
4010-YLMVT,Platinum
1379-FRVEB,Platinum
8612-GXIDD,Gold
6288-CHQJB,Platinum
8160-HOWOX,Gold
3023-GFLBR,Platinum
6648-INWPS,Gold
4223-BKEOR,Gold
4079-VTGLK,Platinum
1763-WQFUK,Gold
1391-UBDAR,Gold
8894-JVDCV,Platinum
2023-VQFDL,Gold
1345-GKDZZ,Gold
2014-MKGMH,Platinum
5628-FCGYG,Platinum
2560-WBWXF,Gold
0248-IPDFW,Silver
7978-DKUQH,Gold
4335-UPJSI,Gold
0524-IAVZO,Platinum
2737-YNGYW,Silver
1784-EZDKJ,Platinum
9297-FVVDH,Platinum
8007-YYPWD,Gold
7101-HRBLJ,Platinum
5159-YFPKQ,Silver
6635-CPNUN,Platinum
4021-RQSNY,Platinum
5453-YBTWV,Platinum
5039-LZRQT,Gold
2931-VUVJN,Platinum
9061-TIHDA,Platinum
8699-ASUFO,Gold
6418-PIQSP,Platinum
8220-OCUFY,Gold
3995-WFCSM,Silver
1895-QTKDO,Silver
2038-OEQZH,Silver
1178-PZGAB,Gold
7927-AUXBZ,Platinum
2626-VEEWG,Gold
2878-RMWXY,Platinum
1657-DYMBM,Gold
7311-MQJCH,Gold
7375-WMVMT,Platinum
1136-XGEQU,Platinum
2530-FMFXO,Platinum
6844-DZKRF,Silver
4695-WJZUE,Silver
7619-ODSGN,Gold
5970-GHJAW,Gold
8879-XUAHX,Platinum
3689-MOZGR,Gold
4195-PNGZS,Gold
5003-XZWWO,Platinum
3988-RQIXO,Silver
7622-FWGEW,Platinum
6922-NCEDI,Gold
2514-GINMM,Silver
9891-NQDBD,Gold
6131-IUNXN,Gold
8548-AWOFC,Platinum
9798-DRYDS,Gold
8532-UEFWH,Gold
6296-DDOOR,Gold
7951-VRDVK,Platinum
5931-FLJJF,Gold
4815-YOSUK,Platinum
2659-VXMWZ,Platinum
0380-NEAVX,Platinum
3207-OYBWH,Platinum
4285-GYRQC,Silver
7216-EWTRS,Silver
4365-MSDYN,Gold
7036-TYDEC,Platinum
5802-ADBRC,Platinum
8076-FEZKJ,Gold
5197-YPYBZ,Gold
8337-MSSXB,Platinum
4312-GVYNH,Platinum
8495-LJDFO,Platinum
0839-JTCUD,Platinum
5494-WOZRZ,Platinum
1302-UHBDD,Platinum
2234-EOFPT,Platinum
8619-IJNDK,Platinum
8378-LKJAF,Platinum
8182-BJDSI,Platinum
2528-HFYZX,Gold
1153-GNOLC,Gold
3298-QEICA,Gold
0788-DXBFY,Gold
3597-YASZG,Platinum
3496-LFSZU,Silver
5242-UOWHD,Gold
2482-CZGBB,Gold
6479-SZPLM,Gold
8097-VBQTZ,Platinum
4500-HKANN,Gold
9917-KWRBE,Platinum
3420-ZDBMA,Silver
2212-LYASK,Gold
1393-IMKZG,Silver
8069-RHUXK,Gold
3398-GCPMU,Platinum
2908-WGAXL,Gold
3378-AJRAO,Gold
1013-QCWAM,Platinum
0866-QLSIR,Platinum
6050-FFXES,Platinum
7181-BQYBV,Silver
0362-RAOQO,Gold
9554-DFKIC,Gold
5527-ACHSO,Gold
0829-DDVLK,Gold
1399-UBQIU,Gold
1813-JLKWR,Gold
0336-PIKEI,Platinum
7322-OCWHC,Platinum
9537-VHDTA,Silver
4957-TIALW,Platinum
2054-PJOCK,Platinum
9150-HEPMB,Gold
9030-QGZNL,Gold
6204-IEUXJ,Silver
3126-WQMGH,Gold
4529-CKBCL,Silver
2506-CLAKW,Platinum
7176-WRTNX,Platinum
1583-IHQZE,Platinum
5732-IKGQH,Platinum
9239-GZHZE,Platinum
7205-BAIAD,Gold
0151-ONTOV,Silver
4140-MUHUG,Silver
0093-EXYQL,Platinum
8064-RAVOH,Silver
0219-QAERP,Gold
0320-JDNQG,Platinum
7180-PISOG,Silver
9168-INPSZ,Platinum
3571-RFHAR,Platinum
0015-UOCOJ,Gold
5334-AFQJB,Gold
2754-SDJRD,Platinum
9578-VRMNM,Gold
1587-FKLZB,Platinum
6140-QNRQQ,Silver
8963-JLGJT,Silver
4307-KTUMW,Platinum
1465-LNTLJ,Gold
5440-FLBQG,Platinum
2135-DQWAQ,Silver
4056-QHXHZ,Platinum
7470-MCQTK,Gold
7488-MXJIV,Silver
7401-JIXNM,Platinum
9339-FIIJL,Platinum
2027-FECZV,Platinum
2672-DZUOY,Gold
4706-DGAHW,Silver
3870-MQAMG,Platinum
6670-MFRPK,Platinum
6177-PEVRA,Gold
4800-CZMPC,Platinum
4813-HQMGZ,Silver
7579-KKLOE,Platinum
7377-DMMRI,Silver
8402-EIVQS,Platinum
4947-DSMXK,Platinum
7245-NIIWQ,Silver
0002-ORFBO,Gold
3324-OIRTO,Platinum
5414-OFQCB,Platinum
4967-WPNCF,Platinum
8552-OBVRU,Platinum
8499-BRXTD,Gold
9154-QDGTH,Platinum
8197-BFWVU,Platinum
2577-GVSIL,Platinum
9367-OIUXP,Gold
6770-UAYGJ,Gold
6463-HHXJR,Platinum
7928-VJYAB,Platinum
1187-WILMM,Platinum
9776-OJUZI,Platinum
1306-RPWXZ,Gold
8949-JTMAY,Platinum
2774-LVQUS,Platinum
3097-PYWXL,Gold
2266-SJNAT,Platinum
0869-PAPRP,Platinum
4238-JSSWH,Platinum
2972-YDYUW,Platinum
1104-FEJAM,Platinum
2809-ILCYT,Gold
5499-ECUTN,Platinum
4981-FLTMF,Platinum
9121-PHQSR,Platinum
3113-IWHLC,Gold
3211-ILJTT,Gold
4612-THJBS,Platinum
4277-BWBML,Gold
4094-NSEDU,Platinum
0234-TEVTT,Gold
4304-TSPVK,Platinum
1552-AAGRX,Platinum
2637-FKFSY,Gold
9796-MVYXX,Gold
7874-ECPQJ,Gold
0020-INWCK,Platinum
7089-RKVSZ,Gold
2683-JXWQQ,Gold
9548-ZMVTX,Platinum
8739-XNIKG,Silver
9755-JHNMN,Platinum
3981-QSVQI,Gold
2789-HQBOU,Silver
9424-CMPOG,Gold
5067-WJEUN,Platinum
3450-WXOAT,Gold
9251-WNSOD,Platinum
6974-DAFLI,Gold
2616-UUTFK,Platinum
7064-JHXCE,Gold
5103-MHMHY,Silver
7989-AWGEH,Gold
4373-VVHQL,Silver
4559-UWIHT,Platinum
7268-IGMFD,Platinum
1846-XWOQN,Silver
0235-KGSLC,Silver
6650-BWFRT,Platinum
9570-KYEUA,Platinum
6993-YGFJV,Platinum
2712-SYWAY,Gold
0730-BGQGF,Platinum
5498-IBWPI,Gold
9101-NTIXF,Gold
0013-SMEOE,Platinum
9314-QDMDW,Gold
9308-ANMVE,Gold
2884-GBPFB,Gold
3757-NJYBX,Platinum
3413-DHLPB,Platinum
7649-PHJVR,Gold
6114-TCFID,Gold
3787-TRIAL,Gold
2573-GYRUU,Platinum
5156-UMKOW,Gold
1247-QBVSH,Gold
6734-GMPVK,Silver
9822-OAOVB,Silver
6161-ERDGD,Platinum
1226-JZNKR,Gold
7318-EIVKO,Gold
3771-PZOBW,Platinum
5136-KCKGI,Platinum
8231-BSWXX,Platinum
6486-LHTMA,Platinum
4083-BFNYK,Platinum
3722-WPXTK,Silver
7389-KBFIT,Gold
7176-WIONM,Gold
5141-ZUVBH,Platinum
1089-HDMKP,Gold
7623-HKYRK,Gold
0310-SUCIN,Platinum
5197-PYEPU,Platinum
2929-ERCFZ,Silver
7548-SEPYI,Silver
8835-VSDSE,Silver
6619-RPLQZ,Gold
3275-RHRNE,Platinum
3503-TYDAY,Platinum
6901-GOGZG,Platinum
1623-NLDOT,Gold
7021-XSNYE,Gold
9621-OUPYD,Gold
9898-KZQDZ,Platinum
8982-NHAVY,Platinum
4307-KWMXE,Gold
0141-YEAYS,Platinum
2450-ZKEED,Gold
3694-DELSO,Gold
3893-JRNFS,Gold
9603-OAIHC,Silver
1133-KXCGE,Gold
5236-PERKL,Platinum
0142-GVYSN,Gold
1049-FYSYG,Gold
7854-FOKSF,Silver
2519-FAKOD,Platinum
8406-LNMHF,Platinum
1821-BUCWY,Gold
8263-JQAIK,Gold
0023-UYUPN,Gold
8314-DPQHL,Gold
1465-WCZVT,Gold
9481-SFCQY,Gold
6360-SVNWV,Gold
0567-GGCAC,Gold
7089-IVVAZ,Platinum
8884-MRNSU,Gold
2171-UDMFD,Gold
9050-IKDZA,Silver
2205-YMZZJ,Silver
9802-CAQUT,Platinum
1254-IZEYF,Platinum
0187-WZNAB,Gold
9492-TOKRI,Platinum
1475-VWVDO,Gold
9221-OTIVJ,Platinum
1357-MVDOZ,Gold
7602-MVRMB,Platinum
3325-FUYCG,Platinum
5908-QMGOE,Gold
1197-BVMVG,Silver
5406-KGRMX,Gold
8481-YYXWG,Silver
5968-HYJRZ,Gold
5198-EFNBM,Platinum
7516-GMHUV,Platinum
7140-ADSMJ,Gold
2230-XTUWL,Gold
7706-YLMQA,Gold
2585-KTFRE,Silver
7994-UYIVZ,Silver
2609-IAICY,Silver
1740-CSDJP,Silver
7717-BICXI,Gold
6559-RAKOZ,Platinum
2636-OHFMN,Gold
4716-MRVEN,Gold
2143-LJULT,Gold
1323-OOEPC,Platinum
3200-MNQTF,Platinum
6164-HXUGH,Gold
5630-IXDXV,Platinum
0320-DWVTU,Platinum
9135-MGVPY,Platinum
1212-GLHMD,Silver
7878-JGDKK,Gold
1088-AUUZZ,Platinum
0397-GZBBC,Platinum
6614-YWYSC,Gold
9588-OZDMQ,Silver
7641-EUYET,Platinum
6476-EPYZR,Gold
9921-ZVRHG,Gold
1174-FGIFN,Platinum
6620-HVDUJ,Gold
4701-MLJPN,Gold
1032-MAELW,Platinum
7641-TQFHN,Platinum
1552-TKMXS,Gold
9206-GVPEQ,Gold
8622-ZLFKO,Silver
1596-BBVTG,Gold
6188-UXBBR,Gold
2333-KWEWW,Gold
5702-SKUOB,Gold
1134-YWTYF,Gold
6061-GWWAV,Platinum
0679-TDGAK,Platinum
6585-WCEWR,Gold
9067-YGSCA,Gold
9067-SQTNS,Gold
8433-WXGNA,Silver
1776-SPBWV,Gold
8735-SDUFN,Gold
9668-PUGNU,Gold
9405-GPBBG,Platinum
1926-QUZNN,Gold
3707-GNWHM,Silver
7016-NVRIC,Platinum
5829-NVSQN,Platinum
9565-AXSMR,Gold
8922-LIEGH,Platinum
8869-LIHMK,Platinum
8245-UMPYT,Platinum
5186-SAMNZ,Silver
0447-RXSGD,Platinum
4927-WWOOZ,Silver
5788-YPOEG,Platinum
5373-SFODM,Platinum
0661-KBKPA,Platinum
9081-WWXKP,Gold
0784-ZQJZX,Gold
3133-PZNSR,Platinum
5766-ZJYBB,Gold
8931-GJJIQ,Gold
4277-PVRAN,Gold
0022-TCJCI,Platinum
0722-SVSFK,Silver
3612-YVGSJ,Gold
9825-YCXWZ,Platinum
5397-NSKQG,Platinum
8565-HBFNN,Platinum
2000-DHJUY,Platinum
0203-HHYIJ,Gold
8670-ERCJH,Platinum
7758-UJWYS,Gold
2050-ONYDQ,Gold
7055-JCGNI,Platinum
0739-UUAJR,Platinum
4826-DXMUP,Platinum
0952-KMEEH,Platinum
7285-KLOTR,Platinum
0654-PQKDW,Platinum
7175-NTIXE,Platinum
7963-SHNDT,Gold
9796-BPKIW,Gold
0188-GWFLE,Gold
8129-GMVGI,Gold
2882-DDZPG,Gold
3547-LQRIK,Gold
9137-NOQKA,Gold
5843-TTHGI,Gold
1849-RJYIG,Gold
8868-GAGIO,Platinum
4061-UKJWL,Gold
5380-XPJNZ,Gold
8263-QMNTJ,Platinum
8178-EYZUO,Platinum
3230-JCNZS,Platinum
0277-ORXQS,Gold
5130-IEKQT,Platinum
3230-WYKIR,Platinum
7996-BPXHY,Gold
3227-WLKLI,Platinum
0407-BDJKB,Platinum
2266-FUBDZ,Gold
8237-ULIXL,Gold
9600-UDOPK,Platinum
8216-AZUUZ,Platinum
9153-BTBVV,Gold
4074-SJFFA,Silver
3269-ATYWD,Platinum
5186-PEIZU,Gold
1074-AMIOH,Platinum
4910-GMJOT,Silver
0354-WYROK,Platinum
4361-FEBGN,Gold
7748-UMTRK,Platinum
0380-ZCSBI,Gold
7145-FEJWU,Platinum
6463-MVYRY,Platinum
3969-JQABI,Platinum
9624-EGDEQ,Gold
1051-EQPZR,Gold
5849-ASHZJ,Gold
5780-INQIK,Gold
7576-OYWBN,Silver
4526-ZJJTM,Platinum
8384-FZBJK,Platinum
3750-RNQKR,Gold
0962-CQPWQ,Gold
3096-YXENJ,Platinum
1265-BCFEO,Platinum
5837-LXSDN,Gold
5945-AZYHT,Platinum
8325-QRPZR,Gold
6384-VMJHP,Platinum
2262-SLNVK,Silver
7730-CLDSV,Platinum
1135-HIORI,Platinum
0164-APGRB,Platinum
6481-ESCNL,Platinum
1790-NESIO,Gold
1550-EENBN,Platinum
5539-TMZLF,Silver
4323-SADQS,Gold
4446-BZKHU,Platinum
5202-IVJNU,Gold
5976-JCJRH,Gold
8198-RKSZG,Platinum
0137-OCGAB,Silver
3351-NQLDI,Platinum
9297-EONCV,Platinum
7593-JNWRU,Gold
4588-YBNIB,Gold
1069-QJOEE,Gold
3336-JORSO,Platinum
7799-DSEWS,Platinum
8766-PAFNE,Platinum
5315-CKEQK,Gold
3130-ICDUP,Silver
0820-FNRNX,Platinum
0880-FVFWF,Platinum
4611-ANLQC,Platinum
4213-HKBJO,Gold
2792-LSHWX,Silver
5028-GZLDO,Silver
0014-BMAQU,Platinum
6861-XWTWQ,Silver
9018-PCIOK,Platinum
4837-QUSFT,Platinum
6877-TJMBR,Silver
9953-ZMKSM,Gold
0907-HQNTS,Platinum
7665-NKLAV,Gold
6769-DCQLI,Platinum
2433-KMEAS,Gold
4391-LNRXK,Platinum
8250-ZNGGW,Gold
2195-ZRVAX,Platinum
3550-SAHFP,Platinum
2011-TRQYE,Gold
8562-GHPPI,Gold
5893-PYOLZ,Platinum
4986-MXSFP,Gold
6131-FOYAS,Platinum
3027-YNWZU,Gold
5609-IMCGG,Platinum
4873-ILOLJ,Platinum
4727-MCYZG,Silver
9481-WHGWY,Platinum
2725-KXXWT,Silver
9565-DJPIB,Silver
4328-VUFWD,Gold
3301-LSLWQ,Platinum
7473-ZBDSN,Gold
3166-PNEOF,Platinum
5639-NTUPK,Gold
8780-YRMTT,Platinum
8348-HFYIV,Silver
5140-FOMCQ,Platinum
6242-SGYTS,Platinum
8166-ORCHU,Platinum
8414-OOEEL,Platinum
8454-AATJP,Platinum
6849-WLEYG,Gold
4659-NZRUF,Platinum
4531-AUZNK,Platinum
4191-XOVOM,Platinum
2150-OEGBV,Gold
8429-XIBUM,Platinum
1855-CFULU,Gold
4878-BUNFV,Gold
1872-EBWSC,Gold
2608-BHKFN,Silver
7026-YMSBE,Gold
7341-LXCAF,Silver
6997-UVGOX,Platinum
9674-EHPPG,Gold
9462-MJUAW,Gold
8128-YVJRG,Silver
5440-VHLUL,Platinum
5781-BKHOP,Platinum
4283-FUTGF,Gold
5213-TWWJU,Platinum
1569-TTNYJ,Silver
8628-MFKAX,Platinum
2397-BRLOM,Gold
7629-WIXZF,Gold
5445-GLVOT,Gold
3976-HXHCE,Gold
2466-NEJOJ,Gold
0254-KCJGT,Platinum
5472-CVMDX,Gold
6461-SZMCV,Platinum
8150-QUDFX,Gold
9508-ILZDG,Platinum
2346-DJQTB,Gold
1697-LYYYX,Gold
1942-OQFRW,Silver
4749-VFKVB,Silver
9640-ZSLDC,Platinum
4231-LZUYM,Gold
7598-UAASY,Silver
7938-OUHIO,Silver
8510-AWCXC,Platinum
6128-AQBMT,Platinum
3594-BDSOA,Gold
0431-APWVY,Platinum
5133-VRSAB,Gold
5996-DAOQL,Gold
6838-YAUVY,Platinum
0484-JPBRU,Gold
7883-ROJOC,Gold
0244-LGNFY,Platinum
7274-CGTOD,Platinum
4295-YURET,Platinum
3426-NIYYL,Gold
8225-BTJAU,Gold
4635-EJYPD,Gold
1866-ZSLJM,Gold
4636-TVXVG,Gold
4236-UJPWO,Gold
9392-XBGTD,Gold
3387-VATUS,Silver
6402-SSEJG,Platinum
1143-NMNQJ,Silver
1169-SAOCL,Platinum
1110-KYLGQ,Platinum
9929-PLVPA,Gold
3518-PZXZQ,Silver
2371-JUNGC,Gold
7693-QPEFS,Gold
0924-BJCRC,Platinum
5074-FBGHB,Platinum
2351-BKRZW,Platinum
4455-BFSPD,Platinum
0415-MOSGF,Silver
1724-BQUHA,Silver
3948-KXDUF,Platinum
2323-ARSVR,Platinum
0815-MFZGM,Platinum
4826-XTSOH,Silver
5480-XTFFL,Gold
8295-FHIVV,Gold
2495-INZWQ,Gold
9086-YJYXS,Platinum
1179-INLAT,Gold
7909-FIOIY,Gold
4139-SUGLD,Gold
6857-VWJDT,Silver
6351-SCJKT,Gold
5468-BPMMO,Gold
5624-BQSSA,Gold
0197-PNKNK,Platinum
2439-QKJUL,Gold
1194-SPVSP,Gold
9534-NSXEM,Gold
2408-WITXK,Gold
8929-KSWIH,Platinum
2250-IVBWA,Platinum
1810-MVMAI,Platinum
9506-UXUSK,Gold
1229-RCALF,Platinum
3572-UOLYZ,Platinum
1429-UYJSV,Gold
5577-OTWWW,Gold
6100-QQHEB,Platinum
6366-XIVKZ,Gold
3470-OBUET,Platinum
2770-NSVDG,Gold
9375-MHRRS,Gold
2634-HCZGT,Platinum
7503-QQRVF,Gold
4860-YZGZM,Gold
6599-GZWCM,Gold
2691-NZETQ,Silver
4404-HIBDJ,Platinum
5533-NHFRF,Gold
7037-MTYVW,Platinum
4760-THGOT,Platinum
7295-JOMMD,Silver
4016-BJKTZ,Platinum
6584-VQMYT,Gold
9838-BFCQT,Gold
2790-XUYMV,Platinum
0581-MDMPW,Platinum
5013-SBUIH,Platinum
1023-BQXZE,Platinum
9163-GHAYE,Gold
3904-UKFRE,Silver
5353-WILCI,Gold
0709-TVGUR,Gold
0058-EVZWM,Platinum
6023-YEBUP,Silver
7209-JCUDS,Platinum
7009-PCARS,Gold
0519-DRGTI,Gold
1017-FBQMM,Platinum
3001-CBHLQ,Platinum
1985-MBRYP,Gold
6158-DWPZT,Gold
9372-TXXPS,Platinum
3259-QMXUN,Platinum
1015-JPFYW,Gold
6645-MXQJT,Silver
4360-QRAVE,Gold
8433-WPJTV,Platinum
5804-JMYIO,Gold
3763-GCZHZ,Platinum
6484-LATFU,Gold
7599-NTMDP,Platinum
0772-GYEQQ,Silver
0536-ACXIP,Platinum
0936-NQLJU,Gold
4831-EOBFE,Platinum
1575-KRZZE,Gold
3251-YMVWZ,Gold
4102-OQUPX,Silver
9170-GYZJC,Platinum
4884-LEVMQ,Gold
8857-CUPFQ,Gold
7610-TVOPG,Gold
3638-DIMPH,Gold
1845-ZLLIG,Silver
8559-WNQZS,Gold
3999-QGRJH,Gold
1699-UOTXU,Platinum
2454-RPBRZ,Platinum
0635-WKOLD,Platinum
5993-JSUWV,Platinum
4518-FZBSX,Gold
5387-ASZNZ,Platinum
6988-CJEYV,Platinum
2002-MZHWP,Gold
3097-FQTVJ,Gold
5465-BUBFA,Gold
7299-GNVPL,Platinum
9743-DQKQW,Gold
1215-VFYVK,Gold
9371-BITHB,Gold
2265-CYWIV,Silver
9093-FPDLG,Platinum
0541-FITGH,Silver
6985-HAYWX,Platinum
7508-KBIMB,Gold
6838-HVLXG,Gold
2277-DJJDL,Platinum
1897-OKVMW,Platinum
5485-ITNPC,Platinum
0233-FTHAV,Platinum
4644-PIZRT,Platinum
8922-NPKBJ,Gold
2740-TVLFN,Silver
7771-CFQRQ,Platinum
9512-PHSMG,Gold
6963-EZQEE,Platinum
2452-KDRRH,Platinum
2004-OCQXK,Silver
5027-QPKTE,Gold
4146-SVFUD,Silver
1564-HJUVY,Silver
3617-XLSGQ,Platinum
7517-LDMPS,Gold
7244-KXYZN,Gold
5226-NOZFC,Platinum
2672-HUYVI,Silver
1400-WIVLL,Platinum
7508-MYBOG,Platinum
8148-NLEGT,Gold
0148-DCDOS,Platinum
8347-GDTMP,Gold
9992-RRAMN,Platinum
6746-WAUWT,Gold
0310-MVLET,Platinum
0428-IKYCP,Platinum
4550-VBOFE,Platinum
2187-PKZAY,Gold
4003-OCTMP,Platinum
6652-YFFJO,Gold
7225-IILWY,Gold
5248-RPYWW,Platinum
7923-IYJWY,Platinum
3170-GWYKC,Platinum
5696-QURRL,Silver
7409-KIUTL,Silver
9830-ECLEN,Platinum
1732-VHUBQ,Gold
0495-RVCBF,Silver
2668-TZSPS,Gold
7854-EDSSA,Gold
8869-TORSS,Platinum
7446-SFAOA,Gold
9522-ZSINC,Gold
8234-GSZYK,Gold
6505-OZNPG,Platinum
6164-HAQTX,Platinum
0679-IDSTG,Silver
7765-LWVVH,Platinum
1658-TJVOA,Silver
0953-LGOVU,Gold
2115-BFTIW,Gold
4692-NNQRU,Gold
7742-MYPGI,Gold
0611-DFXKO,Platinum
7780-OTDSO,Platinum
9619-GSATL,Gold
5622-UEJFI,Gold
9747-DDZOS,Silver
0674-DGMAQ,Platinum
6203-HBZPA,Platinum
0484-FFVBJ,Gold
0301-FIDRB,Platinum
4139-JPIAM,Gold
2181-TIDSV,Gold
2761-XECQW,Gold
1936-CZAKF,Gold
9453-PATOS,Platinum
0564-JJHGS,Platinum
3348-CFRNX,Platinum
4402-FTBXC,Platinum
1428-GTBJJ,Gold
2931-XIQBR,Platinum
0106-UGRDO,Platinum
5542-TBBWB,Silver
1930-QPBVZ,Platinum
2606-PKWJB,Gold
5322-ZSMZY,Gold
8059-UDZFY,Platinum
7740-BTPUX,Platinum
5220-AGAAX,Gold
0208-BPQEJ,Gold
9435-JMLSX,Platinum
3352-ALMCK,Platinum
5312-IRCFR,Platinum
5294-IMHHT,Platinum
8802-UNOJF,Platinum
6313-GIDIT,Platinum
6176-YJWAS,Platinum
5310-NOOVA,Gold
4526-EXKKN,Gold
5311-IHLEI,Gold
3987-KQDDU,Gold
3404-JNXAX,Platinum
5131-PONJI,Platinum
2845-AFFTX,Platinum
3489-VSFRD,Platinum
3345-JHUEO,Gold
5815-HGGHV,Gold
5260-UMPWX,Gold
2249-YPRNG,Platinum
7410-YTJIK,Gold
4626-GYCZP,Silver
5649-RXQTV,Platinum
2674-MIAHT,Silver
2576-HXMPA,Gold
7587-AOVVU,Platinum
5590-BYNII,Platinum
6898-MDLZW,Gold
3237-AJGEH,Gold
4707-YNOQA,Gold
9357-UJRUN,Gold
1591-NFNLQ,Platinum
8648-PFRMP,Gold
7663-CUXZB,Platinum
0258-NOKBL,Silver
1163-VIPRI,Platinum
2815-CPTUL,Silver
9348-ROUAI,Platinum
9443-JUBUO,Platinum
0596-BQCEQ,Platinum
1481-ZUWZA,Platinum
3043-TYBNO,Silver
4830-FAXFM,Gold
5906-BFOZT,Gold
2960-NKRSO,Platinum
8996-ZROXE,Gold
5598-IKHQQ,Gold
0397-ZXWQF,Gold
5266-PFRQK,Gold
4674-HGNUA,Platinum
6765-MBQNU,Gold
9786-IJYDL,Platinum
1303-SRDOK,Gold
3769-MHZNV,Gold
6295-OSINB,Platinum
3308-MHOOC,Gold
2309-OSFEU,Gold
2207-QPJED,Platinum
4177-JPDFU,Gold
2239-CFOUJ,Gold
8046-DNVTL,Gold
2209-XADXF,Gold
6620-JDYNW,Gold
1891-FZYSA,Platinum
4770-UEZOX,Silver
1038-RQOST,Gold
7613-LLQFO,Gold
4568-TTZRT,Gold
9513-DXHDA,Platinum
2640-PMGFL,Platinum
3801-HMYNL,Silver
0516-QREYC,Gold
9685-WKZGT,Gold
6022-UGGSO,Gold
8084-OIVBS,Gold
8896-BQTTI,Gold
3865-QBWSJ,Platinum
3352-RICWQ,Gold
2160-GPFXD,Platinum
2065-MMKGR,Platinum
5857-TYBCJ,Platinum
1498-NHTLT,Platinum
4484-CGXFK,Silver
1402-PTHGN,Gold
4176-RELJR,Gold
6214-EDAKZ,Gold
5199-FPUSP,Gold
6377-KSLXC,Gold
1796-JANOW,Gold
0238-WHBIQ,Platinum
8735-NBLWT,Gold
6651-RLGGM,Gold
6127-ISGTU,Platinum
1614-JBEBI,Gold
8740-XLHDR,Gold
1208-DNHLN,Gold
1761-AEZZR,Silver
3923-CSIHK,Gold
5696-EXCYS,Gold
5795-KTGUD,Platinum
7120-RFMVS,Silver
7924-GJZFI,Gold
4702-HDRKD,Platinum
8512-WIWYV,Gold
5897-ZYEKH,Platinum
5456-ITGIC,Platinum
7317-GGVPB,Platinum
1406-PUQVY,Silver
1322-AGOQM,Gold
3677-IYRBF,Gold
5692-FPTAH,Silver
9114-AAFQH,Platinum
8715-KKTFG,Platinum
1550-LOAHA,Platinum
1728-BQDMA,Silver
0268-QKIWO,Gold
0876-WDUUZ,Silver
5117-ZSMHQ,Platinum
5151-HQRDG,Gold
0960-HUWBM,Platinum
6465-GSRCL,Platinum
0617-FHSGK,Gold
0263-FJTQO,Platinum
7319-ZNRTR,Gold
2858-MOFSQ,Gold
7503-EPSZW,Gold
7089-XXAYG,Gold
8118-LSUEL,Platinum
8070-AAWZP,Gold
1666-JXLKU,Platinum
7855-DIWPO,Gold
5133-POWUA,Silver
5652-MSDEY,Gold
7005-CCBKV,Silver
1810-BOHSY,Platinum
1784-BXEFA,Gold
7351-MHQVU,Gold
9224-VTYID,Platinum
9500-IWPXQ,Platinum
5762-TJXGK,Platinum
4504-YOULA,Platinum
5569-IDSEY,Platinum
4250-FDVOU,Gold
7284-ZZLOH,Gold
5277-ZLOOR,Silver
2141-RRYGO,Silver
1777-JYQPJ,Gold
6376-GAHQE,Silver
3401-URHDA,Platinum
1599-EAHXY,Gold
8631-XVRZL,Gold
5052-PNLOS,Silver
3853-LYGAM,Platinum
6979-ZNSFF,Silver
5751-USDBL,Platinum
5680-LQOGP,Platinum
2386-LAHRK,Silver
8189-DUKMV,Gold
6032-IGALN,Gold
9931-DCEZH,Gold
1898-JSNDC,Gold
0315-LVCRK,Gold
3911-RSNHI,Platinum
2410-CIYFZ,Gold
4248-HCETZ,Platinum
5505-OVWQW,Gold
7271-AJDTL,Platinum
1867-TJHTS,Platinum
0516-WJVXC,Gold
9174-FKWZE,Gold
6860-YRJZP,Gold
4429-WYGFR,Gold
2817-LVCPP,Gold
5038-ETMLM,Platinum
5056-FIMPT,Platinum
4521-WFJAI,Gold
6569-KTMDU,Gold
8809-RIHDD,Platinum
8809-XKHMD,Platinum
0396-YCHWO,Platinum
0867-LDTTC,Silver
4822-NGOCH,Platinum
9391-DXGGG,Platinum
9844-FELAJ,Platinum
2122-SZZZD,Gold
5307-DZCVC,Platinum
3148-AOIQT,Gold
8679-JOEVF,Gold
8395-ETZKQ,Gold
6692-YQHXC,Gold
3889-VWBID,Platinum
5222-JCXZT,Gold
9754-CLVZW,Gold
1432-FPAXX,Gold
2739-CCZMB,Gold
7080-TNUWP,Platinum
0496-AHOOK,Platinum
8336-TAVKX,Platinum
2468-SJFLM,Silver
3181-VTHOE,Platinum
7168-HDQHG,Gold
4803-AXVYP,Platinum
3884-HCSWG,Gold
4567-AKPIA,Platinum
5077-DXTCG,Silver
1142-WACZW,Gold
7901-HXJVA,Gold
5649-ANRML,Silver
4892-VLANZ,Gold
5924-IFQTT,Platinum
7968-QUXNS,Gold
2919-HBCJO,Silver
4236-XPXAV,Silver
8903-WMRNW,Platinum
2452-SNHFZ,Gold
3629-WEAAM,Gold
6029-CSMJE,Gold
7993-NQLJE,Gold
9909-DFRJA,Platinum
9099-FTUHS,Gold
0581-BXBUB,Silver
4962-CHQPW,Gold
9467-ROOLM,Gold
3030-YZADT,Gold
7410-KTVFV,Gold
5150-ITWWB,Silver
2253-KPMNB,Platinum
1345-ZUKID,Gold
6429-SHBCB,Platinum
9281-OFDMF,Platinum
2603-HVKCG,Platinum
1834-WULEG,Gold
9097-ZUBYC,Gold
5148-ORICT,Platinum
4893-GYUJU,Gold
4578-PHJYZ,Platinum
7272-QDCKA,Platinum
8908-SLFCJ,Gold
8393-DLHGA,Platinum
9766-HGEDE,Gold
6968-MHOMU,Gold
7395-IGJOS,Gold
5044-XDPYX,Gold
1814-WFGVS,Platinum
2834-SPCJV,Platinum
3721-WKIIL,Gold
6734-CKRSM,Gold
1265-ZFOSD,Platinum
6568-POCUI,Platinum
7890-VYYWG,Gold
5197-LQXXH,Platinum
9907-SWKKF,Gold
3457-PQBYH,Gold
7682-AZNDK,Platinum
0587-DMGBH,Gold
5384-ZTTWP,Gold
3745-HRPHI,Platinum
7636-OWBPG,Gold
1231-YNDEK,Gold
1407-DIGZV,Gold
6397-JNZZG,Platinum
0570-BFQHT,Gold
4393-OBCRR,Gold
3523-QRQLL,Platinum
8564-LDKFL,Platinum
3696-DFHHB,Gold
0895-DQHEW,Platinum
4717-GHADL,Platinum
5501-TVMGM,Silver
5879-HMFFH,Platinum
6772-WFQRD,Gold
3810-DVDQQ,Platinum
6972-SNKKW,Gold
3694-GLTJM,Gold
8550-XSXUQ,Platinum
8149-RSOUN,Silver
9055-MOJJJ,Platinum
4359-INNWN,Gold
0585-EGDDA,Platinum
4032-RMHCI,Gold
0549-CYCQN,Platinum
3481-JHUZH,Platinum
7250-EQKIY,Silver
3594-IVHJZ,Gold
6869-FGJJC,Platinum
3896-ZVNET,Gold
8205-VSLRB,Platinum
5960-MVTUK,Gold
6817-WTYHE,Silver
3082-VQXNH,Gold
4013-UBXWQ,Platinum
4931-TRZWN,Platinum
0750-EKNGL,Gold
7669-LCRSD,Gold
3567-PQTSO,Platinum
5519-NPHVG,Platinum
8043-PNYSD,Gold
9938-EKRGF,Platinum
2703-AMTUL,Gold
0928-JMXNP,Gold
8173-RXAYP,Gold
4825-XJGDM,Platinum
5402-HTOTQ,Gold
6734-JDTTV,Gold
7850-THJMU,Gold
3890-RTCMS,Gold
8849-GYOKR,Platinum
3148-BLQJT,Gold
3717-FDJFU,Gold
3665-JATSN,Gold
7966-YOTQW,Gold
0461-CVKMU,Platinum
8806-EAGWC,Silver
8853-TZDGH,Platinum
7779-LGOVN,Gold
4324-BZCKL,Gold
6924-TDGMT,Gold
9710-ZUSHQ,Platinum
1536-YHDOE,Gold
8123-QBNAZ,Platinum
3629-ZNKXA,Platinum
4827-LTQRJ,Platinum
7711-YIJWC,Platinum
5482-VXSXJ,Platinum
7365-BVCJH,Gold
9620-ENEJV,Gold
4183-WCSEP,Platinum
2378-YIZKA,Platinum
5498-TXHLF,Platinum
0689-DSXGL,Platinum
6818-DJXAA,Platinum
9722-UJOJR,Gold
0464-WJTKO,Gold
8902-ZEOVF,Gold
6778-EICRF,Platinum
2662-NNTDK,Gold
4132-KALRO,Silver
3902-FOIGH,Platinum
6772-KSATR,Silver
7112-OPOTK,Gold
2874-YXVVA,Platinum
1245-HARPS,Gold
4210-QFJMF,Silver
4323-ELYYB,Gold
4293-ETKAP,Platinum
6064-PUPMC,Gold
6504-VBLFL,Platinum
6322-PJJDJ,Platinum
0330-BGYZE,Platinum
1085-LDWAM,Gold
7586-ZATGZ,Platinum
7197-VOJMM,Platinum
3318-OSATS,Platinum
5828-AVIPD,Platinum
1843-TLSGD,Gold
9626-VFRGG,Platinum
7075-BNDVQ,Gold
9143-CANJF,Gold
7284-BUYEC,Gold
2041-JIJCI,Silver
1086-LXKFY,Silver
4900-MSOMT,Platinum
2229-VWQJH,Gold
9194-GFVOI,Platinum
1336-EZFZY,Gold
4282-MSACW,Platinum
1403-LKLIK,Gold
2636-ALXXZ,Silver
7774-OJSXI,Platinum
7786-WBJYI,Silver
0136-IFMYD,Platinum
5144-TVGLP,Platinum
9643-AVVWI,Silver
0253-ZTEOB,Platinum
2706-QZIHY,Gold
6061-PQHMK,Gold
9885-CSMWE,Silver
6137-MFAJN,Gold
9122-UMROB,Gold
4232-JGKIY,Gold
2402-TAIRZ,Platinum
9659-ZTWSM,Platinum
9139-TWBAS,Gold
6685-GBWJZ,Platinum
5016-ETTFF,Gold
3866-MDTUB,Silver
2195-VVRJF,Gold
3913-RDSJZ,Gold
8058-JMEQO,Silver
4203-QGNZA,Gold
5043-TRZWM,Silver
0697-ZMSWS,Silver
7657-DYEPJ,Platinum
9494-BDNNC,Platinum
1640-PLFMP,Silver
5366-OBVMR,Gold
8276-MQBYC,Platinum
7644-OMVMY,Silver
7593-XFKDI,Silver
4573-JKNAE,Gold
0337-CNPZE,Platinum
9817-APLHW,Gold
8380-MQINP,Gold
0840-DFEZH,Gold
1513-XNPPH,Platinum
8690-ZVLCL,Platinum
6015-VVHHE,Silver
1125-SNVCK,Gold
0384-LPITE,Platinum
4616-EWBNJ,Gold
6347-DCUIK,Gold
1335-HQMKX,Platinum
2545-EBUPK,Silver
6923-AQONU,Gold
2172-EJXVF,Platinum
0897-FEGMU,Platinum
7663-RGWBC,Silver
1120-BMWUB,Gold
9124-LHCJQ,Silver
4536-PLEQY,Gold
7029-IJEJK,Gold
8871-JLMHM,Platinum
2235-ZGKPT,Gold
3891-PUQOD,Silver
5447-VYTKW,Gold
3623-FQBOX,Gold
0689-NKYLF,Gold
8659-HDIYE,Platinum
3658-KIBGF,Silver
3474-BAFSJ,Platinum
5519-YLDGW,Platinum
3865-ZFZIB,Gold
1855-AGAWH,Platinum
7109-CQYUZ,Platinum
1370-GGAWX,Platinum
4680-KUTAJ,Gold
5307-UVGNB,Platinum
4946-EDSEW,Gold
2883-ILGWO,Platinum
2516-VQRRV,Silver
7580-UGXNC,Silver
3642-BYHDO,Gold
9629-NHXFW,Gold
2696-RZVZW,Gold
5766-FTRTS,Platinum
0396-HUJBP,Gold
5178-LMXOP,Silver
8879-ZKJOF,Platinum
6285-FTQBF,Gold
8185-UPYBR,Silver
4585-HETAI,Silver
7526-BEZQB,Platinum
1474-JUWSM,Platinum
3530-CRZSB,Gold
8498-XXGWA,Platinum
9617-INGJY,Silver
0621-TSSMU,Gold
7234-KMNRQ,Gold
7636-PEPNS,Gold
4683-WYDOU,Platinum
9052-DHNKM,Gold
6794-HKIAJ,Platinum
5578-NKCXI,Platinum
1642-HMARX,Platinum
3096-WPXBT,Platinum
8434-PNQZX,Platinum
5950-AAAGJ,Platinum
4299-OPXEJ,Gold
4951-UKAAQ,Silver
9618-LFJRU,Gold
6693-DJWTY,Gold
0744-GKNGE,Platinum
6447-EGDIV,Gold
1167-OYZJF,Gold
2108-YKQTY,Gold
4806-DXQCE,Platinum
4918-QLLIW,Silver
7056-IMHCC,Platinum
4854-SSLTN,Silver
5294-DMSFH,Platinum
4837-PZTIC,Gold
1625-JAIIY,Platinum
0603-OLQDC,Gold
3272-VUHPV,Gold
4176-FXYBO,Platinum
1063-DHQJF,Platinum
8663-UPDGF,Platinum
6719-FGEDO,Platinum
1837-YQUCE,Platinum
2947-DOMLJ,Silver
4112-LUEIZ,Silver
0369-ZGOVK,Gold
4510-HIMLV,Silver
9919-KNPOO,Platinum
8749-JMNKX,Platinum
7872-BAAZR,Gold
9391-LMANN,Platinum
2430-USGXP,Platinum
8174-TBVCF,Platinum
1698-XFZCI,Platinum
1877-HKBQX,Gold
4450-DLLMH,Silver
0428-AXXLJ,Gold
2746-DIJLO,Gold
5955-ERIHD,Platinum
0917-EZOLA,Platinum
3508-VLHCZ,Platinum
4086-ATNFV,Platinum
0468-YRPXN,Platinum
5996-NRVXR,Platinum
3739-YBWAB,Gold
7047-FWEYA,Platinum
2000-MPKCA,Platinum
9762-YAQAA,Platinum
5949-EBSQK,Silver
5473-KHBPS,Platinum
0100-DUVFC,Platinum
5397-TUPSH,Gold
8950-MTZNV,Silver
0326-VDYXE,Platinum
6773-LQTVT,Gold
7274-RTAPZ,Silver
0436-TWFFZ,Platinum
8566-YPRGL,Gold
0311-UNPFF,Platinum
6609-MXJHJ,Gold
2669-OIDSD,Platinum
8400-WZICQ,Gold
3834-XUIFC,Silver
9576-SYUHJ,Platinum
0410-IPFTY,Platinum
2831-EBWRN,Gold
9430-NKQLY,Gold
8414-MYSHR,Silver
0247-SLUJI,Gold
9402-ORRAH,Platinum
6483-OATDN,Gold
1293-HHSHJ,Gold
4840-ORQXB,Platinum
7599-FKVXZ,Platinum
3982-DQLUS,Platinum
8610-ZIKJJ,Gold
3756-VNWDH,Platinum
7801-KICAO,Gold
7673-LPRNY,Platinum
8229-TNIQA,Gold
6060-QBMGV,Gold
7339-POGZN,Gold
2828-SLQPF,Gold
4465-VDKIQ,Gold
2921-XWDJH,Platinum
6221-AVQYL,Silver
2558-BUOZZ,Platinum
9257-AZMTZ,Gold
0003-MKNFE,Gold
0975-UYDTX,Platinum
7743-EXURX,Gold
4682-BLBUC,Platinum
0975-VOOVL,Gold
5968-VXZLG,Silver
5569-KGJHX,Silver
4988-IQIGL,Silver
5201-FRKKS,Gold
9799-CAYJJ,Silver
7730-IUTDZ,Gold
0426-TIRNE,Gold
5443-SCMKX,Platinum
8295-KMENE,Platinum
6738-ISCBM,Platinum
9821-BESNZ,Platinum
3678-MNGZX,Gold
1335-NTIUC,Gold
2916-BQZLN,Platinum
4558-CGYCZ,Gold
2368-GAKKQ,Platinum
8710-YGLWG,Silver
3199-XGZCY,Gold
3785-KTYSH,Gold
6814-ZPWFQ,Gold
4063-EIKNQ,Gold
6993-YCOBK,Platinum
5206-HPJKM,Gold
7587-RZNME,Gold
0748-RDGGM,Platinum
8393-JMVMB,Gold
5019-GQVCR,Platinum
6036-TTFYU,Gold
2550-AEVRU,Gold
0969-RGKCU,Gold
0378-CJKPV,Platinum
4706-AXVKM,Gold
5889-JTMUL,Platinum
9026-RNUJS,Gold
3746-EUBYR,Silver
2332-EFBJY,Gold
2880-FPNAE,Silver
1703-MGIAB,Platinum
4311-QTTAI,Gold
9474-PHLYD,Gold
4318-RAJVY,Gold
2165-VOEGB,Platinum
3612-YUNGG,Platinum
2254-DLXRI,Silver
5062-CJJKH,Gold
9028-LIHRP,Platinum
2219-MVUSO,Gold
1053-MXTTK,Platinum
1530-ZTDOZ,Gold
1301-LOPVR,Platinum
0853-TWRVK,Platinum
8914-RBTSB,Platinum
6212-ATMLK,Platinum
8200-LGKSR,Platinum
1568-BEKZM,Platinum
0670-ANMUU,Platinum
6897-RWMUB,Platinum
0963-ZBDRN,Platinum
7594-RQHXR,Silver
6999-CHVCF,Platinum
6134-KWTBV,Gold
1077-HUUJM,Gold
6331-EWIEB,Platinum
0895-LNKRC,Gold
2045-BMBTJ,Platinum
8417-GSODA,Platinum
5171-EPLKN,Gold
4452-QIIEB,Gold
5998-VVEJY,Platinum
1624-NALOJ,Silver
6741-EGCBI,Platinum
7820-ZYGNY,Platinum
4317-VTEOA,Silver
9677-AVKED,Platinum
1670-SVOWZ,Platinum
2227-JRSJX,Platinum
9847-HNVGP,Gold
6696-YDAYZ,Gold
8980-WQFWL,Gold
1730-ZMAME,Gold
6506-EYCNH,Gold
4634-JLRJT,Gold
9501-UKKNL,Gold
2560-QTSBS,Gold
7541-YLXCL,Platinum
4795-WRNVT,Platinum
6080-TCMYC,Platinum
0260-ZDLGK,Platinum
7860-UXCRM,Platinum
6357-JJPQT,Silver
2292-XQWSV,Platinum
9552-TGUZV,Gold
5913-INRQV,Platinum
8722-NGNBH,Gold
6210-KBBPI,Platinum
9643-YBLUR,Platinum
8734-FNWVH,Gold
9447-YPTBX,Gold
0133-BMFZO,Silver
6128-CZOMY,Silver
9540-JYROE,Gold
9026-LHEVG,Gold
2260-USTRB,Silver
3656-TKRVZ,Silver
7011-CVEUC,Platinum
6185-TASNN,Silver
7925-PNRGI,Platinum
8623-TMRBY,Platinum
1552-CZCLL,Gold
3038-PQIUY,Platinum
1501-SGHBW,Silver
9313-CDOGY,Gold
8148-BPLZQ,Gold
2623-DRYAM,Platinum
9987-LUTYD,Gold
3208-YPIOE,Gold
4488-KQFDT,Platinum
2612-RANWT,Platinum
5693-PIPCS,Platinum
0491-KAPQG,Gold
1925-LFCZZ,Gold
8039-EQPIM,Platinum
6900-PXRMS,Platinum
8707-RMEZH,Platinum
3346-BRMIS,Gold
3209-ZPKFI,Gold
6479-VDGRK,Platinum
9373-WSLOY,Gold
2933-FILNV,Gold
3569-JFODW,Platinum
9819-FBNSV,Gold
9544-PYPSJ,Platinum
1591-XWLGB,Gold
0396-UKGAI,Gold
3243-ZHOHY,Gold
5186-EJEGL,Platinum
7527-QNRUS,Gold
9986-BONCE,Gold
2722-JMONI,Silver
2203-GHNWN,Platinum
3878-AVSOQ,Silver
3258-SYSWS,Platinum
5296-PSYVW,Gold
6319-QSUSR,Gold
4083-EUGRJ,Gold
7579-OOPEC,Silver
0512-FLFDW,Platinum
1771-OADNZ,Platinum
0487-CRLZF,Platinum
2107-FBPTK,Platinum
9451-WLYRI,Gold
8219-VYBVI,Gold
1991-VOPLL,Gold
9738-QLWTP,Platinum
1016-DJTSV,Gold
9419-IPPBE,Platinum
0174-QRVVY,Gold
5699-BNCAS,Gold
2900-PHPLN,Gold
0612-RTZZA,Gold
8106-GWQOK,Platinum
8751-EDEKA,Platinum
6878-GGDWG,Gold
4039-PIMHX,Gold
8450-LUGUK,Gold
3604-WLABM,Gold
0795-GMVQO,Platinum
2259-OUUSZ,Gold
1142-IHLOO,Platinum
6410-LEFEN,Gold
4633-MKHYU,Silver
6257-RJOHI,Gold
1545-JFUML,Platinum
3194-ORPIK,Platinum
7826-VVKWT,Platinum
1353-GHZOS,Gold
2587-EKXTS,Platinum
5442-BXVND,Gold
8816-VXNZD,Silver
9378-FXTIZ,Platinum
1723-HKXJQ,Platinum
7825-GKXMW,Silver
9753-OYLBX,Gold
2364-UFROM,Platinum
6656-JWRQX,Gold
6473-ULUHT,Platinum
1240-KNSEZ,Gold
0836-SEYLU,Gold
4433-JCGCG,Platinum
3716-BDVDB,Silver
7688-AWMDX,Platinum
2842-BCQGE,Gold
7244-QWYHG,Gold
5899-MQZZL,Gold
6849-OYAMU,Platinum
5312-UXESG,Platinum
9488-HGMJH,Silver
6038-GCYEC,Gold
2150-WLKUW,Platinum
7159-FVYPK,Silver
7032-LMBHI,Platinum
1150-WFARN,Platinum
6088-BXMRG,Platinum
3144-AUDBS,Gold
4821-SJHJV,Platinum
7346-MEDWM,Platinum
1137-DGOWI,Platinum
5616-PRTNT,Gold
3812-LRZIR,Gold
4818-QIUFN,Gold
9483-GCPWE,Gold
4227-OJHAL,Platinum
9220-CXRSC,Platinum
4993-JCRGJ,Platinum
9537-JALFH,Gold
6698-OXETB,Gold
2103-ZRXFN,Silver
3724-BSCVH,Gold
4877-TSOFF,Platinum
9209-NWPGU,Platinum
6961-VCPMC,Platinum
7306-YDSOI,Platinum
5288-AHOUP,Gold
6688-UZPWD,Platinum
0655-YDGFJ,Gold
8468-EHYJA,Platinum
6823-SIDFQ,Gold
1097-FSPVW,Gold
2839-RFSQE,Gold
8328-SKJNO,Gold
7010-ZMVBF,Gold
5201-CBWYG,Gold
0968-GSIKN,Silver
1965-DDBWU,Platinum
9057-SIHCH,Silver
6352-GIGGQ,Platinum
3635-QQRQD,Gold
6771-XWBDM,Platinum
2897-DOVND,Silver
3082-YVEKW,Platinum
0191-EQUUH,Gold
7134-HBPBS,Platinum
3489-HHPFY,Silver
2926-JEJJC,Gold
8601-QACRS,Gold
4950-BDEUX,Gold
5789-LDFXO,Gold
0508-OOLTO,Silver
2984-TBYKU,Platinum
9822-WMWVG,Platinum
2391-SOORI,Gold
9040-KZVWO,Gold
2645-QTLMB,Silver
4806-HIPDW,Silver
1548-ARAGG,Silver
6339-RZCBJ,Platinum
4424-TKOPW,Silver
4415-WNGVR,Platinum
2522-AHJXR,Platinum
0412-UCCNP,Platinum
1816-FLZDK,Gold
7096-UCLNH,Gold
8443-ZRDBZ,Silver
9136-ALYBR,Gold
4615-PIVVU,Platinum
8885-QSQBX,Silver
7479-NITWS,Silver
8617-ENBDS,Silver
9385-NXKDA,Platinum
0430-IHCDJ,Gold
2959-MJHIC,Silver
6674-KVJHG,Gold
1814-DKOLC,Gold
4201-JMNGR,Silver
9351-HXDMR,Platinum
3537-HPKQT,Platinum
2129-ALKBS,Gold
5821-MMEIL,Gold
5960-WPXQM,Silver
0684-AOSIH,Silver
8260-NGFNY,Gold
1309-XGFSN,Platinum
1866-RZZQS,Platinum
6968-URWQU,Gold
4742-TXUEX,Gold
9631-XEYKE,Gold
8631-NBHFZ,Platinum
1335-MXCSE,Gold
8873-TMKGR,Gold
8800-JOOCF,Gold
1469-LBJQJ,Platinum
4958-XCBDQ,Platinum
8337-UPOAQ,Platinum
0064-YIJGF,Gold
2386-OWURY,Platinum
1725-IQNIY,Platinum
0310-VQXAM,Gold
6598-RFFVI,Gold
3453-RTHJQ,Gold
6712-OAWRH,Platinum
6278-FEPBZ,Gold
4280-DLSHD,Gold
1508-DFXCU,Gold
8614-VGMMV,Gold
7868-BGSZA,Platinum
2800-QQUSO,Platinum
2930-UOTMB,Platinum
7973-DZRKH,Platinum
5914-DVBWJ,Platinum
7698-YFGEZ,Gold
2533-QVMSK,Platinum
9773-PEQBZ,Gold
8644-XLFBW,Silver
0650-BWOZN,Gold
8625-AZYZY,Platinum
7785-RDVIG,Gold
9602-WCXPI,Gold
2903-YYTBW,Silver
3620-MWJNE,Silver
8573-JGCZW,Gold
6837-HAEVO,Platinum
6701-YVNQG,Platinum
9306-CPCBC,Silver
4304-XUMGI,Platinum
9504-YAZWB,Gold
8819-ZBYNA,Platinum
6174-NRBTZ,Gold
9481-IEBZY,Platinum
1833-VGRUM,Silver
6137-NICCO,Silver
9065-ZCPQX,Platinum
6402-EJMWF,Gold
3620-EHIMZ,Gold
3213-VVOLG,Silver
6870-ECSHE,Gold
8747-UDCOI,Gold
8374-XGEJJ,Platinum
2656-TABEH,Silver
6946-LMSQS,Platinum
4626-OZDTJ,Platinum
9169-BSVIN,Platinum
2325-ZUSFD,Platinum
8194-PEEBY,Gold
6872-HXFNF,Platinum
3932-CMDTD,Silver
7714-YXSMB,Platinum
8387-UGUSU,Gold
1080-BWSYE,Gold
4039-HEUNW,Platinum
1194-HVAIF,Platinum
0812-WUPTB,Silver
3594-UVONA,Platinum
0004-TLHLJ,Silver
1767-TGTKO,Gold
8439-LTUGF,Gold
8805-JNRAZ,Silver
5089-IFSDP,Platinum
6418-HNFED,Platinum
0206-OYVOC,Gold
7291-CDTMJ,Gold
7128-GGCNO,Gold
0237-YFUTL,Platinum
7691-KGKGP,Platinum
6710-HSJRD,Platinum
3675-EQOZA,Gold
0840-DCNZE,Platinum
1732-FEKLD,Platinum
9862-KJTYK,Gold
0479-HMSWA,Platinum
5854-KSRBJ,Gold
0365-BZUWY,Platinum
4817-VYYWS,Platinum
5701-SVCWR,Gold
3129-AAQOU,Gold
4922-CVPDX,Platinum
1396-QWFBJ,Gold
1357-BIJKI,Platinum
1099-BTKWT,Platinum
5299-SJCZT,Silver
2018-PZKMU,Platinum
7340-KEFQE,Gold
4570-QHXHL,Gold
2403-BCASL,Platinum
7392-YYPYJ,Platinum
2898-LSJGD,Gold
2223-GDSHL,Platinum
7359-PTSXY,Silver
9470-RTWDV,Platinum
2176-OSJUV,Platinum
9348-YVOMK,Gold
8104-OSKWT,Gold
4521-YEEHE,Platinum
4090-KPJIP,Silver
3786-WOVKF,Platinum
4503-BDXBD,Gold
6086-ESGRL,Silver
2592-HODOV,Gold
3886-CERTZ,Platinum
7995-ZHHNZ,Gold
3824-RHKVR,Gold
5816-SCGFC,Gold
5989-AXPUC,Platinum
4979-HPRFL,Gold
8590-OHDIW,Gold
8015-IHCGW,Platinum
2332-TODQS,Gold
9278-VZKCD,Platinum
8008-OTEZX,Gold
2773-OVBPK,Platinum
5999-LCXAO,Gold
5206-XZZQI,Platinum
4803-LBYPN,Gold
5759-RCVCB,Gold
6372-RFVNS,Silver
2139-FQHLM,Platinum
8261-GWDBQ,Platinum
1093-YSWCA,Gold
8938-UMKPI,Platinum
0991-BRRFB,Gold
3882-IYOIJ,Platinum
8749-TZYEC,Gold
1755-FZQEC,Gold
3115-JPJDD,Platinum
5600-KTXFM,Silver
3871-IKPYH,Silver
6319-IEJWJ,Platinum
9025-AOMKI,Silver
6339-TBELP,Platinum
7964-YESJC,Platinum
6173-GOLSU,Platinum
5275-SQEIZ,Silver
7716-YTYHG,Platinum
9938-ZREHM,Platinum
7950-XWOVN,Gold
4390-KYULV,Gold
4647-MUZON,Platinum
9702-AIUJO,Gold
8849-PRIQJ,Platinum
8851-RAGOV,Platinum
1304-NECVQ,Silver
5396-IZEPB,Gold
1729-VLAZJ,Gold
8285-ABVLB,Gold
0701-TJSEF,Platinum
5712-VBOXD,Gold
6629-LADHQ,Silver
8945-GRKHX,Silver
1559-DTODC,Gold
4797-MIWUM,Gold
6959-UWKHF,Silver
8720-RQSBJ,Silver
4537-CIBHB,Gold
3815-SLMEF,Gold
5154-VEKBL,Gold
4324-AHJKS,Gold
4355-CVPVS,Platinum
4495-LHSSK,Gold
5655-JSMZM,Platinum
5915-ANOEI,Platinum
9861-PDSZP,Platinum
4505-EXZHB,Silver
7225-CBZPL,Platinum
6704-UTUKK,Gold
4587-VVTOX,Silver
2019-HDCZY,Platinum
4652-NNHNY,Gold
8788-DOXSU,Platinum
7404-JLKQG,Silver
7421-ZLUPA,Gold
8972-HJWNV,Silver
3274-NSDWE,Gold
2632-IVXVF,Platinum
3692-JHONH,Platinum
8915-NNTRC,Platinum
5914-GXMDA,Gold
7463-IFMQU,Gold
2920-RNCEZ,Silver
2541-YGPKE,Platinum
8515-OCTJS,Gold
5382-TEMLV,Gold
3441-CGZJH,Platinum
9592-ERDKV,Platinum
2860-RANUS,Platinum
5261-QSHQM,Gold
4778-IZARL,Platinum
0432-CAJZV,Silver
7008-LZVOZ,Gold
8868-WOZGU,Platinum
1200-TUZHR,Silver
9365-CSLBQ,Gold
1334-FJSVR,Gold
5884-FBCTL,Gold
7130-CTCUS,Gold
6242-FEGFD,Platinum
7625-XCQRH,Gold
6194-HBGQN,Platinum
7634-WSWDB,Gold
6986-IXNDM,Platinum
1731-TVIUK,Silver
2987-BJXIK,Platinum
9769-TSBZE,Platinum
0406-BPDVR,Platinum
0618-XWMSS,Gold
1395-WSWXR,Gold
6023-GSSXW,Platinum
6752-APNJL,Gold
5276-KQWHG,Silver
0420-HLGXF,Platinum
7446-KQISO,Platinum
9823-EALYC,Platinum
0582-AVCLN,Gold
5803-NQJZO,Platinum
2565-JSLRY,Gold
2607-DHDAK,Gold
1073-XXCZD,Gold
0743-HRVFF,Platinum
4006-HKYHO,Platinum
3727-JEZTU,Gold
8143-ETQTI,Gold
6689-KXGBO,Silver
9667-TKTVZ,Silver
3657-COGMW,Platinum
8570-KLJYJ,Gold
7754-IXRMC,Silver
9473-CBZOP,Gold
2969-WGHQO,Platinum
6615-NGGZJ,Platinum
4334-HOWRP,Platinum
4255-DDUOU,Gold
5863-OOKCL,Gold
1686-STUHN,Gold
1329-VHWNP,Gold
2984-MIIZL,Silver
0266-GMEAO,Platinum
5590-YRFJT,Gold
5574-NXZIU,Platinum
0019-GFNTW,Platinum
4256-ZWTZI,Gold
8309-PPCED,Platinum
4098-NAUKP,Platinum
5196-WPYOW,Platinum
4608-LCIMN,Gold
1485-YDHMM,Platinum
4054-CUMIA,Gold
0603-TPMIB,Gold
2525-GVKQU,Gold
8161-QYMTT,Silver
9581-GVBXT,Gold
5862-BRIXZ,Platinum
5404-GGUKR,Gold
3308-JSGML,Platinum
2126-GSEGL,Platinum
3677-TNKIO,Gold
0440-QEXBZ,Gold
2434-EEVDB,Platinum
6762-QVYJO,Platinum
6199-IWKGC,Platinum
2675-DHUTR,Platinum
8152-VETUR,Platinum
9667-EQRXU,Gold
7446-YPODE,Gold
9522-BNTHX,Gold
4676-WLUHT,Gold
3329-WDIOK,Silver
7980-MHFLQ,Gold
2873-ZLIWT,Platinum
3415-TAILE,Silver
0757-WCUUZ,Platinum
1629-DQQVB,Gold
1915-IOFGU,Silver
3045-XETSH,Platinum
0374-AACSZ,Silver
7239-HZZCX,Gold
4872-VXRIL,Platinum
9140-CZQZZ,Platinum
3423-HHXAO,Gold
9938-TKDGL,Platinum
0531-ZZJWQ,Platinum
6537-QLGEX,Gold
2688-BHGOG,Gold
7683-CBDKJ,Gold
0946-CLJTI,Platinum
3160-TYXLT,Gold
1325-USMEC,Platinum
0916-QOFDP,Platinum
0628-CNQRM,Platinum
5606-AMZBO,Gold
6199-IPCAO,Gold
7665-TOALD,Silver
0112-QWPNC,Platinum
0324-BRPCJ,Platinum
2777-PHDEI,Silver
5640-CAXOA,Gold
2235-EZAIK,Platinum
3847-BAERP,Gold
1196-AMORA,Gold
4282-YMKNA,Gold
1453-RZFON,Silver
8263-OKETD,Platinum
0670-KDOMA,Gold
2476-YGEFM,Gold
8687-BAFGU,Silver
0641-EVBOJ,Silver
0829-XXPLX,Platinum
9974-JFBHQ,Platinum
5356-RHIPP,Gold
6624-JDRDS,Gold
0608-JDVEC,Gold
9780-FKVVF,Gold
1919-RTPQD,Gold
5214-NLTIT,Platinum
3345-PBBFH,Gold
5055-BRMNE,Platinum
9189-JWSHV,Platinum
2190-PHBHR,Platinum
2650-GYRYL,Gold
0746-JTRFU,Gold
5208-FVQKB,Platinum
7184-LRUUR,Platinum
6627-CFOSN,Platinum
3982-JGSFD,Gold
1574-DYCWE,Gold
7247-XOZPB,Platinum
2466-FCCPT,Gold
6211-WWLTF,Platinum
4826-TZEVA,Gold
6016-NXBNJ,Gold
9138-EFSMO,Gold
0576-WNXXC,Platinum
4632-XJMEX,Platinum
8910-LEDAG,Gold
3452-GWUIN,Platinum
2716-GFZOR,Platinum
3724-UCSHY,Gold
8626-XHBIE,Gold
4628-CTTLA,Gold
3192-LNKRK,Platinum
4439-YRNVD,Gold
2876-VBBBL,Gold
6834-NXDCA,Gold
2208-UGTGR,Platinum
3005-TYFRD,Platinum
8670-MEFCP,Platinum
3079-BCHLN,Gold
7777-UNYHB,Gold
5597-GLBUC,Silver
7278-CKDNC,Platinum
2748-MYRVK,Platinum
8450-UYIBU,Gold
2969-VAPYH,Platinum
4822-YCXMX,Platinum
7181-OQCUT,Platinum
8474-UMLNT,Platinum
9821-POOTN,Gold
3836-FZSDJ,Gold
9142-XMYJH,Gold
6559-ILWKJ,Platinum
0187-QSXOE,Silver
7733-UDMTP,Platinum
2649-HWLYB,Platinum
5214-CHIWJ,Gold
4229-CZMLL,Silver
6904-JLBGY,Platinum
2465-BLLEU,Gold
1685-VAYJF,Gold
8874-EJNSR,Gold
6917-YACBP,Platinum
5049-MUBWG,Platinum
4223-WOZCM,Silver
0769-MURVM,Platinum
9253-VIFJQ,Platinum
7030-FZTFM,Platinum
9741-YLNTD,Silver
5917-RYRMG,Gold
5120-ZBLAI,Platinum
1194-BHJYC,Platinum
3663-MITLP,Platinum
0906-QVPMS,Platinum
9025-ZRPVR,Gold
1905-OEILC,Gold
7858-GTZSP,Gold
3285-UCQVC,Gold
6248-BSHKG,Gold
4685-TFLLS,Gold
3470-BTGQO,Gold
1209-VFFOC,Platinum
8224-DWCKX,Gold
5482-PLVPE,Gold
4553-DVPZG,Platinum
4902-OHLSK,Platinum
6917-IAYHD,Silver
0495-ZBNGW,Silver
8620-RJPZN,Gold
7572-KPVKK,Platinum
2642-MAWLJ,Gold
2357-COQEK,Platinum
7103-ZGVNT,Platinum
3737-GCSPV,Platinum
2027-WKXMW,Platinum
7137-NAXML,Gold
2428-ZMCTB,Gold
2961-VNFKL,Gold
1768-HNVGJ,Platinum
6963-KQYQB,Gold
5934-RMPOV,Platinum
1207-BLKSA,Gold
4088-YLDSU,Platinum
8316-BBQAY,Platinum
1166-PQLGG,Gold
3146-JTQHR,Gold
4291-YZODP,Gold
4395-PZMSN,Silver
6427-FEFIG,Platinum
0017-IUDMW,Platinum
8706-HRADD,Gold
9955-QOPOY,Platinum
4385-ZKVNW,Gold
5446-DKWYW,Platinum
2034-CGRHZ,Platinum
5797-APWZC,Silver
3683-QKIUE,Gold
4228-ZGYUW,Silver
9031-ZVQPT,Platinum
2990-IAJSV,Platinum
8107-KNCIM,Gold
9027-YFHQJ,Gold
5176-LDKUH,Gold
4644-OBGFZ,Gold
7926-IJOOU,Gold
6480-YAGIY,Platinum
4029-HPFVY,Silver
7602-DBTOU,Gold
5345-BMKWB,Gold
3519-ZKXGG,Silver
5457-COLHT,Platinum
6416-TVAIH,Silver
5451-YHYPW,Platinum
5108-ADXWO,Gold
7998-WNZEM,Platinum
3066-RRJIO,Silver
4664-NJCMS,Platinum
0307-BCOPK,Gold
7629-WFGLW,Platinum
2542-HYGIQ,Gold
6715-OFDBP,Silver
5016-LIPDW,Gold
6481-LXPWL,Gold
1567-DSCIC,Platinum
2150-UWTFY,Gold
6124-ACRHJ,Gold
9362-MWODR,Platinum
9975-GPKZU,Gold
9625-RZFUK,Gold
5153-LXKDT,Platinum
5161-UBZXI,Platinum
1020-JPQOW,Platinum
7919-ZODZZ,Gold
0565-JUPYD,Platinum
6867-ACCZI,Platinum
5939-XAIXZ,Gold
9054-FOWNV,Platinum
2683-BPJSO,Platinum
2157-MXBJS,Platinum
8207-VVMYB,Gold
9732-EQMWY,Platinum
9360-AHGNL,Platinum
1087-UDSIH,Gold
5269-NRGDP,Platinum
6195-MELTI,Gold
5485-WUYWF,Silver
2121-JAFOM,Platinum
8818-DOPVL,Platinum
2632-UCGVD,Platinum
5445-PZWGX,Platinum
1227-UDMZR,Platinum
5198-HQAEN,Platinum
9170-CCKOU,Platinum
2167-FQSTQ,Platinum
2819-GWENI,Gold
1043-YCUTE,Gold
3814-MLAXC,Platinum
3572-UUHRS,Gold
2692-PFYTJ,Gold
1226-UDFZR,Silver
5955-EPOAZ,Gold
6821-JPCDC,Platinum
8815-LMFLX,Gold
9135-HSWOC,Gold
8582-KRHPJ,Gold
5811-IWXYM,Platinum
7044-YAACC,Silver
8189-XRIKE,Platinum
1506-YJTYT,Platinum
4123-DVHPH,Platinum
6425-YQLLO,Platinum
5442-UTCVD,Silver
2228-BZDEE,Gold
7734-DBOAI,Silver
2789-CZANW,Platinum
2091-RFFBA,Gold
2114-MGINA,Platinum
7596-LDUXP,Gold
3740-RLMVT,Platinum
4489-SNOJF,Platinum
2192-OZITF,Platinum
5651-CPDND,Gold
2186-QZEYA,Gold
1131-ALZWV,Gold
7729-XBTWX,Gold
9134-WYRVP,Platinum
3284-SVCRO,Gold
9732-OUYRN,Gold
0559-CKHUS,Gold
2931-SVLTV,Platinum
6899-PPEEA,Platinum
7504-UWHNB,Gold
2582-FFFZR,Gold
8908-NMQTX,Platinum
2187-LZGPL,Gold
1431-AIDJQ,Platinum
6288-LBEAR,Gold
4597-NUCQV,Platinum
9019-QVLZD,Silver
8413-YNHNV,Platinum
5808-TOTXO,Gold
4369-NYSCF,Platinum
6333-YDVLT,Platinum
5324-KTGCG,Gold
5599-HVLTW,Gold
7394-LWLYN,Silver
3707-LRWZD,Platinum
6873-UDNLD,Platinum
2700-LUEVA,Gold
1455-ESIQH,Silver
0958-YHXGP,Gold
1101-SSWAG,Gold
2979-SXESE,Platinum
4013-TLDHQ,Gold
5743-KHMNA,Gold
4194-FJARJ,Platinum
5325-UWTWJ,Platinum
3969-GYXEL,Gold
9208-OLGAQ,Platinum
3244-CQPHU,Platinum
2674-MLXMN,Platinum
9708-HPXWZ,Gold
6992-TKNYO,Platinum
4468-YDOVK,Gold
3754-DXMRT,Silver
5792-JALQC,Platinum
7130-VTEWQ,Gold
2200-DSAAL,Platinum
4302-ZYFEL,Gold
9351-LZYGF,Platinum
4366-CTOUZ,Platinum
6121-VZNQB,Gold
7903-CMPEY,Silver
1518-OMDIK,Gold
6671-NGWON,Gold
0595-ITUDF,Platinum
6996-KNSML,Silver
1955-IBMMB,Gold
0096-BXERS,Gold
3806-YAZOV,Gold
7998-ZLXWN,Gold
6253-WRFHY,Gold
9133-AYJZG,Platinum
2675-OTVVJ,Platinum
8680-CGLTP,Gold
8430-TWCBX,Gold
5018-GWURO,Platinum
6741-QRLUP,Platinum
4737-HOBAX,Platinum
0537-QYZZN,Platinum
3340-QBBFM,Gold
1704-NRWYE,Gold
2592-SEIFQ,Gold
8200-KLNYW,Platinum
3372-CDXFJ,Gold
4781-ZXYGU,Gold
7632-YUTXB,Gold
2718-YSKCS,Gold
9896-UYMIE,Platinum
0853-NWIFK,Platinum
8212-CRQXP,Gold
6980-CDGFC,Gold
7691-XVTZH,Platinum
2520-SGTTA,Silver
7481-ATQQS,Platinum
2277-VWCNI,Gold
1088-CNNKB,Platinum
8642-GVWRF,Silver
1930-BZLHI,Gold
3400-ESFUW,Platinum
5868-YTYKS,Gold
3525-DVKFN,Gold
1482-OXZSY,Platinum
0377-JBKKT,Gold
5778-BVOFB,Gold
3373-YZZYM,Gold
2057-ZBLPD,Platinum
0228-MAUWC,Gold
5502-RLUYV,Platinum
0023-HGHWL,Gold
7663-YJHSN,Platinum
4915-BFSXL,Platinum
3086-RUCRN,Platinum
5215-LNLDJ,Gold
7576-JMYWV,Platinum
9039-RBEEE,Gold
0257-KXZGU,Platinum
1307-ATKGB,Platinum
8417-FMLZI,Silver
3714-XPXBW,Platinum
1850-AKQEP,Gold
2824-DXNKN,Platinum
5227-JSCFE,Platinum
0848-ZGQIJ,Platinum
3621-CHYVB,Platinum
8042-RNLKO,Gold
1792-UXAFY,Platinum
5372-FBKBN,Gold
0420-TXVSG,Platinum
6217-TOWGS,Platinum
0515-YPMCW,Silver
0378-XSZPU,Platinum
1045-LTCYT,Gold
1544-JJMYL,Platinum
4636-JGAAI,Platinum
6874-SGLHU,Platinum
5951-AOFIH,Platinum
4729-XKASR,Gold
3059-NGMXB,Platinum
8652-YHIYU,Gold
5278-PNYOX,Platinum
5449-FIBXJ,Platinum
3486-HOOGQ,Platinum
5061-PBXFW,Platinum
8630-FJLIB,Gold
3891-NLXJB,Gold
4749-OJKQU,Silver
0577-WHMEV,Platinum
5453-AXEPF,Gold
3639-XJHKQ,Gold
3716-LRGXK,Platinum
2263-SFSQZ,Gold
9950-MTGYX,Gold
3397-AVTKU,Gold
4825-FUREZ,Gold
9837-BMCLM,Silver
2672-OJQZP,Silver
0137-UDEUO,Gold
3134-DSHVC,Platinum
6161-UUUTA,Silver
7821-DPRQE,Platinum
6543-XRMYR,Platinum
2001-EWBQU,Platinum
4925-LMHOK,Gold
1608-GMEWB,Platinum
6695-AMZUF,Platinum
1455-UGQVH,Platinum
8410-BGQXN,Gold
8280-MQRQN,Silver
1619-YWUBB,Gold
7611-YKYTC,Gold
2037-SGXHH,Platinum
3178-FESZO,Silver
0365-GXEZS,Gold
0082-OQIQY,Platinum
6087-MVHJH,Platinum
4603-JANFB,Silver
3018-TFTSU,Gold
3606-SBKRY,Gold
4806-KEXQR,Silver
0667-NSRGI,Platinum
7083-YNSKY,Gold
6893-ODYYE,Platinum
8242-JSVBO,Gold
2479-BRAMR,Platinum
9541-ZPSEA,Platinum
2665-NPTGL,Platinum
1139-WUOAH,Platinum
4693-VWVBO,Gold
7434-SHXLS,Gold
6937-GCDGQ,Gold
0988-JRWWP,Silver
5075-JSDKI,Gold
7908-QCBCA,Silver
8644-XYTSV,Gold
6711-FLDFB,Gold
3873-WOSBC,Gold
7465-ZZRVX,Silver
7975-JMZNT,Platinum
7251-XFOIL,Platinum
4116-IQRFR,Gold
3714-JTVOV,Gold
8259-DZLIZ,Platinum
0442-ZXKVS,Platinum
7853-WNZSY,Gold
3120-FAZKD,Gold
8606-OEGQZ,Gold
0225-ZORZP,Silver
4702-IOQDC,Silver
9489-JMTTN,Platinum
0575-CUQOV,Platinum
0967-BMLBD,Gold
6178-KFNHS,Gold
2830-LEWOA,Platinum
5006-MXVRN,Gold
1264-BYWMS,Platinum
9658-WYUFB,Platinum
8327-WKMIE,Gold
6917-FIJHC,Gold
5329-KRDTM,Platinum
7797-EJMDP,Gold
3530-VWVGU,Gold
2013-SGDXK,Silver
6368-NWMCE,Platinum
3633-CDBUW,Platinum
0707-HOVVN,Platinum
8580-QVLOC,Platinum
3956-MGXOG,Gold
9274-UARKJ,Gold
4077-HWUYD,Platinum
2012-NWRPA,Platinum
8808-ELEHO,Silver
0103-CSITQ,Platinum
3506-LCJDC,Gold
8671-KKKOS,Gold
7305-ZWMAJ,Gold
9518-XXBXE,Gold
3934-HXCFZ,Platinum
6578-KRMAW,Platinum
4860-IJUDE,Gold
7666-WKRON,Platinum
9688-YGXVR,Platinum
0423-UDIJQ,Gold
1945-XISKS,Gold
4910-AQFFX,Gold
2154-KVJFF,Gold
5360-LJCNJ,Platinum
2607-FBDFF,Silver
9647-ERGBE,Platinum
3428-XZMAZ,Silver
1100-DDVRV,Gold
0378-TOVMS,Silver
4355-HBJHH,Platinum
6728-WYQBC,Gold
9058-CBREO,Silver
9029-FEGVJ,Platinum
7216-KAOID,Gold
0318-QUUOB,Silver
6145-NNPNO,Silver
5520-FVEWJ,Platinum
5339-TJFEK,Platinum
5572-ZDXHY,Platinum
2074-GUHPQ,Platinum
4625-XMOYM,Gold
5827-MWCZK,Platinum
1385-TQOZW,Gold
5914-XRFQB,Platinum
4329-YPDDQ,Platinum
4804-NCPET,Gold
3750-CKVKH,Silver
5944-UGLLK,Platinum
8063-GBATB,Platinum
7787-BNTZM,Gold
2252-ISRNH,Platinum
9415-TPKRV,Gold
5322-TEUJK,Platinum
4547-KQRTM,Gold
4877-EVATK,Gold
1866-DIOQZ,Platinum
8375-KVTHK,Platinum
2697-NQBPF,Platinum
3709-OIJEA,Platinum
7639-SUPCW,Gold
1386-ZIKUV,Gold
0599-XNYDO,Gold
6377-WHAOX,Platinum
6855-VLGOS,Gold
8999-XXGNS,Platinum
8746-OQQRW,Gold
3181-MIZBN,Gold
0471-ARVMX,Platinum
7766-CLTIC,Gold
5650-YLIBA,Platinum
0825-CPPQH,Gold
9084-OAYKL,Gold
6122-LJADA,Platinum
2400-XIWIO,Platinum
7524-VRLPL,Platinum
1069-XAIEM,Silver
7569-NMZYQ,Platinum
5201-USSQZ,Platinum
2105-PHWON,Platinum
1494-EJZDW,Gold
4884-TVUQF,Platinum
8003-EWNDZ,Gold
1897-RCFUM,Gold
9256-JTBNZ,Gold
4658-HCOHW,Platinum
2211-RMNHO,Platinum
2432-TFSMK,Platinum
3440-JPSCL,Silver
4929-ROART,Gold
1834-ABKHQ,Gold
1741-WTPON,Platinum
3932-IJWDZ,Platinum
1240-HCBOH,Gold
3594-KADLU,Gold
8065-BVEPF,Platinum
3796-ENZGF,Platinum
1734-ZMNTZ,Gold
2853-CWQFQ,Silver
0813-TAXXS,Platinum
2519-TWKFS,Gold
2889-FPWRM,Platinum
0626-QXNGV,Gold
6723-CEGQI,Gold
6987-XQSJT,Platinum
4732-RRJZC,Gold
9499-XPZXM,Platinum
4338-EYCER,Gold
3007-FDPEA,Gold
6350-XFYGW,Silver
4290-BSXUX,Silver
8513-OLYGY,Platinum
0311-QYWSS,Gold
8705-DWKTI,Platinum
8755-IWJHN,Platinum
0325-XBFAC,Silver
4480-QQRHC,Gold
0929-PECLO,Platinum
3680-CTHUH,Platinum
1202-KKGFU,Gold
6112-KTHFQ,Gold
1852-XEMDW,Platinum
2462-XIIJB,Silver
4760-XOHVN,Gold
1820-DJFPH,Gold
9426-SXNHE,Gold
9068-FHQHD,Gold
1269-FOYWN,Gold
9470-YFUYI,Platinum
7817-BOQPW,Silver
7402-EYFXX,Platinum
1853-UDXBW,Silver
9895-VFOXH,Gold
5458-CQJTA,Platinum
1230-QAJDW,Silver
5701-ZIKJE,Gold
5219-YIPTK,Platinum
5032-MIYKT,Silver
7396-VJUZB,Gold
9717-QEBGU,Silver
5172-RKOCB,Platinum
6509-TSGWN,Gold
3540-RZJYU,Platinum
3178-CIFOT,Gold
2091-MJTFX,Gold
4530-NDRKU,Gold
5985-TBABQ,Platinum
9800-ONTFE,Gold
6743-HHQPF,Gold
8455-HIRAQ,Gold
6616-AALSR,Platinum
0883-EIBTI,Gold
9415-ZNBSX,Platinum
4018-KJYUY,Gold
0722-TROQR,Silver
7571-YXDAD,Silver
3884-UEBXB,Gold
8780-RSYYU,Gold
5537-UXXVS,Gold
1791-PQHBB,Silver
8701-DGLVH,Gold
8741-LQOBK,Gold
3393-FMZPV,Platinum
8082-GHXOP,Gold
6402-ZFPPI,Platinum
0980-FEXWF,Gold
7486-KSRVI,Platinum
3011-WQKSZ,Gold
8443-WVPSS,Platinum
3006-XIMLN,Silver
8218-FFJDS,Platinum
1986-PHGZF,Gold
9965-YOKZB,Silver
0504-HHAPI,Platinum
9360-OMDZZ,Platinum
6305-YLBMM,Platinum
0345-XMMUG,Platinum
8024-XNAFQ,Platinum
3647-GMGDH,Platinum
2988-GBIVW,Platinum
2832-SCUCO,Gold
7036-ZZKBD,Platinum
3791-LGQCY,Platinum
0265-PSUAE,Platinum
0463-TXOAK,Gold
0594-UFTUL,Gold
9509-MPYOD,Gold
9128-CPXKI,Platinum
0129-KPTWJ,Platinum
8166-ZZTFS,Platinum
5855-EIBDE,Platinum
5365-LLFYV,Silver
5956-YHHRX,Platinum
6008-NAIXK,Platinum
2956-GGUCQ,Platinum
1928-BXYIV,Silver
5760-FXFVO,Silver
6595-COKXZ,Silver
0961-ZWLVI,Platinum
5181-OABFK,Platinum
4007-NHVHI,Platinum
7816-VGHTO,Gold
5871-DGTXZ,Gold
7550-WIQVA,Platinum
7544-ZVIKX,Platinum
0016-QLJIS,Platinum
7508-DQAKK,Platinum
5176-OLSKT,Platinum
9356-AXGMP,Platinum
3556-BVQGL,Gold
0362-ZBZWJ,Platinum
8979-CAMGB,Platinum
4211-MMAZN,Gold
7581-EBBOU,Platinum
4274-OWWYO,Silver
5073-RZGBK,Platinum
1541-ETJZO,Silver
2192-CKRLV,Platinum
3154-HMWUU,Gold
6119-SPUDB,Gold
6522-OIQSX,Platinum
7813-ZGGAW,Platinum
8748-HFWBO,Gold
1052-QJIBV,Gold
1319-YLZJG,Platinum
4106-HADHQ,Platinum
0723-FDLAY,Platinum
3050-RLLXC,Platinum
9298-WGMRW,Platinum
2369-UAPKZ,Silver
3088-LHEFH,Gold
2778-OCLGR,Gold
6583-KQJLK,Platinum
8544-JNBOX,Gold
6681-ZSEXG,Platinum
6139-ZZRBQ,Gold
6116-RFVHN,Platinum
0637-KVDLV,Silver
8884-FEEWR,Gold
3125-RAHBV,Gold
6633-MPWBS,Gold
0373-AIVNJ,Gold
8785-EPNCG,Gold
1682-VCOIO,Gold
5729-KLZAR,Silver
2072-ZVJJX,Gold
8849-AYPTR,Platinum
9518-IMLHK,Platinum
1582-RAFML,Silver
3646-ITDGM,Gold
8740-CRYFY,Silver
3569-VLDHH,Platinum
8224-KDLKN,Gold
7594-LZNWR,Gold
4001-TSBTV,Platinum
2962-XPMCQ,Silver
8727-XDPUD,Gold
1043-UXOVO,Platinum
1064-FBXNK,Gold
3996-ZNWYK,Gold
2878-DHMIN,Gold
7762-ONLJY,Gold
1678-FYZOW,Silver
5795-BKOYE,Platinum
8627-EHGIP,Platinum
7402-PWYJJ,Platinum
5480-TBGPH,Platinum
0018-NYROU,Silver
7501-VTYLJ,Silver
7608-RGIRO,Gold
0480-BIXDE,Platinum
5895-QSXOD,Gold
9814-AOUDH,Gold
6175-IRFIT,Silver
8760-ZRHKE,Platinum
1622-HSHSF,Gold
8854-CCVSQ,Gold
6749-UTDVX,Platinum
5542-DHSXL,Gold
9102-OXKFY,Gold
0511-JTEOY,Silver
5216-WASFJ,Platinum
7808-DVWEP,Gold
7067-KSAZT,Platinum
2284-VFLKH,Platinum
0366-NQSHS,Gold
6532-YLWSI,Gold
3807-BPOMJ,Platinum
3892-NXAZG,Platinum
4948-WBBKL,Gold
4182-BGSIQ,Gold
9300-AGZNL,Silver
0988-AADSA,Platinum
9972-NKTFD,Gold
3717-LNXKW,Platinum
5734-EJKXG,Platinum
2207-RYYRL,Gold
6729-FZWSY,Gold
9695-IDRZR,Platinum
8144-DGHXP,Platinum
7814-LEEVE,Gold
1112-CUNAO,Platinum
5175-AOBHI,Gold
5174-RNGBH,Gold
8631-WUXGY,Platinum
7270-BDIOA,Platinum
9565-JSNFM,Gold
5906-DVAPM,Platinum
6654-QGBZZ,Gold
8348-JLBUG,Platinum
0607-DAAHE,Gold
5641-DMBFJ,Platinum
9200-NLNPD,Platinum
2664-XJZNO,Platinum
9732-KPKBW,Silver
3339-EAQNV,Platinum
0921-OHLVP,Platinum
3389-YGYAI,Platinum
9560-ARGQJ,Gold
8350-NYMVI,Gold
1600-DILPE,Gold
0536-ESJEP,Platinum
4654-GGUII,Gold
6478-HRRCZ,Platinum
8510-BBWMU,Gold
6857-TKDJV,Gold
2360-RDGRO,Platinum
0584-BJQGZ,Platinum
5134-IKDAY,Silver
1360-XFJMR,Platinum
3070-DVEYC,Gold
5730-RIITO,Gold
9058-MJLZC,Platinum
5707-ORNDZ,Gold
0902-XKXPN,Gold
5177-RVZNU,Gold
0056-EPFBG,Gold
8993-IZEUX,Gold
8696-JKZNU,Gold
5380-AFSSK,Silver
8190-ZTQFB,Gold
0931-MHTEM,Platinum
2055-PDADH,Silver
7515-LODFU,Gold
0440-UEDAI,Platinum
1337-BOZWO,Gold
0868-VJRDR,Platinum
8714-EUHJO,Platinum
6344-SFJVH,Gold
3950-VPYJB,Platinum
8041-TMEID,Platinum
7321-ZNSLA,Gold
6941-KXRRV,Gold
3721-CNEYS,Silver
8727-JQFHV,Gold
9475-NNDGC,Platinum
1355-KUSBG,Gold
3688-FTHLT,Gold
0899-LIIBW,Platinum
2568-OIADY,Platinum
1384-RCUXW,Gold
5825-XJOCM,Platinum
6848-YLDFR,Platinum
8125-QPFJD,Platinum
2320-YKQBO,Gold
1193-RTSLK,Platinum
2302-ANTDP,Platinum
5923-GXUOC,Platinum
4973-RLZVI,Platinum
7869-ZYDST,Gold
4501-UYKBC,Platinum
1215-EXRMO,Gold
2305-MRGLV,Gold
8404-VIOMB,Platinum
5233-GEEAX,Gold
2359-KLTEK,Platinum
5304-EFJLP,Platinum
2673-ZALNP,Gold
9184-GALIL,Gold
4393-RYCRE,Platinum
9746-MDMBK,Platinum
3162-ZJZFU,Platinum
8404-GFGCZ,Silver
8875-AKBYH,Platinum
4432-ADRLB,Silver
0533-UCAAU,Platinum
1394-SUIUH,Platinum
3521-MNKLV,Gold
2533-TIBIX,Gold
8993-PHFWD,Gold
1565-RHDJD,Silver
7137-RYLPP,Platinum
3765-JXVKY,Silver
5092-STPKP,Gold
7330-WZLNC,Silver
0114-PEGZZ,Platinum
3359-DSRKA,Gold
8639-NHQEI,Platinum
7161-DFHUF,Gold
3957-LXOLK,Platinum
3720-DBRWL,Platinum
6635-MYYYZ,Platinum
8565-WUXZU,Platinum
5281-BUZGT,Platinum
4994-OBRSZ,Platinum
0562-FGDCR,Platinum
2436-QBZFP,Gold
3420-YJLQT,Silver
6040-CGACY,Gold
6582-PLFUU,Gold
8242-PDSGJ,Gold
0264-CNITK,Gold
0089-IIQKO,Platinum
7839-NUIAA,Platinum
6075-QMNRR,Gold
5378-IKEEG,Silver
5966-EMAZU,Platinum
0440-EKDCF,Platinum
4774-HHGGS,Gold
2718-GAXQD,Gold
2055-BFOCC,Platinum
8180-AKMJV,Silver
4298-OYIFC,Platinum
5566-SOEZD,Platinum
9842-EFSYY,Silver
2272-WUSPA,Platinum
4584-LBNMK,Gold
3898-GUYTS,Platinum
0930-EHUZA,Platinum
6413-XKKPU,Platinum
9975-SKRNR,Gold
3703-KBKZP,Gold
1449-XQEMT,Gold
2626-URJFX,Gold
4973-MGTON,Platinum
3682-YEUWS,Gold
1223-UNPKS,Gold
2612-RRIDN,Silver
4735-ASGMA,Platinum
3446-QDSZF,Gold
3669-LVWZB,Gold
6892-EZDTG,Silver
5117-IFGPS,Platinum
7379-FNIUJ,Silver
1627-AFWVJ,Gold
9725-SCPZG,Silver
5884-GCYMI,Silver
3217-FZDMN,Silver
4486-EFAEB,Gold
0060-FUALY,Platinum
7853-GVUDZ,Gold
7480-QNVZJ,Platinum
6954-OOYZZ,Gold
7088-FBAWU,Platinum
8313-AFGBW,Platinum
3943-KDREE,Gold
9239-ZBZZV,Gold
3097-IDVPU,Gold
4398-HSCJH,Silver
2197-OMWGI,Platinum
2303-PJYHN,Gold
9795-VOWON,Gold
1237-WIYYZ,Gold
1987-AUELQ,Gold
7852-LECYP,Platinum
4430-UZIPO,Gold
4822-LPTYJ,Platinum
8165-CBKXO,Platinum
6527-PZFPV,Gold
4855-SNKMY,Silver
9593-CVZKR,Gold
8595-SIZNC,Gold
8008-HAWED,Gold
7124-UGSUR,Platinum
1862-SKORY,Gold
5236-XMZJY,Platinum
4827-DPADN,Platinum
2694-CIUMO,Gold
5846-ABOBJ,Gold
1439-LCGVL,Gold
0909-SDHNU,Gold
4647-XXZAM,Gold
1502-XFCVR,Platinum
7740-KKCXF,Gold
5360-XGYAZ,Platinum
9692-TUSXH,Platinum
7912-SYRQT,Gold
3557-HTYWR,Platinum
4816-JBHOV,Silver
8920-NAVAY,Platinum
1699-TLDLZ,Gold
5600-PDUJF,Gold
8292-TYSPY,Gold
0567-XRHCU,Gold
1867-BDVFH,Gold
2067-QYTCF,Platinum
2359-QWQUL,Platinum
9103-TCIHJ,Gold
7407-SUJIZ,Gold
9150-KPBJQ,Gold
0052-DCKON,Platinum
3654-ARMGP,Platinum
9699-UBQFS,Platinum
9367-TCUYN,Gold
1261-FWTTE,Gold
3528-HFRIQ,Platinum
0708-SJDIS,Platinum
4140-WJAWW,Gold
2073-QBVBI,Gold
6928-ONTRW,Gold
3320-VEOYC,Platinum
5231-FIQPA,Gold
6617-WLBQC,Platinum
2599-CIPQE,Platinum
6653-CBBOM,Silver
8774-GSBUN,Gold
7326-RIGQZ,Gold
1401-FTHFQ,Gold
3247-ZVOUO,Gold
0254-FNMCI,Platinum
1848-LBZHY,Gold
6101-IMRMM,Silver
8118-TJAFG,Platinum
5429-LWCMV,Platinum
7298-IZWLY,Gold
9758-MFWGD,Gold
3955-JBZZM,Gold
1268-ASBGA,Platinum
8943-URTMR,Silver
4815-TUMEQ,Gold
4713-LZDRV,Silver
9909-IDLEK,Platinum
4092-OFQZS,Gold
1561-BWHIN,Gold
4325-NFSKC,Platinum
9927-DSWDF,Platinum
9500-LTVBP,Platinum
7252-NTGSS,Silver
8149-AIQCG,Gold
1360-JYXKQ,Platinum
2955-PSXOE,Gold
7762-URZQH,Platinum
0899-WZRSD,Platinum
3255-GRXMG,Gold
4828-FAZPK,Gold
6094-ZIVKX,Platinum
6925-BAYGL,Gold
3262-EIDHV,Platinum
7354-OIJLX,Gold
1376-HHBDV,Gold
6907-NZZIJ,Platinum
6133-OZILE,Gold
4135-FRWKJ,Platinum
2911-UREFD,Platinum
3744-ZRRDZ,Platinum
5673-TIYIB,Silver
6551-ZCOTS,Gold
7191-ADRGF,Platinum
5018-LXQQG,Platinum
6892-BOGQE,Gold
1602-IJQQE,Silver
4628-WQCQQ,Platinum
1746-TGTWV,Silver
5995-SNNEW,Platinum
8050-WYBND,Gold
2821-WARNZ,Gold
4879-GZLFH,Platinum
1644-IRKSF,Platinum
8314-HTWVE,Gold
9402-ROUMJ,Platinum
2507-QZPQS,Platinum
7159-NOKYQ,Platinum
5707-ZMDJP,Platinum
8779-YIQQA,Gold
7136-IHZJA,Platinum
8966-OIQHG,Gold
7074-STDCN,Gold
3705-PSNGL,Gold
8739-QOTTN,Gold
1399-OUPJN,Gold
0277-BKSQP,Gold
6502-HCJTI,Platinum
2606-RMDHZ,Gold
5774-XZTQC,Gold
2676-SSLTO,Platinum
6266-QHOJZ,Platinum
7269-JISCY,Gold
0363-SVHYR,Platinum
8547-NSBBO,Platinum
8258-GSTJK,Silver
6861-OKBCE,Gold
9940-RHLFB,Silver
6591-QGOYB,Platinum
9070-BCKQP,Platinum
6421-SZVEM,Platinum
1328-EUZHC,Gold
2995-UPRYS,Platinum
8878-RYUKI,Gold
9633-DENPU,Gold
7811-JIVPF,Gold
7113-HIPFI,Platinum
8541-QVFKM,Gold
6686-YPGHK,Platinum
1383-EZRWL,Gold
9258-CNWAC,Platinum
5371-VYLSX,Platinum
6374-AFWOX,Platinum
4759-TRPLW,Silver
5317-FLPJF,Platinum
7621-VPNET,Platinum
6034-YMTOB,Silver
8563-IIOXK,Gold
4903-CNOZC,Platinum
4353-HYOJD,Gold
8020-BWHYL,Gold
7267-FRMJW,Gold
2982-VPSGI,Platinum
4188-FRABG,Platinum
8199-ZLLSA,Platinum
4128-ETESU,Platinum
0620-DLSLK,Gold
4625-EWPTF,Gold
5980-NOPLP,Platinum
3850-OKINF,Platinum
6892-XPFPU,Platinum
8010-EZLOU,Gold
1156-ZFYDO,Gold
3295-YVUSR,Silver
8016-NCFVO,Platinum
4119-ZYPZY,Platinum
5549-ZGHFB,Gold
7577-SWIFR,Silver
0303-WMMRN,Gold
6408-OTUBZ,Platinum
5204-HMGYF,Platinum
1078-TDCRN,Gold
3727-OVPRY,Gold
3797-FKOGQ,Gold
7622-NXQZR,Gold
6196-HBOBZ,Platinum
3970-XGJDU,Gold
7017-VFULY,Gold
5562-YJQGT,Gold
8807-OPMBM,Gold
5439-WIKXB,Platinum
9874-QLCLH,Platinum
8294-UIMBA,Platinum
8109-YUOHE,Gold
5840-NVDCG,Platinum
8092-NLTGF,Gold
5928-QLDHB,Gold
9840-EFJQB,Silver
0696-UKTOX,Gold
4801-KFYKL,Gold
3472-OAOOR,Gold
6135-OZQVA,Gold
8062-YBDOE,Silver
2252-JHJGE,Platinum
4188-PCPIG,Platinum
6000-APYLU,Gold
7105-BENQF,Gold
7721-DVEKZ,Gold
3566-VVORZ,Gold
9507-HSMMZ,Gold
2480-SQIOB,Gold
0947-IDHRQ,Silver
7813-TKCVO,Gold
0128-MKWSG,Gold
3672-YITQD,Platinum
4350-ZTLPI,Platinum
9048-JVYVF,Silver
0361-HJRDX,Platinum
5727-MYATE,Platinum
3823-KYNQY,Gold
8988-ECPJR,Platinum
7570-WELNY,Platinum
3021-VLNRJ,Platinum
3776-EKTKM,Silver
2080-CAZNM,Platinum
1028-FFNJK,Platinum
6907-FLBER,Silver
3001-UNBTL,Platinum
5982-PSMKW,Platinum
3507-GASNP,Gold
7096-ZNBZI,Gold
1902-XBTFB,Platinum
1676-MQAOA,Platinum
0786-IVLAW,Platinum
7566-DSRLQ,Platinum
0643-OKLRP,Platinum
7245-JMTTQ,Platinum
6050-IJRHS,Platinum
6202-JVYEU,Gold
8591-TKMZH,Platinum
0734-OXWBT,Silver
4282-ACRXS,Gold
0365-TRTPY,Platinum
7349-ALMUX,Platinum
9381-NDKME,Gold
6502-KUGLL,Gold
1841-YSJGV,Platinum
2794-XIMMO,Platinum
8382-SHQEH,Silver
3511-BFTJW,Gold
7668-XCFYV,Platinum
2983-ZANRP,Silver
7845-URHJN,Gold
3034-ZBEQN,Gold
5018-HEKFO,Gold
2923-ARZLG,Silver
3976-NLDEZ,Gold
2282-YGNOR,Gold
5336-UFNZP,Platinum
6854-EXGSF,Platinum
1241-EZFMJ,Gold
9233-PSYHO,Platinum
5376-PCKNB,Platinum
8044-BGWPI,Gold
4060-LDNLU,Silver
3589-PPVKW,Gold
8327-LZKAS,Platinum
5887-IKKYO,Platinum
1075-BGWOH,Platinum
1755-RMCXH,Gold
0302-JOIVN,Platinum
3858-XHYJO,Platinum
4299-SIMNS,Gold
7025-IWFHT,Platinum
6261-LHRTG,Gold
7841-FCRQD,Gold
2056-EVGZL,Platinum
8777-MBMTS,Platinum
7753-USQYQ,Platinum
5366-IJEQJ,Platinum
7661-CPURM,Platinum
6233-HXJMX,Platinum
5902-WBLSE,Gold
1981-INRFU,Silver
4971-PUYQO,Platinum
3239-TPHPZ,Gold
5115-GZDEL,Platinum
3338-CVVEH,Platinum
8485-GJCDN,Silver
2615-YVMYX,Platinum
2851-STERV,Platinum
4393-GEADV,Platinum
8486-AYEQH,Gold
1527-SXDPN,Platinum
6029-WTIPC,Platinum
8634-CILSZ,Platinum
5419-JKZNQ,Gold
2495-KZNFB,Platinum
1409-PHXTF,Platinum
4560-WQAQW,Platinum
9591-YVTEB,Gold
9309-BZGNT,Gold
4274-DRSQT,Platinum
2027-DNKIV,Platinum
8075-GXIUB,Gold
2885-HIJDH,Platinum
5424-RLQLC,Gold
6682-QJDGB,Gold
6507-DTJZV,Gold
8780-IXSTS,Silver
7673-BQGKU,Gold
6723-WSNTY,Platinum
9530-EHPOH,Gold
2725-IWWBA,Platinum
0345-HKJVM,Silver
1061-PNTHC,Platinum
0394-YONDK,Gold
6574-MCOEH,Platinum
7399-QHBJS,Platinum
3049-SOLAY,Silver
0997-YTLNY,Gold
3317-HRTNN,Gold
9479-HYNYL,Platinum
3235-ETOOB,Gold
9708-KFDBY,Gold
8058-INTPH,Silver
3642-GKTCT,Platinum
0774-RMNUW,Platinum
1334-PDUKM,Platinum
0756-MPZRL,Gold
2242-MFOTG,Platinum
2927-CVULT,Platinum
2144-BFDSO,Platinum
8745-PVESG,Gold
7647-GYYKX,Gold
5647-FXOTP,Platinum
5569-OUICF,Platinum
8821-XNHVZ,Silver
2082-OJVTK,Platinum
9700-ISPUP,Gold
9839-ETQOE,Gold
6078-VESFR,Gold
9027-TMATR,Platinum
5940-NFXKV,Platinum
1941-HOSAM,Silver
9110-HSGTV,Platinum
0704-VCUMB,Gold
6171-ZTVYB,Platinum
8053-WWDRO,Gold
9564-KCLHR,Silver
1935-IMVBB,Platinum
2535-PBCGC,Platinum
2082-CEFLT,Silver
1470-PSXNM,Platinum
1213-NGCUN,Gold
2498-XLDZR,Platinum
9866-OCCKE,Platinum
5338-YHWYT,Platinum
7718-UPSKJ,Platinum
8731-WBBMB,Platinum
1448-CYWKC,Platinum
7901-IIDQV,Gold
2690-DVRVK,Gold
5688-KZTSN,Gold
1270-XKUCC,Gold
0334-ZFJSR,Platinum
2894-QOJRX,Gold
5747-PMBSQ,Platinum
5583-EJXRD,Platinum
4565-EVZMJ,Platinum
3143-JQEGI,Platinum
6386-SZZKH,Platinum
3327-YBAKM,Platinum
9441-QHEVC,Gold
6705-LNMDD,Gold
2580-ASVVY,Gold
3370-GQEAL,Platinum
5032-USPKF,Platinum
2982-IHMFT,Silver
3521-SYVOR,Gold
4254-QPEDE,Platinum
6283-GITPX,Platinum
9526-JAWYF,Platinum
0771-CHWSK,Platinum
9788-HNGUT,Platinum
9495-REDIY,Gold
5375-XLDOF,Platinum
1172-VIYBP,Platinum
5649-VUKMC,Platinum
6559-PDZLR,Platinum
8992-OBVDG,Gold
4273-MBHYA,Silver
4724-WXVWF,Platinum
5701-GUXDC,Gold
1460-UZPRJ,Gold
6082-GLJIX,Gold
5143-EGQFK,Gold
4919-IKATY,Silver
2495-TTHBQ,Gold
0485-ZBSLN,Gold
3810-PJUHR,Gold
9050-QLROH,Platinum
0847-HGRML,Gold
8232-CTLKO,Platinum
9227-YBAXE,Platinum
6168-WFVVF,Silver
9860-LISIZ,Gold
0112-QAWRZ,Platinum
0877-SDMBN,Platinum
2786-GCDPI,Platinum
4043-MKDTV,Platinum
8065-YKXKD,Gold
9637-EIHEQ,Silver
9229-RQABD,Gold
8313-KTIHG,Silver
5320-BRKGK,Platinum
6284-KMNUF,Platinum
9689-PTNPG,Silver
9465-RWMXL,Platinum
6229-UOLQL,Platinum
2362-IBOOY,Platinum
3137-LUPIX,Silver
0843-WTBXE,Platinum
6143-JQKEA,Gold
8676-OOQEJ,Gold
5515-IDEJJ,Gold
9701-CDXHR,Gold
7450-NWRTR,Platinum
8124-NZVGJ,Gold
2162-FRZAA,Gold
5376-DEQCP,Silver
5118-MUEYH,Platinum
9095-HFAFX,Silver
5627-TVBPP,Gold
2379-ENZGV,Silver
3936-QQFLL,Gold
2589-AYCRP,Gold
4067-HLYQI,Gold
5124-EOGYE,Gold
5057-RKGLH,Gold
0292-WEGCH,Platinum
8910-ICHIU,Platinum
4097-YODCF,Platinum
9715-WZCLW,Platinum
9786-YWNHU,Platinum
6407-GSJNL,Gold
6005-OBZPH,Platinum
4049-ZPALD,Platinum
7932-WPTDS,Gold
3733-UOCWF,Platinum
6833-JMZYP,Platinum
2722-VOJQL,Platinum
1310-QRITU,Gold
8961-QDZZJ,Platinum
9715-SBVSU,Gold
8490-BXHEO,Gold
7173-TETGO,Platinum
7929-SKFGK,Platinum
2300-RQGOI,Gold
3563-SVYLG,Platinum
5228-EXCET,Gold
6435-VWCCY,Platinum
4998-IKFSE,Platinum
8630-QSGXK,Platinum
2455-USLMV,Platinum
7394-FKDNK,Silver
9488-FVZCC,Platinum
6331-LWDTQ,Gold
5995-WWKKG,Gold
1597-FZREH,Silver
7879-CGSFV,Platinum
9921-EZKBY,Platinum
7432-FFVAR,Platinum
7246-ZGQDF,Silver
7000-WCEVQ,Gold
0727-IWKVK,Gold
5959-BELXA,Platinum
4456-RHSNB,Gold
3512-IZIKN,Platinum
2481-SBOYW,Gold
7109-MFBYV,Gold
1833-TCXKK,Platinum
1832-PEUTS,Platinum
6141-OOXUQ,Gold
8660-BUETV,Gold
0580-PIQHM,Platinum
5696-CEIQJ,Platinum
7503-ZGUZJ,Silver
1696-HXOWK,Platinum
3026-ATZYV,Platinum
4012-YCFAI,Platinum
2506-TNFCO,Silver
9970-QBCDA,Gold
8718-PTMEZ,Gold
9496-IVVRP,Gold
2207-OBZNX,Gold
2657-VPXTA,Silver
6551-VLJMV,Gold
1221-GHZEP,Platinum
9289-LBQVU,Platinum
6142-VSJQO,Silver
3458-IDMFK,Gold
6933-FHBZC,Gold
0221-NAUXK,Gold
9770-KXGQU,Platinum
6437-UKHMV,Silver
6538-POCHL,Platinum
6726-NNFWD,Platinum
3002-WQZWT,Gold
4277-UDIEF,Platinum
1208-NBVFH,Gold
4912-PIGUY,Silver
1114-CENIM,Gold
6060-DRTNL,Silver
2725-TTRIQ,Platinum
3374-TTZTK,Platinum
8990-ZXLSU,Gold
2275-RBYQS,Silver
8473-VUVJN,Silver
6289-CPNLD,Platinum
5536-SLHPM,Platinum
4419-UJMUS,Platinum
7794-JASDG,Silver
7609-YBPXG,Platinum
5519-TEEUH,Gold
7856-GANIL,Platinum
0804-XBFBV,Gold
2676-OXPPQ,Gold
3703-TTEPD,Gold
2799-TSLAG,Gold
0196-VULGZ,Silver
8837-VVWLQ,Silver
2696-NARTR,Gold
2208-NKVVH,Gold
7614-QVWQL,Gold
1976-CFOCS,Silver
4631-OACRM,Gold
7139-JZFVG,Platinum
4987-GQWPO,Gold
3755-JBMNH,Gold
1757-TCATG,Gold
6345-ULYRW,Platinum
4776-XSKYQ,Gold
8048-DSDFQ,Gold
5753-QQWPW,Gold
6010-DDPPW,Gold
1809-DMJHQ,Gold
6693-FRIRW,Platinum
6586-MYGKD,Platinum
3173-NVMPX,Gold
0248-PGHBZ,Platinum
0623-GDISB,Silver
2892-GESUL,Gold
6923-EFPNL,Gold
7472-EQOAV,Platinum
9574-RKJIF,Platinum
2043-WVTQJ,Silver
8034-RYTVV,Platinum
3863-QSTYI,Platinum
2619-WFQWU,Silver
5044-LRQAQ,Gold
1716-LSAMB,Gold
1333-PBMXB,Gold
6546-OPBBH,Gold
5985-BEHZK,Platinum
9127-QRZMH,Platinum
5919-VCZYM,Gold
9644-KVCNC,Platinum
2137-DQMEV,Gold
8174-LNWMW,Gold
9279-CJEOJ,Platinum
7964-VEXDG,Gold
2404-JIBFC,Platinum
0778-NELLA,Gold
8029-XYPWT,Platinum
4614-NUVZD,Silver
4632-PAOYU,Gold
3803-KMQFW,Gold
6804-GDMOI,Platinum
2990-OGYTD,Platinum
6646-JPPHA,Gold
9572-MTILT,Platinum
7658-UYUQS,Platinum
7880-XSOJX,Gold
9611-CTWIH,Silver
4589-IUAJB,Gold
0329-GTIAJ,Silver
8746-BFOAJ,Gold
8457-XIGKN,Gold
6072-NUQCB,Gold
6629-CZTTH,Silver
8838-GPHZP,Gold
8750-QWZAJ,Gold
5364-EVNIB,Gold
6918-UMQCG,Silver
0675-NCDYU,Platinum
6339-DKLMK,Gold
1346-PJWTK,Platinum
5088-QZLRL,Gold
8023-QHAIO,Platinum
4397-FRLTA,Gold
3057-VJJQE,Gold
5087-SUURX,Gold
2302-OUZXB,Platinum
8133-ANHHJ,Platinum
2270-CHBFN,Platinum
0013-EXCHZ,Silver
5982-FPVQN,Platinum
9107-UKCKY,Platinum
4654-ULTTN,Platinum
5550-VFRLC,Silver
5546-BYZSM,Gold
1492-KGETH,Platinum
4929-BSTRX,Silver
4163-HFTUK,Gold
8215-NGSPE,Gold
2225-ZRGSG,Platinum
8859-YSTWS,Gold
5271-YNWVR,Platinum
7601-DHFWZ,Gold
2657-ALMWY,Platinum
6330-JKLPC,Gold
4667-OHGKG,Gold
1998-VHJHK,Gold
1707-HABPF,Platinum
1660-HSOOQ,Silver
7253-UVNDW,Gold
0487-VVUVK,Gold
7228-OMTPN,Silver
5063-IUOKK,Gold
4508-OEBEY,Platinum
0027-KWYKW,Platinum
2308-STERM,Gold
5982-XMDEX,Gold
6284-AHOOQ,Platinum
6051-PTVNS,Gold
2344-JMOGN,Platinum
3799-ISUZQ,Gold
2877-VDUER,Gold
9152-AMKAK,Platinum
1794-HBQTJ,Silver
9432-VOFYX,Gold
8049-WJCLQ,Gold
6586-PSJOX,Gold
2460-FPSYH,Platinum
9705-ZJBCG,Gold
4818-DRBQT,Platinum
1320-HTRDR,Silver
6847-KJLTS,Platinum
9670-BPNXF,Platinum
3913-FCUUW,Platinum
3301-VKTGC,Platinum
1493-AMTIE,Gold
9555-SAHUZ,Gold
0816-TSPHQ,Gold
9932-WBWIK,Gold
4619-EVPHY,Platinum
5286-YHCVC,Platinum
6424-ELEYH,Silver
4391-RESHN,Platinum
9115-YQHGA,Gold
4462-CYWMH,Platinum
8963-MQVYN,Gold
2458-EOMRE,Gold
9334-GWGOW,Gold
6821-BUXUX,Platinum
5028-HTLJB,Gold
9801-GDWGV,Platinum
6542-LWGXJ,Gold
5567-GZKQY,Gold
1222-LRYKO,Gold
2320-JRSDE,Gold
2087-QAREY,Gold
0601-WZHJF,Gold
4423-JWZJN,Platinum
5143-WMWOG,Gold
6490-FGZAT,Gold
5393-RXQSZ,Silver
7452-FOLON,Gold
2320-TZRRH,Gold
0231-LXVAP,Silver
9444-JTXHZ,Silver
4942-VZZOM,Platinum
5510-BOIUJ,Gold
7502-BNYGS,Platinum
4291-HYEBC,Gold
6147-CBCRA,Gold
6047-SUHPR,Platinum
4471-KXAUH,Platinum
9752-ZNQUT,Silver
7638-QVMVY,Silver
1576-PFZIW,Platinum
5666-MBJPT,Gold
7312-XSBAT,Silver
3096-GKWEB,Platinum
2371-JQHZZ,Platinum
0674-GCDXG,Platinum
1121-QSIVB,Platinum
4396-KLSEH,Gold
3244-DCJWY,Silver
2824-MYYBN,Platinum
0875-CABNR,Gold
6345-HOVES,Gold
8318-LCNBW,Gold
6469-QJKZW,Gold
0147-ESWWR,Platinum
1217-VASWC,Platinum
7812-FZHPE,Gold
6370-ZVHDV,Gold
5915-DGNVC,Platinum
6260-XLACS,Gold
3566-CAAYU,Platinum
4983-CCWMC,Silver
9103-CXVOK,Gold
2896-TBNBE,Platinum
4797-AXPXK,Silver
5229-PRWKT,Silver
6982-UQZLY,Gold
2522-WLNSF,Platinum
3841-CONLJ,Silver
5057-LCOUI,Gold
0193-ESZXP,Platinum
4475-NVTLU,Gold
4369-HTUIF,Silver
9386-LDCZR,Platinum
9585-KKMFD,Gold
5399-ZIMKF,Silver
0336-KXKFK,Platinum
5619-XZZKR,Gold
3948-FVVRP,Gold
5327-XOKKY,Platinum
0983-TATYJ,Gold
1813-JYWTO,Platinum
0156-FVPTA,Gold
1984-FCOWB,Platinum
0654-HMSHN,Platinum
6719-OXYBR,Platinum
3312-ZWLGF,Platinum
6476-YHMGA,Platinum
5287-QWLKY,Platinum
0795-XCCTE,Gold
0168-XZKBB,Platinum
3785-NRHYR,Gold
5196-SGOAK,Silver
4537-DKTAL,Silver
7072-MBHEV,Gold
5602-BVFMK,Gold
6297-NOOPG,Platinum
1891-UAWWU,Platinum
8204-TIFGJ,Gold
8050-DVOJX,Platinum
6108-OQZDQ,Silver
0363-QJVFX,Platinum
8903-XEBGX,Silver
8169-SAEJD,Platinum
9840-DVNDC,Silver
1089-XZWHH,Gold
2325-WINES,Platinum
6064-ZATLR,Gold
3096-JRDSO,Platinum
7824-PANSQ,Platinum
8042-JVNFH,Silver
9648-BCHKM,Gold
2888-ADFAO,Gold
8707-HOEDG,Platinum
3374-LXDEV,Platinum
4072-IPYLT,Gold
7167-PCEYD,Gold
4936-YPJNK,Gold
1580-BMCMR,Platinum
4817-KEQSP,Gold
6408-WHTEF,Platinum
9251-AWQGT,Gold
8749-CLJXC,Gold
7989-VCQOH,Platinum
5049-GLYVG,Gold
4199-QHJNM,Platinum
8882-TLVRW,Gold
5883-GTGVD,Platinum
5135-GRQJV,Platinum
2384-OVPSA,Gold
1371-WEPDS,Gold
3580-GICBM,Gold
4817-QRJSX,Gold
9730-DRTMJ,Platinum
4686-UXDML,Platinum
3349-ANQNH,Platinum
2398-YPMUR,Gold
0932-YIXYU,Gold
7480-SPLEF,Gold
7636-XUHWW,Gold
1431-CYWMH,Gold
5937-EORGB,Platinum
6349-JDHQP,Gold
5539-HIVAK,Gold
5847-MXBEO,Gold
9985-MWVIX,Silver
4583-PARNH,Platinum
1116-FRYVH,Gold
1421-HCERK,Platinum
9633-XQABV,Silver
0716-BQNDX,Platinum
1265-XTECC,Platinum
1183-CANVH,Gold
1972-XMUWV,Platinum
8679-LZBMD,Platinum
3407-JMJQQ,Platinum
6252-DFGTK,Platinum
1539-LNKHM,Gold
8645-KOMJQ,Platinum
0289-IVARM,Platinum
9761-XUJWD,Silver
4057-FKCZK,Platinum
4291-TPNFG,Platinum
6087-YPWHO,Platinum
3090-QFUVD,Gold
2237-ZFSMY,Platinum
1722-LDZJS,Gold
1818-ESQMW,Platinum
4871-JTKJF,Silver
1415-YFWLT,Silver
7401-RUBNK,Gold
0506-YLVKJ,Gold
8661-BOYNW,Platinum
6711-VTNRE,Platinum
4815-GBTCD,Gold
2805-AUFQN,Gold
0980-PVMRC,Gold
7233-DRTRF,Platinum
3500-RMZLT,Platinum
3873-NFTGI,Gold
1162-ECVII,Platinum
7048-GXDAY,Platinum
8571-ZCMCX,Platinum
1169-WCVAK,Platinum
4548-SDBKE,Silver
8066-POXGX,Gold
7129-CAKJW,Gold
8695-ARGXZ,Gold
3570-YUEKJ,Gold
4143-OOBWZ,Silver
1555-HAPSU,Gold
1697-NVVGY,Gold
7854-EKTJL,Gold
8464-EETCQ,Gold
2419-FSORS,Platinum
8132-YPVBX,Silver
9102-IAYHT,Platinum
6754-LZUKA,Platinum
3422-LYEPQ,Silver
8099-MZPUJ,Platinum
0787-LHDYT,Gold
2642-DTVCO,Silver
0374-IOEGQ,Gold
4361-JEIVL,Silver
3197-NNYNB,Platinum
3396-DKDEL,Platinum
1752-OZXFY,Platinum
9066-QRSDU,Gold
9112-WSNPU,Gold
9867-NNXLC,Gold
5321-NTRKC,Platinum
1363-TXLSL,Silver
9507-EXLTT,Silver
3161-GETRM,Platinum
0402-OAMEN,Gold
6933-VLYFX,Platinum
6754-WKSHP,Gold
9846-GKXAS,Silver
6017-PPLPX,Gold
4976-LNFVV,Gold
5055-MGMGF,Platinum
4641-FROLU,Gold
2862-JVEOY,Gold
2969-QWUBZ,Silver
9822-BIIGN,Platinum
2077-MPJQO,Gold
1534-OULXE,Gold
7136-RVDTZ,Gold
2971-SGAFL,Platinum
1480-IVEVR,Platinum
2905-KFQUV,Silver
4581-SSPWD,Silver
3370-HXOPH,Silver
9391-YZEJW,Platinum
9958-MEKUC,Platinum
0281-CNTZX,Gold
6927-WTFIV,Gold
4118-CEVPF,Platinum
3398-ZOUAA,Gold
9114-VEPUF,Platinum
7876-BEUTG,Gold
2338-BQEZT,Gold
9873-MNDKV,Gold
0378-NHQXU,Platinum
8241-JUIQO,Gold
2194-IIQOF,Platinum
4512-ZUIYL,Silver
9631-RXVJM,Gold
9584-EXCDZ,Gold
7969-AULMZ,Platinum
5093-FEGLU,Gold
2621-UDNLU,Gold
7526-IVLYU,Gold
2428-HYUNX,Gold
9214-EKVXR,Silver
3410-MHHUM,Platinum
0568-ONFPC,Gold
0733-VUNUW,Gold
4550-EVXNY,Silver
2122-YWVYA,Gold
2968-SSGAA,Platinum
2296-DKZFP,Platinum
4844-JJWUY,Silver
6777-TGHTM,Platinum
8909-BOLNL,Gold
6603-YRDCJ,Platinum
3538-WZPHD,Gold
3229-USWAR,Platinum
2138-VFAPZ,Gold
6131-JLWZM,Gold
4785-QRJHC,Platinum
0269-XFESX,Gold
1709-EJDOX,Gold
4316-XCSLJ,Gold
8610-WFCJF,Platinum
9693-XMUOB,Gold
0383-CLDDA,Platinum
4905-JEFDW,Gold
2709-UQGNP,Gold
3549-ZTMNH,Gold
7881-INRLC,Platinum
8033-ATFAS,Gold
1635-NZATJ,Gold
0562-HKHML,Gold
8277-RVRSV,Gold
9943-VSZUV,Platinum
0117-LFRMW,Gold
6172-FECYY,Platinum
7054-ENNGU,Gold
1455-HFBXA,Platinum
9402-CXWPL,Platinum
1628-BIZYP,Silver
1965-AKTSX,Gold
0082-LDZUE,Silver
4786-UKSNZ,Gold
5343-SGUBI,Platinum
0856-NAOES,Gold
1976-AZZPJ,Gold
7248-VZQLC,Platinum
6156-UZDLF,Platinum
3099-OONVS,Gold
9500-WBGRP,Gold
5183-KLYEM,Platinum
5144-PQCDZ,Gold
8514-VZHEB,Gold
6625-IUTTT,Platinum
9355-NPPFS,Gold
0068-FIGTF,Platinum
5965-GGPRW,Platinum
8035-PWSEV,Silver
2236-HILPA,Gold
1840-BIUOG,Platinum
1356-MKYSK,Platinum
6080-LNESI,Gold
1830-IPXVJ,Gold
5828-DWPIL,Platinum
8398-TBIYD,Platinum
0011-IGKFF,Platinum
4192-GORJT,Silver
6496-SLWHQ,Silver
9912-GVSEQ,Platinum
2931-FSOHN,Gold
9418-RUKPH,Gold
5383-MMTWC,Silver
9971-ZWPBF,Platinum
4712-AUQZO,Gold
9711-FJTBX,Platinum
2908-ZTPNF,Gold
7240-ETPTR,Gold
2202-CUYXZ,Silver
5995-OIGLP,Gold
8421-WZOOW,Platinum
6261-RCVNS,Platinum
7951-QKZPL,Gold
1414-YADCW,Platinum
8756-RDDLT,Gold
2862-PFNIK,Gold
5816-QVHRX,Platinum
4430-YHXGG,Gold
6888-SBYAI,Silver
7395-XWZOY,Platinum
7169-YWAMK,Platinum
3640-PHQXK,Platinum
6877-LGWXO,Gold
6859-RKMZJ,Gold
2729-VNVAP,Gold
2957-JIRMN,Platinum
2049-BAFNW,Silver
3842-QTGDL,Gold
7163-OCEQI,Platinum
9782-LGXMC,Platinum
5975-BAICR,Platinum
8019-ENHXU,Platinum
5167-GBFRE,Gold
9033-EOXWV,Platinum
4673-KKSLS,Platinum
4853-OITSN,Silver
9800-OUIGR,Gold
1324-NLTJE,Gold
2324-EFHVG,Platinum
7094-MSZAO,Gold
1522-VVDMG,Silver
6907-CQGPN,Gold
0780-XNZFN,Gold
0239-OXEXL,Platinum
2675-IJRGJ,Gold
7049-GKVZY,Platinum
8577-QSOCG,Gold
3721-CNZHX,Gold
0212-ISBBF,Gold
9185-TQCVP,Gold
3585-YNADK,Platinum
5271-DBYSJ,Gold
1099-GODLO,Gold
6828-HMKWP,Gold
5567-WSELE,Silver
1472-TNCWL,Platinum
8063-RJYNF,Platinum
0687-ZVTHB,Platinum
2080-GKCWQ,Silver
9661-ACXBS,Platinum
2193-SFWQW,Platinum
5656-JAMLX,Gold
3462-BJQQA,Silver
0442-TDYUO,Gold
6733-LRIZX,Platinum
9503-XJUME,Gold
4367-NHWMM,Gold
3727-RJMEO,Silver
3779-OSWCF,Platinum
6736-DHUQI,Platinum
3915-ODIYG,Platinum
1360-RCYRT,Gold
2724-FJDYW,Platinum
4451-RWASJ,Gold
6646-VRFOL,Platinum
3460-TJBWI,Gold
5917-HBSDW,Gold
5685-IIXLY,Silver
5671-UUNXD,Platinum
0956-ACVZC,Platinum
2325-NBPZG,Silver
4250-ZBWLV,Platinum
4482-FTFFX,Gold
8859-DZTGQ,Gold
0440-MOGPM,Platinum
0020-JDNXP,Platinum
3752-CQSJI,Gold
5025-GOOKI,Gold
4698-KVLLG,Gold
5095-AESKG,Silver
2887-JPYLU,Gold
4770-QAZXN,Gold
4896-CPRPF,Gold
1871-MOWRM,Gold
9714-EDSUC,Silver
2027-OAQQC,Gold
0282-NVSJS,Gold
9090-SGQXL,Platinum
6595-YGXIT,Platinum
7353-YOWFP,Gold
9835-ZIITK,Platinum
8008-ESFLK,Platinum
7537-CBQUZ,Platinum
1555-DJEQW,Platinum
5649-TJHOV,Gold
0519-XUZJU,Silver
3363-EWLGO,Gold
4750-UKWJK,Gold
6338-AVWCY,Gold
1689-YQBYY,Gold
4487-ZYJZK,Gold
2959-FENLU,Silver
0708-LGSMF,Gold
9253-QXKBE,Platinum
7634-HLQJR,Gold
0487-RPVUM,Platinum
4079-ULGFR,Gold
2516-XSJKX,Platinum
0057-QBUQH,Gold
9445-SZLCH,Platinum
6599-SFQVE,Gold
8331-ZXFOE,Platinum
4003-FUSHP,Gold
0356-ERHVT,Gold
7325-ENZFI,Gold
4884-ZTHVF,Silver
3920-HIHMQ,Gold
3055-OYMSE,Gold
0613-WUXUM,Gold
7568-PODML,Silver
4458-KVRBJ,Gold
5349-IECLD,Silver
1397-XKKWR,Gold
3945-GFWQL,Gold
8097-OMULG,Platinum
6013-BHCAW,Platinum
0401-WDBXM,Platinum
3387-PLKUI,Gold
6096-EGVTU,Gold
3797-VTIDR,Gold
5081-NWSUP,Gold
2580-ATZSQ,Platinum
8085-MSNLK,Platinum
9691-HKOVS,Platinum
9881-VCZEP,Gold
9526-BIHHD,Gold
8757-TFHHJ,Silver
4523-WXCEF,Platinum
1468-DEFNC,Gold
5119-KEPFY,Platinum
8364-TRMMK,Gold
0916-KNFAJ,Platinum
8319-QBEHW,Gold
3063-QFSZL,Silver
8775-LHDJH,Silver
9625-QNLUX,Platinum
3097-NQYSN,Silver
4024-CSNBY,Platinum
7110-BDTWG,Gold
7493-GVFIO,Gold
0690-SRQID,Gold
9605-WGJVW,Silver
9114-DPSIA,Platinum
4700-UBQMV,Platinum
7711-GQBZC,Gold
3565-UNOCC,Platinum
4627-MIHJH,Platinum
9795-NREXC,Platinum
8573-CGOCC,Gold
7356-AYNJP,Gold
9249-FXSCK,Platinum
5493-SDRDQ,Silver
6286-SUUWT,Gold
4819-HJPIW,Gold
8654-DHAOW,Silver
5438-QMDDL,Gold
9812-GHVRI,Platinum
5553-AOINX,Platinum
1228-ZLNBX,Gold
4226-KKDON,Gold
3831-YCPUO,Platinum
7445-WMRBW,Platinum
3308-DGHKL,Gold
9924-JPRMC,Platinum
0080-EMYVY,Gold
6218-KNUBD,Gold
7337-CINUD,Gold
7609-NRNCA,Gold
0623-EJQEG,Platinum
7153-CHRBV,Platinum
0871-URUWO,Platinum
9190-MFJLN,Platinum
6198-PNNSZ,Platinum
3317-VLGQT,Gold
4132-POCZS,Gold
5614-DNZCE,Platinum
1095-JUDTC,Platinum
3896-RCYYE,Platinum
9638-JIQYA,Gold
3258-SANFR,Gold
3726-TBHQT,Platinum
3190-ITQXP,Gold
0870-VEMYL,Gold
4833-QTJNO,Platinum
3039-MJSLN,Gold
0178-CIIKR,Gold
5385-SUIRI,Platinum
3982-XWFZQ,Gold
5774-QPLTF,Gold
2322-VCZHZ,Platinum
5010-IPEAQ,Platinum
4009-ALQFH,Platinum
6383-ZTSIW,Platinum
8990-YOZLV,Platinum
3069-SSVSN,Gold
5222-IMUKT,Platinum
3627-FCRDW,Gold
7562-GSUHK,Platinum
6685-XSHHU,Gold
8901-UPRHR,Platinum
4903-UYAVB,Gold
0118-JPNOY,Platinum
6776-TLWOI,Gold
3845-FXCYS,Gold
5857-XRECV,Gold
0725-CXOTM,Platinum
4343-EJVQB,Gold
9000-PLFUZ,Gold
3427-GGZZI,Platinum
7779-ORAEL,Platinum
0644-OQMDK,Silver
4077-CROMM,Platinum
3154-CFSZG,Platinum
2868-MZAGQ,Silver
4847-QNOKA,Silver
2220-IAHLS,Gold
1658-XUHBX,Platinum
6379-RXJRQ,Gold
2378-HTWFW,Platinum
8650-RHRKE,Gold
4377-VDHYI,Platinum
0475-RIJEP,Platinum
1260-TTRXI,Gold
3719-TDVQB,Gold
6328-ZPBGN,Platinum
0201-MIBOL,Platinum
4937-QPZPO,Platinum
2925-VDZHY,Platinum
6981-TDRFT,Platinum
3413-CSSTH,Gold
8033-VCZGH,Platinum
4789-KWMXN,Platinum
0224-NIJLP,Gold
7542-CYDDM,Gold
4718-WXBGI,Platinum
2867-UIMSS,Silver
8495-PRWFH,Gold
0439-IFYUN,Gold
5716-LIBJC,Platinum
2868-LLSKM,Platinum
8111-RKSPX,Silver
2988-QRAJY,Platinum
1585-MQSSU,Gold
0071-NDAFP,Gold
2856-NNASM,Platinum
7328-ZJAJO,Gold
6458-CYIDZ,Silver
8559-CIZFV,Platinum
1090-PYKCI,Platinum
3058-WQDRE,Gold
7547-EKNFS,Platinum
2279-AXJJK,Platinum
6769-DYBQN,Platinum
0909-SELIE,Platinum
3417-TSCIC,Gold
1042-HFUCW,Gold
4439-JMPMT,Silver
6537-OTKMY,Gold
8999-EXMNO,Gold
6725-TPKJO,Gold
2446-BEGGB,Silver
7162-WPHPM,Platinum
1599-MMYRQ,Platinum
8821-KVZKQ,Platinum
1496-GGSUK,Gold
6434-TTGJP,Gold
0042-JVWOJ,Gold
0130-SXOUN,Platinum
2575-GFSOE,Gold
2330-PQGDQ,Platinum
1452-UZOSF,Platinum
2097-YVPKN,Gold
2842-JTCCU,Silver
8597-CTXVJ,Platinum
6631-HMANX,Platinum
9962-BFPDU,Gold
3296-SILRA,Silver
9681-OXGVC,Silver
6394-HHHZM,Gold
5995-LFTLE,Gold
5180-UCIIQ,Gold
1932-UEDCX,Platinum
7153-OANIO,Silver
5188-HGMLP,Platinum
0665-XHDJU,Platinum
6521-YYTYI,Silver
8878-HMWBV,Gold
8265-HKSOW,Platinum
3544-FBCAS,Platinum
5331-RGMTT,Platinum
4759-PXTAN,Platinum
7054-DMVAS,Platinum
3428-MMGUB,Platinum
6549-BTYPG,Platinum
7823-JSOAG,Silver
3705-RHRFR,Platinum
9374-YOLBJ,Gold
9074-KGVOX,Gold
6128-DAFVY,Gold
9933-QRGTX,Platinum
4476-OSWTN,Platinum
3751-KTZEL,Silver
1977-STDKI,Silver
5066-GFJMM,Gold
2661-GKBTK,Platinum
0458-HEUZG,Gold
7268-WNTCP,Gold
0824-VWDPO,Platinum
8409-WQJUX,Gold
2578-JQPHZ,Platinum
3278-FSIXX,Silver
5813-UECBU,Platinum
0328-GRPMV,Silver
9746-UGFAC,Gold
2946-KIQSP,Gold
0625-AFOHS,Gold
6726-WEXXK,Platinum
4636-OLWOE,Platinum
4342-HENTK,Silver
4685-ERGHK,Platinum
0885-HMGPY,Platinum
5003-OKNNK,Gold
4195-SMMNX,Gold
7208-PSIHR,Platinum
4012-ZTHBR,Gold
0489-WMEMG,Gold
7435-ZNUYY,Gold
1354-YZFNB,Gold
6956-SMUCM,Silver
2985-FMWYF,Platinum
2812-ENYMO,Gold
2717-HVIZY,Gold
3223-WZWJM,Platinum
3422-GALYP,Silver
9053-JZFKV,Platinum
2530-ENDWQ,Platinum
2890-WFBHU,Platinum
0327-WFZSY,Platinum
7977-HXJKU,Gold
6615-ZGEDR,Gold
7033-CLAMM,Gold
4023-RTIQM,Gold
0864-FVJNJ,Platinum
7356-IWLFW,Platinum
9541-PWTWO,Platinum
3967-VQOGC,Gold
7872-RDDLZ,Platinum
9250-WYPLL,Silver
6308-CQRBU,Platinum
2754-XBHTB,Gold
1597-LHYNC,Platinum
0186-CAERR,Platinum
3043-SUDUA,Gold
5442-BHQNG,Silver
2169-RRLFW,Gold
5872-OEQNH,Gold
3162-KKZXO,Platinum
7055-VKGDA,Platinum
0754-UKWQP,Silver
8873-GLDMH,Silver
5696-JVVQY,Platinum
8946-BFWSG,Gold
7493-TPUWZ,Silver
0547-HURJB,Gold
8904-OPDCK,Gold
8845-LWKGE,Platinum
1577-HKTFG,Gold
8752-STIVR,Silver
0691-NIKRI,Platinum
5022-JNQEQ,Gold
4558-FANTW,Platinum
3249-VHRIP,Gold
3736-BLEPA,Platinum
4701-LKOZD,Platinum
6603-QWSPR,Platinum
9921-QFQUL,Platinum
1929-ZCBHE,Gold
4378-MYPGO,Platinum
8651-ENBZX,Platinum
4129-LYCOI,Platinum
7798-JVXYM,Gold
8647-SDTWQ,Platinum
2696-ECXKC,Platinum
2081-KJSQF,Gold
7623-TRNQN,Silver
3323-CPBWR,Platinum
9330-IJWIO,Platinum
3384-CTMSF,Platinum
0902-RFHOF,Gold
9286-DOJGF,Gold
6048-QBXKL,Silver
9661-MHUMO,Silver
7718-RXDGG,Gold
1025-FALIX,Gold
3451-VAWLI,Gold
3407-QGWLG,Gold
1842-EZJMK,Platinum
2347-WKKAE,Platinum
8735-DCXNF,Gold
3214-IYUUQ,Platinum
1936-UAFEH,Platinum
3587-PMCOY,Platinum
8079-XRJRS,Platinum
1027-LKKQQ,Platinum
7148-XZPHA,Platinum
8073-IJDCM,Gold
5309-TAIKL,Gold
6856-RAURS,Silver
8778-LMWTJ,Gold
9717-IOAAF,Gold
8884-ADFVN,Silver
2845-KDHVX,Platinum
0848-SOMKO,Platinum
2720-WGKHP,Silver
6734-FQAJX,Platinum
2869-ADAWR,Platinum
1535-VTJOQ,Gold
6368-TZZDT,Gold
0943-ZQPXH,Platinum
1293-BSEUN,Gold
9894-EZEWG,Silver
1302-TPUBN,Gold
7851-FLGGQ,Silver
0637-UBJRP,Gold
0940-OUQEC,Gold
2378-VTKDH,Platinum
0927-CNGRH,Gold
8608-OZTLB,Platinum
2335-GSODA,Gold
1952-DVVSW,Gold
0702-PGIBZ,Silver
6656-GULJQ,Platinum
9853-JFZDU,Gold
1963-VAUKV,Gold
3777-XROBG,Gold
6994-FGRHH,Platinum
4000-VGMQP,Platinum
3999-WRNGR,Gold
3466-RITXD,Platinum
2680-XKKNJ,Gold
3058-HJCUY,Platinum
2974-GGUXS,Platinum
7994-XIRTR,Platinum
3259-FDWOY,Platinum
2101-RANCD,Gold
7921-BEPCI,Platinum
0807-ZABDG,Silver
8510-TMWYB,Platinum
3258-ZKPAI,Platinum
1428-IEDPR,Platinum
5298-GSTLM,Platinum
4450-YOOHP,Gold
6728-CZFEI,Gold
5748-RNCJT,Platinum
3653-NCRDJ,Gold
6121-TNHBO,Platinum
5119-NZPTV,Silver
6519-ZHPXP,Platinum
7739-LAXOG,Platinum
3472-QPRCH,Gold
8224-UAXBZ,Gold
9610-WCESF,Gold
9776-CLUJA,Platinum
2486-WYVVE,Platinum
3865-ZYKAD,Platinum
1422-DGUBX,Platinum
2999-AANRQ,Platinum
8668-KNZTI,Gold
0480-KYJVA,Gold
6034-ZRYCV,Platinum
9746-YKGXB,Gold
3926-YZVVX,Gold
6000-UKLWI,Gold
2079-FBMZK,Gold
6332-FBZRI,Platinum
2096-XOTMO,Gold
3266-FTKHB,Gold
8221-EQDGL,Platinum
2346-LOCWC,Gold
6608-QQLVK,Silver
0298-XACET,Platinum
7560-QJAVJ,Platinum
2995-YWTCD,Gold
3551-HUAZH,Silver
9137-UIYPG,Platinum
2809-ZMYOQ,Platinum
5084-OOVCJ,Gold
0254-WWRKD,Gold
7727-SHVZV,Gold
6302-JGYRJ,Platinum
5339-PXDVH,Silver
2205-LPVGL,Platinum
8782-NUUOL,Platinum
3685-YLCMQ,Platinum
7601-WFVZV,Gold
4609-KNNWG,Gold
4868-AADLV,Platinum
9529-OFXHY,Platinum
8634-MPHTR,Platinum
2669-QVCRG,Platinum
2478-EEWWM,Gold
9174-IHETN,Gold
2233-TXSIU,Gold
9644-UMGQA,Gold
3256-EZDBI,Gold
8761-NSOBC,Platinum
0419-YAAPX,Platinum
8413-VONUO,Silver
0872-CASZJ,Platinum
4726-DLWQN,Platinum
8164-OCKUJ,Gold
3094-JOJAI,Gold
9494-MRNYX,Gold
2599-CZABP,Gold
7945-PRBVF,Gold
4544-RXFMG,Gold
0859-YGKFW,Gold
1150-FTQGN,Platinum
9223-UCPVT,Silver
7196-LIWRH,Gold
5448-VWNAM,Platinum
1177-XZBJL,Platinum
3518-FSTWG,Platinum
9330-VOFSZ,Platinum
4351-QLCSU,Silver
0939-EREMR,Gold
9389-ACWBI,Silver
5419-JPRRN,Silver
3644-QXEHN,Platinum
2911-IJORQ,Platinum
5921-NGYRH,Platinum
2100-BDNSN,Silver
5998-DZLYR,Platinum
0488-GSLFR,Silver
9318-NKNFC,Gold
3985-HOYPM,Gold
9728-FTTVZ,Silver
9548-LERKT,Gold
6576-FBXOJ,Gold
4310-KEDTB,Gold
7254-IQWOZ,Silver
2474-BRUCM,Platinum
4062-HBMOS,Platinum
0742-NXBGR,Silver
2676-ISHSF,Gold
9236-NDUCW,Gold
4753-PADAS,Platinum
6103-QCKFX,Gold
7781-EWARA,Platinum
6110-OHIHY,Silver
7018-FPXHH,Platinum
5889-LFOLL,Gold
5708-EVONK,Platinum
8708-XPXHZ,Platinum
0616-ATFGB,Gold
0572-ZJKLT,Platinum
5135-RDDQL,Gold
1353-LJWEM,Gold
1794-SWWKL,Gold
6166-YIPFO,Platinum
7016-BPGEU,Gold
6876-ADESB,Silver
9332-GYWLO,Gold
1963-SVUCV,Silver
4184-VODJZ,Platinum
0220-EBGCE,Silver
1092-WPIVQ,Gold
7233-IOQNP,Gold
2834-JKOOW,Gold
2754-VDLTR,Platinum
2400-FEQME,Gold
3190-XFANI,Platinum
7551-DACSP,Gold
4957-SREEC,Gold
7235-NXZCP,Silver
0230-UBYPQ,Gold
4923-ADWXJ,Platinum
1763-KUAAW,Gold
1104-TNLZA,Platinum
5195-KPUNQ,Platinum
0520-FDVVT,Platinum
3439-GVUSX,Gold
1444-VVSGW,Platinum
5712-PTIWW,Silver
5949-HGVJL,Platinum
5203-XEHAX,Platinum
1635-HDGFT,Gold
3315-TOTBP,Gold
8050-XGRVL,Platinum
6661-HBGWL,Platinum
1518-VOWAV,Platinum
9828-QHFBK,Gold
3908-MKIMJ,Gold
5012-YSPJJ,Gold
5909-ECHUI,Silver
1309-BXVOQ,Platinum
6728-VOIFY,Platinum
9317-WZPGV,Silver
4891-NLUBA,Platinum
2856-HYAPG,Silver
8969-PRHFK,Gold
0661-KQHNK,Gold
8709-KRDVL,Platinum
4488-PSYCG,Gold
1427-VERSM,Platinum
9801-NOSHQ,Gold
6339-YPSAH,Gold
3621-CEOVK,Platinum
6906-ANDWJ,Gold
2159-TURXX,Gold
1548-FEHVL,Platinum
3795-CAWEX,Platinum
6215-NQCPY,Platinum
5647-URDKA,Gold
2229-DPMBI,Gold
9626-WEQRM,Gold
2188-SXWVT,Gold
6258-PVZWJ,Platinum
1094-BKOSX,Platinum
6969-MVBAI,Platinum
2978-XXSOG,Gold
2342-CKIAO,Gold
6953-PBDIN,Platinum
3898-BSJYF,Platinum
3938-YFPXD,Platinum
7696-AMHOD,Platinum
2453-SAFNS,Platinum
9558-IHEZX,Platinum
9617-UDPEU,Gold
6340-DACFT,Gold
4955-VCWBI,Gold
6813-GZQCG,Gold
7426-GSWPO,Platinum
3389-KTRXV,Gold
3118-UHVVQ,Gold
1031-IIDEO,Silver
5832-XKAES,Silver
3205-MXZRA,Gold
4701-AHWMW,Platinum
8317-BVKSO,Gold
5702-KVQRD,Platinum
0083-PIVIK,Platinum
9210-IAHGH,Gold
6169-PGNCD,Platinum
0023-XUOPT,Platinum
4592-IWTJI,Gold
4909-JOUPP,Platinum
4657-FWVFY,Platinum
2257-BOVXD,Gold
7729-JTEEC,Silver
7632-MNYOY,Platinum
6518-LGAOV,Platinum
7242-QZLXF,Gold
4576-CSAJH,Gold
1000-AJSLD,Gold
9696-RMYBA,Silver
8690-UPCZI,Platinum
1062-LHZOD,Silver
9770-LXDBK,Gold
4086-WITJG,Gold
8344-WFMFH,Gold
9600-NAXZN,Platinum
8822-KNBHV,Platinum
8404-FYDIB,Platinum
2791-SFVEW,Gold
6457-USBER,Silver
6762-NSODU,Gold
4662-EKDPQ,Silver
9248-OJYKK,Silver
9888-ZCUMM,Platinum
3398-FSHON,Platinum
3319-DWOEP,Silver
1074-WVEVG,Gold
9979-RGMZT,Silver
6437-UDQJM,Platinum
1226-IENZN,Gold
2108-GLPQB,Gold
9259-PACGQ,Platinum
4415-IJZTP,Silver
1465-VINDH,Platinum
5474-LAMUQ,Gold
3468-DRVQJ,Platinum
1122-YJBCS,Platinum
4990-ALDGW,Gold
4816-OKWNX,Platinum
3315-IKYZQ,Gold
2810-FTLEM,Gold
4747-LCAQL,Platinum
3411-WLRSQ,Silver
0898-XCGTF,Platinum
8006-PYCSW,Gold
8249-THVEC,Gold
8722-PRFDV,Platinum
2164-SOQXL,Gold
4020-KIUDI,Gold
5850-BDWCY,Gold
2038-YSEZE,Platinum
0827-ITJPH,Gold
8799-OXZMD,Gold
1925-TIBLE,Silver
1705-GUHPV,Gold
4779-ZGICK,Gold
0048-PIHNL,Gold
0818-OCPZO,Platinum
3967-KXAPS,Platinum
1447-GIQMR,Silver
3704-IEAXF,Platinum
6810-VCAEX,Gold
0674-EYYZV,Silver
4480-MBMLB,Platinum
1395-OFUWC,Gold
0822-QGCXA,Platinum
0872-NXJYS,Gold
2832-KJCRD,Platinum
3588-WSTTJ,Platinum
4075-WKNIU,Silver
5090-EMGTC,Platinum
2346-CZYIL,Gold
3798-EPWRR,Silver
6258-NGCNG,Gold
4186-ZBUEW,Platinum
5274-XHAKY,Platinum
1442-BQPVU,Gold
3978-YNKDD,Gold
4940-KHCWD,Gold
9412-ARGBX,Platinum
1389-CXMLU,Silver
9589-ABEPT,Platinum
9388-ZEYVT,Gold
0305-SQECB,Gold
7605-SNLQG,Gold
4670-TABXH,Platinum
5561-NWEVX,Silver
0064-SUDOG,Gold
8561-NMTBD,Platinum
5161-XEUVX,Platinum
8292-FRFZQ,Gold
8591-NXRCV,Platinum
7895-VONWT,Gold
4526-RMTLL,Platinum
6253-GNHWH,Platinum
4566-NECEV,Silver
8080-POTJR,Platinum
6906-MPARY,Platinum
3662-FXJFO,Gold
8107-RZLNV,Platinum
0516-OOHAR,Platinum
2027-CWDNU,Platinum
2737-WFVYW,Silver
9912-OMZDS,Platinum
3733-ZEECP,Gold
7878-RTCZG,Gold
2452-MRMZF,Gold
2272-QAGFO,Gold
7103-IPXPJ,Platinum
4342-HFXWS,Platinum
3545-CNWRG,Platinum
1785-BPHTP,Platinum
4989-LIXVT,Platinum
7315-WYOAW,Platinum
1173-XZPYF,Platinum
9850-OWRHQ,Silver
3768-NLUBH,Platinum
8676-TRMJS,Silver
2509-TFPJU,Gold
9530-GRMJG,Platinum
6898-RBTLU,Platinum
5481-NTDOH,Platinum
2068-WWXQZ,Gold
7359-SSBJK,Platinum
2061-VVFST,Gold
0685-MLYYM,Silver
0749-IRGQE,Gold
2380-DAMQP,Platinum
2256-YLYLP,Platinum
1272-ILHFG,Gold
0164-XAIRP,Gold
5666-CYCYZ,Platinum
4011-ARPHK,Gold
8182-PNAGI,Gold
6365-HITVU,Platinum
7558-IMLMT,Gold
9488-FYQAU,Platinum
3590-TCXTB,Gold
6994-KERXL,Gold
7957-RYHQD,Platinum
2180-DXNEG,Platinum
1960-UOTYM,Platinum
2740-JFBOK,Gold
6500-JVEGC,Platinum
5515-AKOAJ,Platinum
8976-OQHGT,Gold
5245-VDBUR,Gold
6230-BSUXY,Silver
8469-SNFFH,Platinum
2144-ESWKO,Gold
1241-FPMOF,Gold
9928-BZVLZ,Gold
4114-QMKVN,Platinum
2775-SEFEE,Silver
9003-CPATH,Platinum
1754-GKYPY,Platinum
5294-CDGWY,Platinum
7956-XQWGU,Gold
1591-MQJTP,Platinum
5295-PCJOO,Gold
2369-FEVNO,Gold
9863-JZAIC,Gold
7471-MQPOS,Platinum
7660-HDPJV,Silver
5115-SQAAU,Gold
9845-QOMAD,Gold
7672-VFMXZ,Gold
9739-JLPQJ,Platinum
9916-AYHTC,Gold
3855-ONCAR,Silver
1488-SYSFC,Gold
7931-PXHFC,Platinum
3990-QYKBE,Platinum
0970-QXPXW,Gold
3259-KNMRR,Platinum
6120-RJKLU,Platinum
9572-WUKSB,Gold
5893-KCLGT,Gold
0076-LVEPS,Gold
3640-JQGJG,Gold
4919-MOAVT,Silver
1596-OQSPS,Gold
9867-XOBQA,Platinum
9546-KDTRB,Gold
3090-HAWSU,Platinum
9820-RMCQV,Gold
3174-RKMOW,Platinum
1760-CAZHT,Gold
7839-QRKXN,Gold
8441-SHIPE,Gold
5204-QZXPU,Gold
4597-ELFTS,Gold
1320-GVNHT,Platinum
1047-RNXZV,Gold
3541-ZNUHK,Platinum
8450-JOVAH,Silver
8725-JEDFD,Gold
7562-UXTPG,Gold
8071-SBTRN,Platinum
1113-IUJYX,Platinum
6668-CNMFP,Platinum
5626-MGTUK,Platinum
5681-LLOEI,Platinum
8212-DJRCH,Silver
4323-OHFOW,Platinum
4933-BSAIP,Gold
2030-BTZRO,Gold
1116-DXXDF,Platinum
9274-CNFMO,Silver
7758-XKCBS,Gold
8992-JQYUN,Silver
6563-VNPMN,Platinum
0617-AQNWT,Platinum
2267-WTPYD,Platinum
0270-THENM,Platinum
2446-PLQVO,Silver
4707-MAXGU,Gold
2710-WYVXG,Silver
3005-NFMTA,Platinum
6300-BWMJX,Platinum
8784-CGILN,Platinum
5389-FFVKB,Gold
7009-LGECI,Gold
8444-WRIDW,Platinum
5022-KVDQT,Platinum
7976-CICYS,Gold
1036-GUDCL,Platinum
2005-DWQZJ,Gold
8148-WOCMK,Gold
7815-PDTHL,Gold
9451-LPGOO,Silver
9173-IVZVP,Gold
9129-UXERG,Platinum
3635-JBPSG,Gold
7964-ZRKKG,Platinum
5868-YWPDW,Silver
6229-LSCKB,Silver
2025-JKFWI,Platinum
4078-SAYYN,Platinum
1724-IQWNM,Gold
8217-QYOHV,Gold
5546-QUERU,Gold
9940-HPQPG,Platinum
6897-UUBNU,Platinum
6127-IYJOZ,Silver
6618-RYATB,Silver
8930-XOTDP,Gold
5916-QEWPT,Silver
5060-TQUQN,Platinum
0531-XBKMM,Platinum
8465-SBRXP,Platinum
2408-PSJVE,Platinum
9079-YEXQJ,Platinum
9700-ZCLOT,Gold
8738-JOKAR,Platinum
4534-WGCIR,Gold
1930-WNXSB,Platinum
2685-SREOM,Platinum
3508-CFVZL,Platinum
0402-CQAJN,Platinum
6692-UDPJC,Platinum
1273-MTETI,Silver
0657-DOGUM,Platinum
5480-HPRRX,Gold
8792-AOROI,Gold
0295-PPHDO,Silver
5146-YYFRZ,Gold
1195-OIYEJ,Platinum
5906-CVLHP,Gold
3452-SRFEG,Gold
4070-OKWVH,Platinum
5297-MDOIR,Platinum
6369-MCAKO,Platinum
4926-UMJZD,Gold
6848-HJTXY,Gold
6341-AEVKX,Platinum
4501-EQDRN,Silver
2990-HWIML,Silver
0682-USIXD,Platinum
6976-BWGLQ,Gold
7078-NVFAM,Gold
8065-QBYTO,Platinum
2133-TSRRM,Platinum
7384-GHBPI,Gold
7603-USHJS,Gold
7234-FECYN,Platinum
2511-ALLCS,Gold
3191-CSNMG,Silver
7952-OBOYL,Silver
7470-DYNOE,Platinum
7853-OETYL,Gold
1545-ACTAS,Platinum
5876-HZVZM,Gold
1400-MMYXY,Silver
5126-RCXYW,Gold
3085-QUOZK,Silver
2363-BJLSL,Platinum
1956-YIFGE,Platinum
3926-CUQZX,Silver
7921-LMDFQ,Platinum
2925-MXLSX,Platinum
5820-PTRYM,Platinum
9609-BENEA,Platinum
6211-WHMYA,Gold
4459-BBGHE,Gold
9945-PSVIP,Gold
1041-RXHRA,Gold
1750-CSKKM,Gold
9108-EJFJP,Silver
0530-IJVDB,Platinum
0508-SQWPL,Gold
2215-ZAFGX,Silver
8213-TAZPM,Platinum
7142-HVGBG,Platinum
1304-SEGFY,Platinum
7242-EDTYC,Gold
2904-GGUAZ,Platinum
8267-ZNYVZ,Platinum
5136-GFPMB,Platinum
2595-KIWPV,Gold
5243-SAOTC,Platinum
9398-MMQTO,Silver
7619-PLRLP,Platinum
6457-GIRWB,Silver
6508-NJYRO,Gold
1450-SKCVI,Platinum
4710-NKCAW,Silver
5306-BVTKJ,Gold
0357-NVCRI,Gold
5570-PTWEH,Silver
2371-KFUOG,Platinum
0463-ZSDNT,Gold
6502-MJQAE,Silver
6257-DTAYD,Platinum
4616-ULAOA,Platinum
7693-LCKZL,Silver
7746-AWNQW,Gold
5996-EBTKM,Platinum
2758-RNWXS,Platinum
2314-TNDJQ,Platinum
2405-LBMUW,Platinum
3454-JFUBC,Gold
0032-PGELS,Gold
9039-ZVJDC,Gold
6797-LNAQX,Platinum
9013-AQORL,Gold
2898-MRKPI,Platinum
2750-BJLSB,Platinum
3648-GZPHF,Gold
2075-RMJIK,Gold
9588-YRFHY,Gold
6394-MFYNG,Platinum
1564-NTYXF,Gold
9364-YKUVW,Gold
5392-AKEMH,Gold
2451-YMUXS,Platinum
3914-FDRHP,Silver
3078-ZKNTS,Gold
1024-KPRBB,Platinum
4690-PKDQG,Platinum
8155-IBNHG,Gold
0886-QGENL,Platinum
9547-ITEFG,Platinum
1264-FUHCX,Platinum
7789-CRUVC,Platinum
6598-KELSS,Gold
8739-WWKDU,Platinum
8685-WHQPW,Gold
4745-LSPLO,Gold
8083-YTZES,Silver
7240-FQLHE,Platinum
6664-FPDAC,Platinum
9972-VAFJJ,Platinum
0422-UXFAP,Platinum
1904-WAJAA,Platinum
5130-YPIRV,Platinum
2843-CQMEG,Gold
6439-PKTRR,Platinum
5351-QESIO,Gold
0786-VSSUD,Gold
5568-DMXZS,Gold
8468-FZTOE,Platinum
6633-SYEUS,Platinum
6447-GORXK,Gold
6967-PEJLL,Gold
3976-BWUCK,Platinum
5981-ZVXOT,Platinum
1684-FLBGS,Platinum
1389-WNUIB,Platinum
0376-OIWME,Platinum
3585-ISXZP,Silver
0218-QNVAS,Platinum
6583-QGCSI,Platinum
0804-YGEQV,Gold
7164-BPTUT,Platinum
4174-LPGTI,Platinum
2523-EWWZL,Gold
0928-XUTSN,Gold
2108-XWMPY,Gold
0052-YNYOT,Gold
6304-IJFSQ,Gold
9586-JGQKH,Platinum
4501-VCPFK,Gold
6075-SLNIL,Platinum
9347-AERRL,Gold
0093-XWZFY,Platinum
2274-XUATA,Platinum
1980-KXVPM,Silver
7703-ZEKEF,Platinum
0723-DRCLG,Silver
5482-NUPNA,Silver
6691-CCIHA,Platinum
1685-BQULA,Platinum
9053-EJUNL,Platinum
0666-UXTJO,Platinum
1471-GIQKQ,Silver
4807-IZYOZ,Gold
1122-JWTJW,Silver
9710-NJERN,Gold
9837-FWLCH,Gold
1699-HPSBG,Gold
7203-OYKCT,Platinum
1035-IPQPU,Platinum
7398-LXGYX,Platinum
2823-LKABH,Platinum
8775-CEBBJ,Gold
0550-DCXLH,Platinum
9281-CEDRU,Platinum
2235-DWLJU,Gold
0871-OPBXW,Gold
3605-JISKB,Platinum
6894-LFHLY,Silver
9767-FFLEM,Gold
0639-TSIQW,Platinum
8456-QDAVC,Gold
7750-EYXWZ,Platinum
2569-WGERO,Gold
6840-RESVB,Platinum
2234-XADUH,Platinum
4801-JZAZL,Gold
8361-LTMKD,Silver
3186-AJIEK,Platinum
