customer_id,R_score,F_score,M_score,rfm_score,persona
7590-VHVEG,1,1,1,111,Lost Customers
5575-GNVDE,4,3,3,433,Potential Loyalists
3668-QPYBK,2,1,1,211,Lost Customers
7795-CFOCW,4,4,3,443,Potential Loyalists
9237-HQITU,1,1,1,111,Lost Customers
9305-CDSKC,1,2,2,122,Lost Customers
1452-KIOVK,2,3,3,233,At Risk
6713-OKOMC,3,2,2,322,About to Sleep
7892-POOKP,1,3,4,134,At Risk
6388-TABGU,5,5,4,554,Champions
9763-GRSKD,3,2,2,322,About to Sleep
7469-LKBCI,5,2,2,522,About to Sleep
8091-TTVAX,3,4,5,345,Loyal Customers
0280-XJGEX,2,4,5,245,At Risk
5129-JLPIS,2,3,4,234,At Risk
3655-SNQYZ,4,5,5,455,Champions
8191-XWSZG,5,4,3,543,Potential Loyalists
9959-WOFKT,4,5,5,455,Champions
4190-MFLUW,3,2,2,322,About to Sleep
4183-MYFRB,2,3,3,233,At Risk
8779-QRDMV,1,1,1,111,Lost Customers
1680-VDCWW,4,2,1,421,About to Sleep
1066-JKSGK,3,1,1,311,About to Sleep
3638-WEABW,5,4,4,544,Champions
6322-HRPFA,4,4,4,444,Champions
6865-JZNKO,4,3,3,433,Potential Loyalists
6467-CHFZW,2,4,5,245,At Risk
8665-UTDHZ,1,1,1,111,Lost Customers
5248-YGIJN,5,5,5,555,Champions
8773-HHUOZ,3,2,3,323,About to Sleep
3841-NFECX,4,5,5,455,Champions
4929-XIHVW,1,1,1,111,Lost Customers
6827-IEAUQ,5,3,3,533,Potential Loyalists
7310-EGVHZ,3,1,1,311,About to Sleep
3413-BMNZE,2,1,1,211,Lost Customers
6234-RAAPL,5,5,5,555,Champions
6047-YHPVI,1,1,2,112,Lost Customers
6572-ADKRS,3,4,4,344,Loyal Customers
5380-WJKOV,1,3,4,134,At Risk
8168-UQWWF,1,2,3,123,Lost Customers
8865-TNMNX,4,2,2,422,About to Sleep
9489-DEDVP,5,5,5,555,Champions
9867-JCZSP,5,2,2,522,About to Sleep
4671-VJLCL,5,5,5,555,Champions
4080-IIARD,3,2,3,323,About to Sleep
3714-NTNFO,2,4,4,244,At Risk
5948-UJZLF,2,1,1,211,Lost Customers
7760-OYPDY,1,1,1,111,Lost Customers
7639-LIAYI,4,4,4,444,Champions
2954-PIBKO,5,5,4,554,Champions
8012-SOUDQ,2,4,4,244,At Risk
9420-LOJKX,2,2,3,223,Lost Customers
6575-SUVOI,3,3,3,333,Potential Loyalists
7495-OOKFY,1,2,2,122,Lost Customers
4667-QONEA,4,4,4,444,Champions
1658-BYGOY,1,2,3,123,Lost Customers
8769-KKTPH,3,5,5,355,Loyal Customers
5067-XJQFU,3,5,5,355,Loyal Customers
3957-SQXML,5,3,2,532,Potential Loyalists
5954-BDFSG,4,5,5,455,Champions
0434-CSFON,1,4,5,145,At Risk
1215-FIGMP,2,4,5,245,At Risk
0526-SXDJP,5,5,4,554,Champions
0557-ASKVU,4,2,3,423,About to Sleep
5698-BQJOH,1,2,2,122,Lost Customers
5122-CYFXA,1,1,1,111,Lost Customers
8627-ZYGSZ,3,4,4,344,Loyal Customers
3410-YOQBQ,5,3,4,534,Loyal Customers
3170-NMYVV,5,4,2,542,Potential Loyalists
7410-OIEDU,2,2,2,222,Lost Customers
2273-QCKXA,2,1,1,211,Lost Customers
0731-EBJQB,4,4,3,443,Potential Loyalists
1891-QRQSA,4,5,5,455,Champions
8028-PNXHQ,5,5,3,553,Potential Loyalists
5630-AHZIL,2,1,1,211,Lost Customers
2673-CXQEU,3,4,5,345,Loyal Customers
6416-JNVRK,4,4,4,444,Champions
5590-ZSKRV,3,2,2,322,About to Sleep
0191-ZHSKZ,3,3,4,334,Loyal Customers
3887-PBQAO,5,4,3,543,Potential Loyalists
5919-TMRGD,1,1,1,111,Lost Customers
8108-UXRQN,2,2,2,222,Lost Customers
9191-MYQKX,1,2,2,122,Lost Customers
9919-YLNNG,2,4,4,244,At Risk
0318-ZOPWS,5,4,3,543,Potential Loyalists
4445-ZJNMU,1,2,2,122,Lost Customers
4808-YNLEU,4,3,4,434,Loyal Customers
1862-QRWPE,5,4,3,543,Potential Loyalists
2796-NNUFI,5,4,2,542,Potential Loyalists
3016-KSVCP,3,3,3,333,Potential Loyalists
4767-HZZHQ,3,3,4,334,Loyal Customers
2424-WVHPL,1,1,1,111,Lost Customers
7233-PAHHL,5,5,5,555,Champions
6067-NGCEU,2,5,5,255,At Risk
9848-JQJTX,4,5,5,455,Champions
8637-XJIVR,1,2,2,122,Lost Customers
9803-FTJCG,5,5,5,555,Champions
0278-YXOOG,3,1,1,311,About to Sleep
3212-KXOCR,5,4,3,543,Potential Loyalists
4598-XLKNJ,1,3,4,134,At Risk
6380-ARCEH,3,1,1,311,About to Sleep
3679-XASPY,2,1,1,211,Lost Customers
7123-WQUHX,3,3,4,334,Loyal Customers
5386-THSLQ,4,5,4,454,Champions
3192-NQECA,4,5,5,455,Champions
6180-YBIQI,2,1,1,211,Lost Customers
6728-DKUCO,3,5,5,355,Loyal Customers
9750-BOOHV,4,3,2,432,Potential Loyalists
8597-CWYHH,3,4,4,344,Loyal Customers
2848-YXSMW,5,5,3,553,Potential Loyalists
0486-HECZI,2,4,5,245,At Risk
4549-ZDQYY,5,4,4,544,Champions
5712-AHQNN,2,4,4,244,At Risk
4846-WHAFZ,2,3,4,234,At Risk
5256-SKJGO,4,5,4,454,Champions
3071-VBYPO,1,1,1,111,Lost Customers
9560-BBZXK,5,3,3,533,Potential Loyalists
5299-RULOA,1,2,3,123,Lost Customers
8402-OOOHJ,5,4,2,542,Potential Loyalists
9445-ZUEQE,3,3,4,334,Loyal Customers
1091-SOZGA,3,4,5,345,Loyal Customers
2928-HLDBA,3,1,1,311,About to Sleep
0404-SWRVG,1,1,1,111,Lost Customers
6497-TILVL,3,2,2,322,About to Sleep
7219-TLZHO,3,1,1,311,About to Sleep
4622-YNKIJ,4,3,4,434,Loyal Customers
4412-YLTKF,1,3,4,134,At Risk
6734-PSBAW,5,5,3,553,Potential Loyalists
3930-ZGWVE,3,1,1,311,About to Sleep
2639-UGMAZ,4,5,4,454,Champions
2876-GZYZC,1,2,3,123,Lost Customers
6207-WIOLX,3,3,3,333,Potential Loyalists
8587-XYZSF,5,5,4,554,Champions
3091-FYHKI,1,1,1,111,Lost Customers
2372-HWUHI,2,1,1,211,Lost Customers
7799-LGRDP,5,4,3,543,Potential Loyalists
7850-VWJUU,3,3,3,333,Potential Loyalists
3774-VBNXY,5,5,3,553,Potential Loyalists
6217-KDYWC,5,4,3,543,Potential Loyalists
0390-DCFDQ,1,1,1,111,Lost Customers
3146-MSEGF,5,5,5,555,Champions
4080-OGPJL,2,2,2,222,Lost Customers
1095-WGNGG,4,5,5,455,Champions
2636-SJDOU,4,5,5,455,Champions
1131-QQZEB,5,5,3,553,Potential Loyalists
5716-EZXZN,4,5,5,455,Champions
6837-BJYDQ,4,1,1,411,About to Sleep
2135-RXIHG,1,1,1,111,Lost Customers
6440-DKQGE,4,3,3,433,Potential Loyalists
3466-BYAVD,3,2,3,323,About to Sleep
3780-YVMFA,2,2,2,222,Lost Customers
3874-EQOEP,1,2,2,122,Lost Customers
1679-JRFBR,3,5,5,355,Loyal Customers
9073-ZZIAY,5,5,5,555,Champions
3077-RSNTJ,4,1,1,411,About to Sleep
6551-GNYDG,2,2,3,223,Lost Customers
9167-APMXZ,2,3,3,233,At Risk
2749-CTKAJ,5,3,2,532,Potential Loyalists
6371-NZYEG,5,2,3,523,About to Sleep
7554-NEWDD,5,2,1,521,About to Sleep
8992-VONJD,3,2,2,322,About to Sleep
0867-MKZVY,2,2,3,223,Lost Customers
4482-EWFMI,1,1,1,111,Lost Customers
4648-YPBTM,4,4,4,444,Champions
2907-ILJBN,4,2,1,421,About to Sleep
6345-FZOQH,5,5,3,553,Potential Loyalists
3376-BMGFE,1,1,2,112,Lost Customers
5997-OPVFA,5,5,5,555,Champions
3445-HXXGF,2,4,4,244,At Risk
1159-WFSGR,4,2,2,422,About to Sleep
7654-YWJUF,4,4,4,444,Champions
1875-QIVME,1,1,1,111,Lost Customers
6727-IOTLZ,4,2,3,423,About to Sleep
0691-JVSYA,3,4,5,345,Loyal Customers
5918-VUKWP,5,3,2,532,Potential Loyalists
1744-JHKYS,4,3,2,432,Potential Loyalists
2656-FMOKZ,2,2,3,223,Lost Customers
2070-FNEXE,2,2,2,222,Lost Customers
5947-SGKCL,1,2,3,123,Lost Customers
3712-PKXZA,5,5,3,553,Potential Loyalists
6317-YPKDH,1,1,1,111,Lost Customers
6582-OIVSP,2,1,1,211,Lost Customers
9367-WXLCH,1,2,2,122,Lost Customers
5524-KHNJP,4,3,4,434,Loyal Customers
1918-ZBFQJ,2,2,3,223,Lost Customers
1024-GUALD,1,1,1,111,Lost Customers
4827-USJHP,3,2,3,323,About to Sleep
8167-GJLRN,2,1,1,211,Lost Customers
0956-SYCWG,4,2,1,421,About to Sleep
8017-UVSZU,3,3,4,334,Loyal Customers
7100-FQPRV,4,4,4,444,Champions
2472-OVKUP,1,1,2,112,Lost Customers
2984-RGEYA,5,5,3,553,Potential Loyalists
9680-NIAUV,4,5,5,455,Champions
2146-EGVDT,5,4,3,543,Potential Loyalists
2604-IJPDU,2,2,3,223,Lost Customers
9178-JHUVJ,5,3,2,532,Potential Loyalists
6168-YBYNP,2,4,5,245,At Risk
7255-SSFBC,4,5,5,455,Champions
3645-DEYGF,3,1,1,311,About to Sleep
9323-HGFWY,3,3,4,334,Loyal Customers
8544-GOQSH,2,2,3,223,Lost Customers
3363-DTIVD,4,5,5,455,Champions
7018-WBJNK,2,2,3,223,Lost Customers
9142-KZXOP,3,4,4,344,Loyal Customers
7674-YTAFD,3,3,4,334,Loyal Customers
6348-SNFUS,5,5,4,554,Champions
1285-OKIPP,1,1,1,111,Lost Customers
7825-ECJRF,2,2,3,223,Lost Customers
1347-KTTTA,3,5,5,355,Loyal Customers
7841-TZDMQ,2,1,1,211,Lost Customers
4195-NZGTA,1,1,1,111,Lost Customers
7157-SMCFK,5,5,3,553,Potential Loyalists
4709-LKHYG,4,3,2,432,Potential Loyalists
2504-DSHIH,1,3,3,133,At Risk
0699-NDKJM,3,4,4,344,Loyal Customers
9286-BHDQG,5,5,4,554,Champions
0230-WEQUW,5,5,4,554,Champions
2040-LDIWQ,5,5,5,555,Champions
6496-JDSSB,1,2,2,122,Lost Customers
9408-SSNVZ,1,1,2,112,Lost Customers
4443-EMBNA,5,5,3,553,Potential Loyalists
6469-MRVET,3,1,1,311,About to Sleep
0742-MOABM,3,1,1,311,About to Sleep
5961-VUSRV,4,2,1,421,About to Sleep
6778-JFCMK,3,3,3,333,Potential Loyalists
6341-JVQGF,4,3,4,434,Loyal Customers
2232-DMLXU,1,1,1,111,Lost Customers
4811-JBUVU,2,3,4,234,At Risk
0945-TSONX,5,4,4,544,Champions
2651-ZCBXV,4,4,5,445,Champions
3316-UWXUY,3,4,5,345,Loyal Customers
8937-RDTHP,1,1,1,111,Lost Customers
7083-MIOPC,5,5,3,553,Potential Loyalists
1984-GPTEH,4,3,2,432,Potential Loyalists
1251-KRREG,2,1,1,211,Lost Customers
0621-JFHOL,4,2,2,422,About to Sleep
9903-LYSAB,1,2,3,123,Lost Customers
0094-OIFMO,1,2,3,123,Lost Customers
9227-UAQFT,5,2,2,522,About to Sleep
7301-ABVAD,5,5,5,555,Champions
6614-FHDBO,4,5,5,455,Champions
7576-ASEJU,4,4,4,444,Champions
9058-HRZSV,3,5,5,355,Loyal Customers
4522-AKYLR,2,2,2,222,Lost Customers
0221-WMXNQ,1,1,2,112,Lost Customers
0303-UNCIP,4,4,4,444,Champions
9947-OTFQU,2,2,3,223,Lost Customers
0322-YINQP,2,1,1,211,Lost Customers
0959-WHOKV,3,4,4,344,Loyal Customers
4075-JFPGR,3,4,5,345,Loyal Customers
4629-NRXKX,1,1,1,111,Lost Customers
9514-JDSKI,1,1,1,111,Lost Customers
3282-ZISZV,4,3,4,434,Loyal Customers
3675-YDUPJ,3,2,1,321,About to Sleep
4111-BNXIF,4,5,4,454,Champions
7017-VFHAY,4,5,5,455,Champions
6655-LHBYW,3,4,5,345,Loyal Customers
4959-JOSRX,2,1,1,211,Lost Customers
5046-NUHWD,2,3,3,233,At Risk
7273-TEFQD,1,1,1,111,Lost Customers
3606-TWKGI,1,2,3,123,Lost Customers
7529-ZDFXI,2,4,5,245,At Risk
7605-BDWDC,5,3,3,533,Potential Loyalists
1950-KSVVJ,3,4,5,345,Loyal Customers
0123-CRBRT,5,5,5,555,Champions
6292-TOSSS,5,4,3,543,Potential Loyalists
3197-ARFOY,2,2,3,223,Lost Customers
6323-AYBRX,5,4,3,543,Potential Loyalists
7014-ZZXAW,5,5,3,553,Potential Loyalists
4385-GZQXV,1,2,3,123,Lost Customers
7633-MVPUY,5,4,4,544,Champions
6366-ZGQGL,1,1,1,111,Lost Customers
4716-HHKQH,1,2,4,124,Lost Customers
5940-AHUHD,1,1,1,111,Lost Customers
6432-TWQLB,1,1,2,112,Lost Customers
4484-GLZOU,1,4,5,145,At Risk
3179-GBRWV,3,3,3,333,Potential Loyalists
8645-KWHJO,2,2,2,222,Lost Customers
4130-MZLCC,3,1,1,311,About to Sleep
0314-TKOSI,3,1,2,312,About to Sleep
8229-MYEJZ,3,2,2,322,About to Sleep
2080-SRCDE,3,1,1,311,About to Sleep
9577-WJVCQ,4,5,4,454,Champions
9512-UIBFX,2,2,3,223,Lost Customers
6202-DYYFX,3,3,3,333,Potential Loyalists
3808-HFKDE,3,2,2,322,About to Sleep
5583-SXDAG,1,1,1,111,Lost Customers
3488-PGMQJ,1,2,2,122,Lost Customers
3580-REOAC,3,2,2,322,About to Sleep
7534-BFESC,1,3,3,133,At Risk
3727-OWVYD,4,3,3,433,Potential Loyalists
2294-SALNE,4,3,3,433,Potential Loyalists
4847-TAJYI,1,1,2,112,Lost Customers
1563-IWQEX,4,2,1,421,About to Sleep
8203-XJZRC,3,1,1,311,About to Sleep
6556-DBKZF,4,5,5,455,Champions
6851-WEFYX,1,3,4,134,At Risk
2985-JUUBZ,2,3,4,234,At Risk
6390-DSAZX,1,1,1,111,Lost Customers
0895-LMRSF,3,3,3,333,Potential Loyalists
8098-LLAZX,1,1,2,112,Lost Customers
8266-VBFQL,1,1,2,112,Lost Customers
8181-YHCMF,5,5,4,554,Champions
2240-HSJQD,3,3,4,334,Loyal Customers
1248-DYXUB,5,4,3,543,Potential Loyalists
0265-EDXBD,2,3,4,234,At Risk
4115-BNPJY,5,3,4,534,Loyal Customers
3167-SNQPL,2,3,4,234,At Risk
4091-TVOCN,4,4,4,444,Champions
1098-TDVUQ,2,1,1,211,Lost Customers
7277-OZCGZ,2,3,3,233,At Risk
1557-EMYVT,4,4,5,445,Champions
2799-ARNLO,1,1,2,112,Lost Customers
7563-BIUPC,1,1,2,112,Lost Customers
5027-YOCXN,3,4,5,345,Loyal Customers
3973-SKMLN,5,5,3,553,Potential Loyalists
2321-OMBXY,4,3,4,434,Loyal Customers
2840-XANRC,1,3,4,134,At Risk
6745-JEFZB,2,3,4,234,At Risk
5020-ZSTTY,4,4,4,444,Champions
9880-TDQAC,4,5,4,454,Champions
8705-WZCYL,1,1,1,111,Lost Customers
7102-JJVTX,4,2,2,422,About to Sleep
8626-PTQGE,5,5,4,554,Champions
4983-CLMLV,2,4,5,245,At Risk
5701-YVSVF,1,2,2,122,Lost Customers
5804-LEPIM,1,1,1,111,Lost Customers
5697-GOMBF,2,3,3,233,At Risk
2739-CACDQ,2,2,3,223,Lost Customers
9385-EHGDO,5,3,2,532,Potential Loyalists
9498-FIMXL,4,2,1,421,About to Sleep
2379-GYFLQ,3,4,4,344,Loyal Customers
0122-OAHPZ,1,2,2,122,Lost Customers
2868-SNELZ,1,1,1,111,Lost Customers
4322-RCYMT,4,5,5,455,Champions
6680-NENYN,3,4,5,345,Loyal Customers
2088-IEBAU,4,5,5,455,Champions
7982-VCELR,2,3,4,234,At Risk
1343-EHPYB,2,5,5,255,At Risk
6035-BXTTY,4,3,3,433,Potential Loyalists
6885-PKOAM,5,5,5,555,Champions
7520-HQWJU,4,5,5,455,Champions
9639-BUJXT,5,5,3,553,Potential Loyalists
5924-SNGKP,5,4,2,542,Potential Loyalists
0021-IKXGC,1,1,1,111,Lost Customers
2034-GDRCN,1,1,1,111,Lost Customers
8966-SNIZF,5,5,3,553,Potential Loyalists
6243-OZGFH,2,3,3,233,At Risk
4654-DLAMQ,4,5,5,455,Champions
0513-RBGPE,5,3,4,534,Loyal Customers
5160-UXJED,4,2,2,422,About to Sleep
4115-NZRKS,1,2,2,122,Lost Customers
0219-YTZUE,1,1,2,112,Lost Customers
0623-IIHUG,2,3,2,232,At Risk
4572-DVCGN,1,2,2,122,Lost Customers
3351-NGXYI,2,2,2,222,Lost Customers
8984-EYLLL,4,5,5,455,Champions
9057-MSWCO,3,3,2,332,Potential Loyalists
9833-TGFHX,3,4,4,344,Loyal Customers
9294-TDIPC,3,1,1,311,About to Sleep
5229-DTFYB,4,4,4,444,Champions
0104-PPXDV,4,4,4,444,Champions
5176-LMJXE,5,4,3,543,Potential Loyalists
3583-KRKMD,2,2,3,223,Lost Customers
1010-DIAUQ,1,1,2,112,Lost Customers
9069-LGEUL,3,3,3,333,Potential Loyalists
7302-ZHMHP,3,1,1,311,About to Sleep
9571-EDEBV,3,5,5,355,Loyal Customers
3520-FJGCV,4,5,5,455,Champions
6563-VRERX,5,3,2,532,Potential Loyalists
0259-GBZSH,1,1,1,111,Lost Customers
6122-EFVKN,5,3,2,532,Potential Loyalists
2805-EDJPQ,3,4,5,345,Loyal Customers
6862-CQUMB,2,3,4,234,At Risk
7156-MXBJE,4,4,4,444,Champions
6158-HDPXZ,1,1,1,111,Lost Customers
9601-BRXPO,2,3,4,234,At Risk
2863-IMQDR,5,5,5,555,Champions
5686-CMAWK,3,2,3,323,About to Sleep
5651-CRHKQ,4,4,4,444,Champions
6905-NIQIN,2,1,1,211,Lost Customers
8204-YJCLA,5,5,5,555,Champions
5167-ZFFMM,1,1,1,111,Lost Customers
6583-SZVGP,3,4,5,345,Loyal Customers
4895-TMWIR,3,2,1,321,About to Sleep
0533-BNWKF,2,4,5,245,At Risk
1708-PBBOA,4,4,4,444,Champions
8782-LKFPK,2,4,4,244,At Risk
5522-JBWMO,2,1,1,211,Lost Customers
3597-MVHJT,1,3,4,134,At Risk
9774-NRNAU,2,3,4,234,At Risk
0224-RLWWD,1,1,1,111,Lost Customers
9967-ATRFS,4,2,2,422,About to Sleep
3951-NJCVI,1,4,4,144,At Risk
2977-CEBSX,5,5,5,555,Champions
0177-PXBAT,2,3,4,234,At Risk
6599-CEBNN,3,3,4,334,Loyal Customers
2519-ERQOJ,2,3,3,233,At Risk
5876-QMYLD,5,3,2,532,Potential Loyalists
2277-AXSDC,5,3,2,532,Potential Loyalists
9442-JTWDL,4,2,1,421,About to Sleep
0979-PHULV,2,5,5,255,At Risk
3067-SVMTC,5,5,4,554,Champions
5495-GPSRW,5,2,2,522,About to Sleep
7606-BPHHN,5,5,3,553,Potential Loyalists
4742-DRORA,3,4,5,345,Loyal Customers
0111-KLBQG,2,3,4,234,At Risk
4800-VHZKI,2,1,1,211,Lost Customers
7989-CHGTL,2,1,1,211,Lost Customers
0334-GDDSO,1,1,1,111,Lost Customers
4163-NCJAK,4,4,3,443,Potential Loyalists
5233-AOZUF,2,3,4,234,At Risk
5973-EJGDP,2,4,5,245,At Risk
1996-DBMUS,2,4,4,244,At Risk
7916-VCCPB,3,2,3,323,About to Sleep
4686-GEFRM,4,5,5,455,Champions
5249-QYHEX,5,3,3,533,Potential Loyalists
0578-SKVMF,2,3,3,233,At Risk
5564-NEMQO,1,1,1,111,Lost Customers
2233-FAGXV,3,1,1,311,About to Sleep
5605-IYGFG,2,2,2,222,Lost Customers
7663-ZTEGJ,3,3,4,334,Loyal Customers
3935-TBRZZ,5,4,3,543,Potential Loyalists
8111-BKVDS,3,2,2,322,About to Sleep
2055-SIFSS,3,4,4,344,Loyal Customers
2806-MLNTI,2,4,5,245,At Risk
8734-DKSTZ,1,2,2,122,Lost Customers
4360-PNRQB,2,2,3,223,Lost Customers
6152-ONASV,5,5,4,554,Champions
9063-ZGTUY,4,5,3,453,Potential Loyalists
7781-HVGMK,5,5,5,555,Champions
2181-UAESM,2,1,1,211,Lost Customers
2957-LOLHO,3,2,2,322,About to Sleep
6048-NJXHX,5,4,2,542,Potential Loyalists
2320-SLKMB,3,3,3,333,Potential Loyalists
4980-URKXC,5,3,2,532,Potential Loyalists
4376-KFVRS,4,5,5,455,Champions
5886-VLQVU,2,3,4,234,At Risk
3577-AMVUX,2,1,1,211,Lost Customers
0771-WLCLA,2,2,3,223,Lost Customers
5628-RKIFK,2,4,5,245,At Risk
0206-TBWLC,3,4,5,345,Loyal Customers
2937-FTHUR,3,2,3,323,About to Sleep
1910-FMXJM,2,3,4,234,At Risk
7752-XUSCI,2,4,5,245,At Risk
4110-PFEUZ,1,1,1,111,Lost Customers
0732-OCQOC,5,4,3,543,Potential Loyalists
5168-MSWXT,1,2,2,122,Lost Customers
1090-ESELR,5,5,5,555,Champions
8592-PLTMQ,5,5,3,553,Potential Loyalists
5760-WRAHC,3,3,3,333,Potential Loyalists
8847-GEOOQ,3,4,4,344,Loyal Customers
0256-LTHVJ,2,3,4,234,At Risk
4785-FCIFB,5,5,3,553,Potential Loyalists
8313-NDOIA,1,3,4,134,At Risk
5149-CUZUJ,4,3,4,434,Loyal Customers
0942-KOWSM,5,3,4,534,Loyal Customers
4237-CLSMM,3,1,1,311,About to Sleep
1452-VOQCH,1,1,1,111,Lost Customers
4719-UMSIY,4,1,1,411,About to Sleep
6614-VBEGU,3,3,3,333,Potential Loyalists
0880-TKATG,1,1,2,112,Lost Customers
3811-VBYBZ,1,2,2,122,Lost Customers
1480-BKXGA,4,5,5,455,Champions
2996-XAUVF,5,5,4,554,Champions
9076-AXYIK,3,5,5,355,Loyal Customers
5968-XQIVE,3,5,5,355,Loyal Customers
8896-RAZCR,5,4,2,542,Potential Loyalists
4640-UHDOS,3,2,2,322,About to Sleep
4933-IKULF,4,2,2,422,About to Sleep
3583-EKAPL,1,1,1,111,Lost Customers
1304-BCCFO,2,2,2,222,Lost Customers
4104-PVRPS,4,3,3,433,Potential Loyalists
9399-APLBT,1,1,1,111,Lost Customers
2359-KMGLI,2,3,3,233,At Risk
3780-DDGSE,3,3,4,334,Loyal Customers
4431-EDMIQ,3,2,2,322,About to Sleep
0306-JAELE,1,1,2,112,Lost Customers
6227-HWPWX,2,2,3,223,Lost Customers
0486-LGCCH,5,2,1,521,About to Sleep
0447-BEMNG,3,4,4,344,Loyal Customers
4612-SSVHJ,1,2,3,123,Lost Customers
5168-MQQCA,3,5,5,355,Loyal Customers
5949-XIKAE,1,2,2,122,Lost Customers
7971-HLVXI,4,5,5,455,Champions
9094-AZPHK,1,2,3,123,Lost Customers
3649-JPUGY,5,5,5,555,Champions
4472-LVYGI,1,1,1,111,Lost Customers
8372-JUXUI,1,1,1,111,Lost Customers
3552-CTCYF,4,5,5,455,Champions
6778-YSNIH,1,1,1,111,Lost Customers
0388-EOPEX,1,1,1,111,Lost Customers
5756-OZRIO,4,5,4,454,Champions
6579-JPICP,3,1,1,311,About to Sleep
8205-OTCHB,3,3,2,332,Potential Loyalists
4134-BSXLX,4,3,3,433,Potential Loyalists
0505-SPOOW,5,5,3,553,Potential Loyalists
6235-VDHOM,2,1,1,211,Lost Customers
7783-YKGDV,2,2,3,223,Lost Customers
4374-YMUSQ,3,3,4,334,Loyal Customers
4513-CXYIX,4,5,5,455,Champions
3957-HHLMR,4,5,5,455,Champions
7803-XOCCZ,3,4,4,344,Loyal Customers
5736-YEJAX,5,5,5,555,Champions
5609-CEBID,1,2,3,123,Lost Customers
8981-FJGLA,2,2,2,222,Lost Customers
7218-HKQFK,1,1,1,111,Lost Customers
4636-QRJKY,1,1,2,112,Lost Customers
1135-LMECX,3,1,1,311,About to Sleep
4332-MUOEZ,3,2,3,323,About to Sleep
8535-SFUTN,2,5,5,255,At Risk
5956-VKDTT,1,1,2,112,Lost Customers
8677-HDZEE,2,4,5,245,At Risk
2475-MROZF,3,3,4,334,Loyal Customers
9412-GHEEC,2,3,4,234,At Risk
3482-ABPKK,4,3,3,433,Potential Loyalists
6705-LXORM,1,1,2,112,Lost Customers
0257-ZESQC,2,3,3,233,At Risk
7531-GQHME,4,2,2,422,About to Sleep
5174-ITUMV,3,5,5,355,Loyal Customers
4109-CYRBD,2,3,3,233,At Risk
0913-XWSCN,3,4,5,345,Loyal Customers
6825-UYPFK,2,3,3,233,At Risk
8397-MVTAZ,1,3,4,134,At Risk
0750-EBAIU,3,4,5,345,Loyal Customers
8606-CIQUL,4,5,5,455,Champions
3571-DPYUH,3,4,5,345,Loyal Customers
7601-GNDYK,5,3,2,532,Potential Loyalists
0356-OBMAC,4,4,5,445,Champions
8067-NIOYM,5,3,2,532,Potential Loyalists
1403-GYAFU,5,5,3,553,Potential Loyalists
4234-XTNEA,1,1,1,111,Lost Customers
1297-VQDRP,3,5,5,355,Loyal Customers
9282-IZGQK,1,1,1,111,Lost Customers
5348-CAGXB,1,2,3,123,Lost Customers
0621-HJWXJ,3,5,5,355,Loyal Customers
5844-QVTAT,4,3,3,433,Potential Loyalists
8905-IAZPF,3,5,5,355,Loyal Customers
5394-MEITZ,5,4,5,545,Champions
6859-QNXIQ,4,5,5,455,Champions
2782-LFZVW,2,2,2,222,Lost Customers
2866-IKBTM,3,1,1,311,About to Sleep
1342-JPNKI,1,2,2,122,Lost Customers
2817-NTQDO,3,2,2,322,About to Sleep
7129-AZJDE,3,3,4,334,Loyal Customers
6986-IJDHX,3,3,4,334,Loyal Customers
2560-PPCHE,3,5,5,355,Loyal Customers
4676-MQUEA,3,4,5,345,Loyal Customers
8138-EALND,4,2,2,422,About to Sleep
3580-HYCSP,4,5,5,455,Champions
1352-HNSAW,4,5,5,455,Champions
2075-PUEPR,5,4,3,543,Potential Loyalists
1982-FEBTD,5,3,2,532,Potential Loyalists
5301-GAUUY,2,3,4,234,At Risk
5791-KAJFD,4,4,4,444,Champions
2654-VBVPB,3,1,1,311,About to Sleep
1154-HYWWO,5,3,4,534,Loyal Customers
2501-XWWTZ,2,2,2,222,Lost Customers
3716-UVSPD,1,1,1,111,Lost Customers
6815-ABQFQ,2,4,5,245,At Risk
7343-EOBEU,3,1,1,311,About to Sleep
3701-SFMUH,3,2,2,322,About to Sleep
6103-LIANB,3,4,5,345,Loyal Customers
7319-VENRZ,3,2,2,322,About to Sleep
5846-NEQVZ,5,5,5,555,Champions
6967-QIQRV,3,2,3,323,About to Sleep
5781-RFZRP,5,5,5,555,Champions
0939-YAPAF,1,3,4,134,At Risk
0308-IVGOK,3,2,2,322,About to Sleep
7293-LSCDV,5,4,3,543,Potential Loyalists
7025-WCBNE,5,4,4,544,Champions
5756-JYOJT,4,2,2,422,About to Sleep
4710-FDUIZ,3,4,5,345,Loyal Customers
6030-REHUX,1,3,4,134,At Risk
9548-LIGTA,5,5,5,555,Champions
5150-LJNSR,3,3,4,334,Loyal Customers
8270-RKSAP,1,2,2,122,Lost Customers
6522-YRBXD,2,3,4,234,At Risk
2640-LYMOV,3,1,1,311,About to Sleep
1218-VKFPE,4,2,1,421,About to Sleep
3627-FHKBK,1,1,1,111,Lost Customers
2865-TCHJW,1,1,2,112,Lost Customers
1423-BMPBQ,2,1,1,211,Lost Customers
2393-DIVAI,3,1,1,311,About to Sleep
5192-EBGOV,1,1,1,111,Lost Customers
4568-KNYWR,5,4,4,544,Champions
8752-IMQOS,4,1,1,411,About to Sleep
0742-LAFQK,4,5,5,455,Champions
0795-LAFGP,5,5,5,555,Champions
0619-OLYUR,4,5,5,455,Champions
5512-IDZEI,4,4,3,443,Potential Loyalists
0459-SPZHJ,5,5,5,555,Champions
0215-BQKGS,3,3,4,334,Loyal Customers
9244-ZVAPM,2,1,1,211,Lost Customers
0719-SYFRB,3,2,2,322,About to Sleep
8208-EUMTE,4,2,2,422,About to Sleep
5172-MIGPM,2,1,1,211,Lost Customers
1710-RCXUS,3,4,5,345,Loyal Customers
0374-FIUCA,5,5,3,553,Potential Loyalists
5839-SUYVZ,2,2,3,223,Lost Customers
5173-ZXXXL,4,1,1,411,About to Sleep
1096-ADRUX,3,5,5,355,Loyal Customers
2001-MCUUW,3,4,5,345,Loyal Customers
2731-GJRDG,3,3,4,334,Loyal Customers
4723-BEGSG,5,5,5,555,Champions
6516-NKQBO,5,3,4,534,Loyal Customers
8672-OAUPW,4,4,4,444,Champions
8207-DMRVL,4,5,5,455,Champions
3419-SNJJD,2,5,5,255,At Risk
6543-CPZMK,2,2,1,221,Lost Customers
4765-OXPPD,4,2,2,422,About to Sleep
2804-ETQDK,5,5,3,553,Potential Loyalists
6689-VRRTK,3,4,5,345,Loyal Customers
7138-GIRSH,5,4,4,544,Champions
9396-ZSFLL,3,2,2,322,About to Sleep
6464-KEXXH,2,2,1,221,Lost Customers
7134-MJPDY,3,5,5,355,Loyal Customers
5240-CAOYT,3,4,5,345,Loyal Customers
4059-IIEBK,1,2,2,122,Lost Customers
4881-JVQOD,2,2,2,222,Lost Customers
0516-UXRMT,3,5,5,355,Loyal Customers
4851-BQDNX,3,3,4,334,Loyal Customers
5148-HKFIR,5,2,2,522,About to Sleep
1009-IRMNA,3,2,1,321,About to Sleep
3003-CMDUU,2,3,4,234,At Risk
5016-IBERQ,2,3,3,233,At Risk
6797-UCJHZ,3,5,5,355,Loyal Customers
2469-DTSGX,4,5,5,455,Champions
4554-YGZIH,2,4,5,245,At Risk
5099-BAILX,2,4,5,245,At Risk
9931-KGHOA,4,4,4,444,Champions
1775-KWJKQ,5,5,5,555,Champions
7665-VIGUD,4,2,1,421,About to Sleep
9411-TPQQV,4,3,4,434,Loyal Customers
7207-RMRDB,2,5,5,255,At Risk
7954-MLBUN,4,3,4,434,Loyal Customers
2077-DDHJK,5,5,5,555,Champions
4913-EHYUI,3,4,5,345,Loyal Customers
0195-IESCP,1,2,2,122,Lost Customers
9574-BOSMD,5,5,3,553,Potential Loyalists
4580-TMHJU,3,4,4,344,Loyal Customers
0970-ETWGE,1,1,1,111,Lost Customers
4908-XAXAY,3,4,4,344,Loyal Customers
8404-VLQFB,3,2,2,322,About to Sleep
1626-ERCMM,1,2,3,123,Lost Customers
0887-HJGAR,1,1,1,111,Lost Customers
2391-IPLOP,4,4,4,444,Champions
5644-PDMZC,1,1,1,111,Lost Customers
3509-GWQGF,2,3,3,233,At Risk
9576-ANLXO,1,1,1,111,Lost Customers
2024-BASKD,1,1,1,111,Lost Customers
5845-BZZIB,5,3,2,532,Potential Loyalists
1140-UKVZG,4,2,2,422,About to Sleep
4160-AMJTL,3,2,1,321,About to Sleep
5183-SNMJQ,1,2,2,122,Lost Customers
8100-PNJMH,5,5,5,555,Champions
7838-LAZFO,4,4,4,444,Champions
4464-JCOLN,4,1,1,411,About to Sleep
2085-JVGAD,4,3,2,432,Potential Loyalists
5650-VDUDS,2,1,1,211,Lost Customers
8095-WANWK,3,2,2,322,About to Sleep
3030-ZKIWL,3,1,1,311,About to Sleep
9565-FLVCG,5,5,4,554,Champions
8755-OGKNA,5,4,3,543,Potential Loyalists
2800-VEQXM,1,1,1,111,Lost Customers
7538-GWHML,1,1,1,111,Lost Customers
5533-RJFTJ,3,4,3,343,Potential Loyalists
3859-CVCET,3,1,1,311,About to Sleep
0214-JHPFW,5,5,4,554,Champions
5642-MHDQT,5,4,3,543,Potential Loyalists
3088-FVYWK,5,4,3,543,Potential Loyalists
3276-HDUEG,1,1,1,111,Lost Customers
9092-GDZKO,3,3,2,332,Potential Loyalists
0823-HSCDJ,2,4,4,244,At Risk
3729-OWRVL,4,5,5,455,Champions
2324-AALNO,5,4,3,543,Potential Loyalists
0822-GAVAP,1,1,1,111,Lost Customers
5760-IFJOZ,1,1,2,112,Lost Customers
2826-UWHIS,3,4,4,344,Loyal Customers
1448-PWKYE,1,1,1,111,Lost Customers
7501-IWUNG,5,5,5,555,Champions
4957-TREIR,2,1,1,211,Lost Customers
7251-LJBQN,2,3,4,234,At Risk
8040-MNRTF,1,1,1,111,Lost Customers
1536-HBSWP,1,1,1,111,Lost Customers
5313-FPXWG,4,4,3,443,Potential Loyalists
0067-DKWBL,2,1,1,211,Lost Customers
0946-FKYTX,4,4,3,443,Potential Loyalists
5076-YVXCM,2,4,4,244,At Risk
8262-COGGB,2,1,1,211,Lost Customers
6663-JOCQO,4,3,4,434,Loyal Customers
9620-QJREV,5,4,3,543,Potential Loyalists
2276-YDAVZ,1,1,2,112,Lost Customers
2682-KEVRP,4,3,2,432,Potential Loyalists
2480-JZOSN,2,1,1,211,Lost Customers
0078-XZMHT,5,5,5,555,Champions
5896-NPFWW,2,1,1,211,Lost Customers
9978-HYCIN,3,4,4,344,Loyal Customers
8338-QIUNR,5,5,5,555,Champions
1525-LNLOJ,5,5,4,554,Champions
9450-TRJUU,2,3,4,234,At Risk
1766-GKNMI,1,3,4,134,At Risk
6942-LBFDP,3,1,1,311,About to Sleep
1456-TWCGB,3,1,1,311,About to Sleep
7133-VBDCG,3,3,3,333,Potential Loyalists
7596-ZYWBB,5,5,4,554,Champions
8329-UTMVM,2,3,4,234,At Risk
3014-WJKSM,2,3,4,234,At Risk
3347-YJZZE,3,3,4,334,Loyal Customers
1029-QFBEN,3,1,1,311,About to Sleep
7929-DMBCV,2,2,3,223,Lost Customers
9661-JALZV,5,4,3,543,Potential Loyalists
5433-KYGHE,2,2,3,223,Lost Customers
4312-KFRXN,5,5,3,553,Potential Loyalists
5575-TPIZQ,2,4,4,244,At Risk
0114-IGABW,5,5,4,554,Champions
9944-AEXBM,2,3,4,234,At Risk
1853-ARAAQ,2,3,3,233,At Risk
6952-OMNWB,2,5,5,255,At Risk
4697-LUPSU,4,1,1,411,About to Sleep
8434-VGEQQ,5,5,3,553,Potential Loyalists
4952-YSOGZ,1,1,2,112,Lost Customers
1589-AGTLK,2,1,1,211,Lost Customers
5244-IRFIH,1,3,4,134,At Risk
6549-YMFAW,3,2,1,321,About to Sleep
4950-HKQTE,5,3,2,532,Potential Loyalists
6786-OBWQR,1,1,2,112,Lost Customers
2684-EIWEO,3,3,4,334,Loyal Customers
2753-JMMCV,5,5,5,555,Champions
6439-GTPCA,2,4,4,244,At Risk
6621-YOBKI,3,1,1,311,About to Sleep
1216-JWVUX,2,3,3,233,At Risk
7564-GHCVB,5,5,5,555,Champions
1173-NOEYG,2,3,4,234,At Risk
7595-EHCDL,3,3,3,333,Potential Loyalists
6647-ZEDXT,3,3,4,334,Loyal Customers
2521-NPUZR,5,5,5,555,Champions
1307-TVUFB,2,4,4,244,At Risk
7503-MIOGA,5,5,5,555,Champions
4381-MHQDC,5,4,4,544,Champions
6923-JHPMP,1,1,1,111,Lost Customers
5138-WVKYJ,1,2,3,123,Lost Customers
4018-PPNDW,5,5,3,553,Potential Loyalists
1635-FJFCC,2,1,1,211,Lost Customers
2499-AJYUA,4,5,5,455,Champions
6919-ELBGL,4,5,5,455,Champions
3966-HRMZA,1,1,1,111,Lost Customers
6425-JWTDV,5,4,2,542,Potential Loyalists
8405-IGQFX,4,5,5,455,Champions
8224-IVVPA,4,3,3,433,Potential Loyalists
9477-LGWQI,5,5,5,555,Champions
1410-RSCMR,3,2,2,322,About to Sleep
3115-CZMZD,3,1,1,311,About to Sleep
0139-IVFJG,1,1,1,111,Lost Customers
6683-VLCTZ,1,2,3,123,Lost Customers
5730-DBDSI,5,5,3,553,Potential Loyalists
0030-FNXPP,3,1,1,311,About to Sleep
2189-WWOEW,2,2,3,223,Lost Customers
5684-FJVYR,5,5,5,555,Champions
4013-GUXND,3,1,1,311,About to Sleep
1894-IGFSG,2,3,3,233,At Risk
7379-POKDZ,1,1,1,111,Lost Customers
1266-NZYUI,5,5,5,555,Champions
7969-FFOWG,5,5,3,553,Potential Loyalists
4718-DHSMV,2,2,2,222,Lost Customers
5175-WLYXL,2,3,3,233,At Risk
7817-OMJNA,4,2,2,422,About to Sleep
8728-SKJLR,2,4,4,244,At Risk
3137-NYQQI,4,2,3,423,About to Sleep
7706-DZNKK,3,2,1,321,About to Sleep
0236-HFWSV,1,2,3,123,Lost Customers
3900-AQPHZ,3,1,1,311,About to Sleep
5842-POCOP,1,1,2,112,Lost Customers
2037-XJFUP,2,3,4,234,At Risk
8823-RLPWL,4,5,5,455,Champions
9505-SQFSW,2,1,1,211,Lost Customers
7314-OXENN,1,1,1,111,Lost Customers
3758-CKOQL,3,4,5,345,Loyal Customers
0322-CHQRU,2,1,1,211,Lost Customers
5676-CFLYY,5,5,5,555,Champions
7521-AFHAB,3,1,1,311,About to Sleep
0285-INHLN,4,3,3,433,Potential Loyalists
4678-DVQEO,1,1,1,111,Lost Customers
5125-CNDSP,5,5,4,554,Champions
0691-IFBQW,2,4,5,245,At Risk
4992-LTJNE,5,5,4,554,Champions
2202-OUTMO,3,3,3,333,Potential Loyalists
0810-BDHAW,3,3,3,333,Potential Loyalists
0229-LFJAF,5,5,5,555,Champions
7131-ZQZNK,5,4,4,544,Champions
3442-ZHHCC,4,5,5,455,Champions
5726-CVNYA,5,2,1,521,About to Sleep
9871-ELEYA,5,3,4,534,Loyal Customers
4257-GAESD,2,1,2,212,Lost Customers
5173-WXOQV,2,1,1,211,Lost Customers
2040-OBMLJ,3,3,4,334,Loyal Customers
6286-ZHAOK,4,2,2,422,About to Sleep
3807-XHCJH,2,1,1,211,Lost Customers
3009-JWMPU,2,5,5,255,At Risk
5671-RQRLP,4,5,5,455,Champions
1450-GALXR,1,2,3,123,Lost Customers
8859-AXJZP,5,3,2,532,Potential Loyalists
3174-AKMAS,5,4,4,544,Champions
3138-BKYAV,1,1,2,112,Lost Customers
9926-PJHDQ,4,5,5,455,Champions
7382-DFJTU,3,2,3,323,About to Sleep
2798-NYLMZ,4,5,5,455,Champions
4289-DTDKW,1,3,4,134,At Risk
1820-TQVEV,1,1,1,111,Lost Customers
2239-JALAW,3,4,5,345,Loyal Customers
4853-RULSV,4,5,5,455,Champions
8098-TDCBU,5,4,3,543,Potential Loyalists
3551-GAEGL,4,3,2,432,Potential Loyalists
4785-NKHCX,3,1,1,311,About to Sleep
3196-NVXLZ,2,3,4,234,At Risk
6275-YDUVO,1,1,1,111,Lost Customers
0036-IHMOT,3,4,5,345,Loyal Customers
0115-TFERT,1,3,4,134,At Risk
4178-EGMON,4,5,5,455,Champions
4220-TINQT,2,5,5,255,At Risk
5318-YKDPV,5,4,4,544,Champions
7975-TZMLR,2,4,5,245,At Risk
0295-QVKPB,2,1,2,212,Lost Customers
4335-BSMJS,5,5,3,553,Potential Loyalists
2311-QYMUQ,2,2,3,223,Lost Customers
3643-AHCFP,1,2,2,122,Lost Customers
9146-JRIOX,4,2,2,422,About to Sleep
3104-OWCGK,3,4,5,345,Loyal Customers
5337-IIWKZ,3,3,3,333,Potential Loyalists
9101-BWFSS,3,4,5,345,Loyal Customers
9650-VBUOG,5,3,3,533,Potential Loyalists
3487-EARAT,5,5,5,555,Champions
2672-TGEFF,2,3,4,234,At Risk
9231-ZJYAM,1,1,2,112,Lost Customers
4250-WAROZ,2,4,5,245,At Risk
8184-WMOFI,5,5,5,555,Champions
6982-SSHFK,2,1,1,211,Lost Customers
6092-QZVPP,3,3,4,334,Loyal Customers
4625-LAMOB,5,4,2,542,Potential Loyalists
0727-BMPLR,2,4,5,245,At Risk
0392-BZIUW,4,5,5,455,Champions
1038-ZAGBI,4,2,1,421,About to Sleep
6549-NNDYT,3,2,2,322,About to Sleep
3027-ZTDHO,1,1,1,111,Lost Customers
0422-OHQHQ,4,2,2,422,About to Sleep
6916-HIJSE,5,5,5,555,Champions
2316-ESMLS,4,2,2,422,About to Sleep
9778-OGKQZ,5,5,5,555,Champions
7408-OFWXJ,5,5,5,555,Champions
6007-TCTST,4,5,5,455,Champions
2252-NKNSI,5,4,4,544,Champions
8713-IGZSO,3,1,1,311,About to Sleep
7905-TVXTA,2,1,2,212,Lost Customers
7695-PKLCZ,5,5,3,553,Potential Loyalists
2382-BCKQJ,3,5,5,355,Loyal Customers
8374-UULRV,5,5,5,555,Champions
2207-NHRJK,2,1,1,211,Lost Customers
3224-DFQNQ,4,5,5,455,Champions
5275-PMFUT,5,5,5,555,Champions
4795-UXVCJ,5,3,2,532,Potential Loyalists
9777-IQHWP,4,5,5,455,Champions
0947-MUGVO,2,2,3,223,Lost Customers
9944-HKVVB,1,1,2,112,Lost Customers
4124-MMETB,1,3,4,134,At Risk
3671-SHRSP,1,1,2,112,Lost Customers
0979-MOZQI,4,5,4,454,Champions
2732-ISEZX,3,1,1,311,About to Sleep
3313-QKNKB,3,4,5,345,Loyal Customers
0323-XWWTN,4,1,1,411,About to Sleep
1937-OTUKY,4,5,5,455,Champions
1573-LGXBA,3,4,5,345,Loyal Customers
1764-VUUMT,5,5,3,553,Potential Loyalists
5073-WXOYN,2,4,4,244,At Risk
4713-ZBURT,4,4,5,445,Champions
3050-GBUSH,1,1,1,111,Lost Customers
0207-MDKNV,2,2,3,223,Lost Customers
7876-AEHIG,4,4,4,444,Champions
7945-HLKEA,4,4,4,444,Champions
9342-VNIMQ,3,3,3,333,Potential Loyalists
9851-KIELU,1,2,3,123,Lost Customers
3523-BRGUW,4,3,2,432,Potential Loyalists
3908-BLSYF,1,1,2,112,Lost Customers
3199-NPKCN,3,5,5,355,Loyal Customers
5170-PTRKA,4,4,3,443,Potential Loyalists
4661-NJEUX,2,1,1,211,Lost Customers
2123-AGEEN,1,2,2,122,Lost Customers
1258-YMZNM,2,3,4,234,At Risk
0048-LUMLS,3,3,4,334,Loyal Customers
7549-MYGPK,3,5,5,355,Loyal Customers
5898-IGSLP,3,3,4,334,Loyal Customers
3804-RVTGV,2,4,5,245,At Risk
6259-WJQLC,2,3,4,234,At Risk
9227-LUNBG,1,1,1,111,Lost Customers
7997-EASSD,3,5,5,355,Loyal Customers
0730-KOAVE,2,3,4,234,At Risk
8975-SKGRX,4,5,5,455,Champions
0678-RLHVP,3,4,5,345,Loyal Customers
4315-MURBD,2,2,3,223,Lost Customers
2267-FPIMA,2,4,5,245,At Risk
1051-GEJLJ,3,1,1,311,About to Sleep
9734-YWGEX,1,2,2,122,Lost Customers
2719-BDAQO,2,2,3,223,Lost Customers
5285-MVEHD,3,4,5,345,Loyal Customers
0379-DJQHR,5,5,5,555,Champions
0781-LKXBR,1,2,2,122,Lost Customers
5543-QDCRY,2,1,1,211,Lost Customers
0297-RBCSG,4,2,3,423,About to Sleep
4694-PHWFW,4,2,1,421,About to Sleep
0835-JKADZ,4,5,5,455,Champions
1907-UBQFC,1,2,2,122,Lost Customers
7508-SMHXL,2,2,3,223,Lost Customers
3865-YIOTT,3,5,5,355,Loyal Customers
5993-BQHEA,4,2,2,422,About to Sleep
6024-RUGGH,5,5,3,553,Potential Loyalists
6513-EECDB,1,1,1,111,Lost Customers
3956-CJUST,2,3,3,233,At Risk
4079-WWQQQ,5,5,5,555,Champions
6103-BOCOU,2,3,4,234,At Risk
5149-TGWDZ,3,3,4,334,Loyal Customers
7471-WNSUF,5,4,3,543,Potential Loyalists
8942-DBMHZ,4,2,1,421,About to Sleep
4301-VVZKA,1,2,3,123,Lost Customers
9199-PWQVC,4,5,5,455,Champions
4824-GUCBY,3,3,3,333,Potential Loyalists
5393-HJZSM,4,3,4,434,Loyal Customers
7074-IEVOJ,1,1,1,111,Lost Customers
9625-QSTYE,2,2,3,223,Lost Customers
0862-PRCBS,4,5,5,455,Champions
8812-ZRHFP,3,3,4,334,Loyal Customers
5146-CBVOE,2,2,3,223,Lost Customers
0454-OKRCT,4,3,4,434,Loyal Customers
5787-KXGIY,5,5,3,553,Potential Loyalists
4750-ZRXIU,1,1,2,112,Lost Customers
4198-VFOEA,3,2,2,322,About to Sleep
6630-UJZMY,1,1,2,112,Lost Customers
5709-LVOEQ,1,1,1,111,Lost Customers
6400-BWQKW,1,1,2,112,Lost Customers
2692-AQCPF,3,5,5,355,Loyal Customers
0347-UBKUZ,4,2,2,422,About to Sleep
0835-DUUIQ,5,3,2,532,Potential Loyalists
0811-GSDTP,3,2,2,322,About to Sleep
7567-ECMCM,2,3,3,233,At Risk
6115-ZTBFQ,5,5,5,555,Champions
6353-BRMMA,2,4,5,245,At Risk
6680-WKXRZ,1,1,1,111,Lost Customers
6231-WFGFH,3,1,1,311,About to Sleep
9904-EHEVJ,2,3,4,234,At Risk
7028-DVOIQ,1,3,4,134,At Risk
6169-PPETC,5,3,2,532,Potential Loyalists
4208-UFFGW,2,1,1,211,Lost Customers
8584-KMVXD,2,2,2,222,Lost Customers
8467-WYNSR,4,3,3,433,Potential Loyalists
0851-DFJKB,3,2,3,323,About to Sleep
5382-SOYZL,1,3,4,134,At Risk
9448-REEVD,2,1,1,211,Lost Customers
3261-CQXOL,5,5,3,553,Potential Loyalists
8388-FYNPZ,2,1,1,211,Lost Customers
4002-BQWPQ,4,3,3,433,Potential Loyalists
5651-YLPRD,2,3,4,234,At Risk
2826-DXLQO,2,2,1,221,Lost Customers
4378-BZYFP,4,2,2,422,About to Sleep
9489-UTFKA,3,2,2,322,About to Sleep
4849-PYRLQ,5,4,4,544,Champions
9117-SHLZX,1,1,1,111,Lost Customers
9889-TMAHG,2,2,2,222,Lost Customers
4541-RMRLG,3,2,1,321,About to Sleep
7764-BDPEE,3,1,1,311,About to Sleep
3429-IFLEM,5,5,5,555,Champions
3158-MOERK,1,1,1,111,Lost Customers
7294-TMAOP,1,1,1,111,Lost Customers
5002-GCQFH,2,4,5,245,At Risk
0556-FJEGU,5,4,4,544,Champions
8919-FYFQZ,3,4,3,343,Potential Loyalists
0604-THJFP,5,4,5,545,Champions
2834-JRTUA,4,5,5,455,Champions
5875-YPQFJ,1,1,1,111,Lost Customers
5879-SESNB,1,2,2,122,Lost Customers
6646-QVXLR,2,5,5,255,At Risk
6461-PPAXN,4,3,3,433,Potential Loyalists
3318-ISQFQ,4,2,2,422,About to Sleep
1106-HRLKZ,5,3,2,532,Potential Loyalists
2483-XSSMZ,4,3,3,433,Potential Loyalists
8603-IJWDN,1,1,1,111,Lost Customers
8165-ZJRNM,5,5,3,553,Potential Loyalists
9369-XFEHK,2,3,4,234,At Risk
2604-XVDAM,3,2,2,322,About to Sleep
3717-OFRTN,3,1,1,311,About to Sleep
9046-JBFWA,4,3,2,432,Potential Loyalists
3280-NMUVX,5,3,2,532,Potential Loyalists
1206-EHBDD,5,4,5,545,Champions
8361-LBRDI,5,4,3,543,Potential Loyalists
4883-KCPZJ,5,3,2,532,Potential Loyalists
9108-EQPNQ,5,2,1,521,About to Sleep
7277-KAMWT,5,2,2,522,About to Sleep
3842-IYKUE,3,3,4,334,Loyal Customers
6641-XRPSU,2,3,4,234,At Risk
1374-DMZUI,1,1,2,112,Lost Customers
2545-LXYVJ,5,5,3,553,Potential Loyalists
3234-VKACU,1,1,1,111,Lost Customers
8357-EQXFO,1,2,2,122,Lost Customers
1989-PRJHP,1,3,3,133,At Risk
8120-JDCAM,1,1,2,112,Lost Customers
8917-FAEMR,5,3,2,532,Potential Loyalists
7047-YXDMZ,4,3,2,432,Potential Loyalists
2858-EIMXH,2,4,5,245,At Risk
9524-EGPJC,1,2,3,123,Lost Customers
6993-OHLXR,1,1,1,111,Lost Customers
8818-XYFCQ,2,3,4,234,At Risk
6419-ZTTLE,4,3,2,432,Potential Loyalists
0929-HYQEW,2,1,1,211,Lost Customers
6614-YOLAC,5,5,4,554,Champions
7426-RHZGU,1,2,2,122,Lost Customers
4065-JJAVA,2,1,1,211,Lost Customers
4695-VADHF,3,2,3,323,About to Sleep
3863-IUBJR,3,2,2,322,About to Sleep
7649-SIJJF,5,5,5,555,Champions
9361-YNQWJ,5,5,3,553,Potential Loyalists
3748-FVMZZ,1,1,1,111,Lost Customers
9391-TTOYH,4,3,2,432,Potential Loyalists
1452-XRSJV,4,3,4,434,Loyal Customers
3422-WJOYD,4,3,3,433,Potential Loyalists
8242-SOQUO,1,1,2,112,Lost Customers
7460-ITWWP,2,4,4,244,At Risk
7147-AYBAA,3,3,4,334,Loyal Customers
7868-TMWMZ,4,4,5,445,Champions
4822-RVYBB,1,2,2,122,Lost Customers
6732-FZUGP,3,4,5,345,Loyal Customers
8436-BJUMM,1,3,4,134,At Risk
4184-TJFAN,1,1,2,112,Lost Customers
8329-GWVPJ,3,4,4,344,Loyal Customers
1352-VHKAJ,3,3,3,333,Potential Loyalists
4145-UQXUQ,1,2,2,122,Lost Customers
2632-TACXW,5,5,3,553,Potential Loyalists
8146-QQKZH,5,5,5,555,Champions
1767-CJKBA,5,5,3,553,Potential Loyalists
6445-TNRXS,4,5,5,455,Champions
4581-LNWUM,2,2,2,222,Lost Customers
4869-EPIUS,3,4,5,345,Loyal Customers
9948-YPTDG,3,3,4,334,Loyal Customers
1236-WFCDV,1,2,3,123,Lost Customers
1915-OAKWD,4,2,2,422,About to Sleep
7296-PIXQY,2,2,3,223,Lost Customers
4883-QICIH,3,3,4,334,Loyal Customers
3354-OADJP,4,2,2,422,About to Sleep
3524-WQDSG,2,4,4,244,At Risk
0810-DHDBD,4,4,4,444,Champions
4026-SKKHW,2,1,1,211,Lost Customers
2829-HYVZP,4,3,2,432,Potential Loyalists
8329-IBCTI,3,1,1,311,About to Sleep
1271-SJBGZ,2,2,2,222,Lost Customers
3845-JHAMY,2,2,2,222,Lost Customers
7013-PSXHK,3,3,4,334,Loyal Customers
5669-SRAIP,2,1,1,211,Lost Customers
5981-ITEMU,2,3,4,234,At Risk
3486-NPGST,5,3,2,532,Potential Loyalists
6941-PMGEP,1,1,2,112,Lost Customers
1624-WOIWJ,2,2,2,222,Lost Customers
2074-GKOWZ,1,1,1,111,Lost Customers
0376-YMCJC,1,3,3,133,At Risk
6100-FJZDG,4,3,2,432,Potential Loyalists
4829-ZLJTK,4,5,5,455,Champions
1730-VFMWO,4,3,3,433,Potential Loyalists
7143-BQIBA,3,2,2,322,About to Sleep
3800-LYTRK,4,2,2,422,About to Sleep
0634-SZPQA,2,3,4,234,At Risk
9646-NMHXE,5,4,3,543,Potential Loyalists
7030-NJVDP,2,3,4,234,At Risk
5536-RTPWK,2,4,5,245,At Risk
8883-GRDWQ,4,2,3,423,About to Sleep
6166-ILMNY,1,1,1,111,Lost Customers
3097-NNSPB,2,1,1,211,Lost Customers
7771-ZONAT,4,3,3,433,Potential Loyalists
0655-RBDUG,1,2,2,122,Lost Customers
2111-DWYHN,3,1,1,311,About to Sleep
4194-WHFCB,3,4,5,345,Loyal Customers
4121-AGSIN,5,4,3,543,Potential Loyalists
4361-BKAXE,2,4,5,245,At Risk
9845-PEEKO,4,4,5,445,Champions
0455-XFASS,1,1,1,111,Lost Customers
0301-KOBTQ,5,3,2,532,Potential Loyalists
1751-NCDLI,1,4,5,145,At Risk
4367-NUYAO,3,1,1,311,About to Sleep
9878-TNQGW,1,1,1,111,Lost Customers
9170-ARBTB,5,4,3,543,Potential Loyalists
4441-NIHPT,1,2,3,123,Lost Customers
8999-BOHSE,1,2,3,123,Lost Customers
7241-AJHFS,3,3,4,334,Loyal Customers
7029-RPUAV,1,2,3,123,Lost Customers
4546-FOKWR,2,2,3,223,Lost Customers
9036-CSKBW,3,4,5,345,Loyal Customers
5832-TRLPB,4,3,4,434,Loyal Customers
8590-YFFQO,5,5,5,555,Champions
8659-IOOPU,4,5,5,455,Champions
1338-CECEE,4,4,4,444,Champions
7439-DKZTW,1,1,1,111,Lost Customers
4646-QZXTF,3,2,2,322,About to Sleep
4607-CHPCA,2,3,4,234,At Risk
9742-XOKTS,4,5,5,455,Champions
6921-OZMFH,2,1,1,211,Lost Customers
9578-FOMUK,3,2,2,322,About to Sleep
4712-UYOOI,4,2,2,422,About to Sleep
8824-RWFXJ,2,1,1,211,Lost Customers
7722-CVFXN,3,4,5,345,Loyal Customers
8717-VCTXJ,5,4,2,542,Potential Loyalists
7363-QTBIW,1,2,2,122,Lost Customers
4159-NAAIX,4,5,5,455,Champions
0971-QIFJK,5,5,3,553,Potential Loyalists
9397-TZSHA,5,5,3,553,Potential Loyalists
3391-JSQEW,3,3,4,334,Loyal Customers
0343-QLUZP,5,4,4,544,Champions
9763-PDTKK,2,1,2,212,Lost Customers
2176-LVPNX,5,5,5,555,Champions
7627-JKIAZ,2,3,4,234,At Risk
3312-UUMZW,2,3,4,234,At Risk
1271-UODNO,5,3,4,534,Loyal Customers
8461-EFQYM,4,3,2,432,Potential Loyalists
6900-RBKER,3,4,5,345,Loyal Customers
6891-JPYFF,2,4,5,245,At Risk
1459-QNFQT,5,5,4,554,Champions
1047-NNCBF,2,2,3,223,Lost Customers
3696-XRIEN,4,4,4,444,Champions
4081-DYXAV,3,2,2,322,About to Sleep
0074-HDKDG,4,3,3,433,Potential Loyalists
8791-GFXLZ,3,2,2,322,About to Sleep
8111-SLLHI,1,3,4,134,At Risk
0927-LCSMG,2,2,2,222,Lost Customers
9330-DHBFL,4,3,3,433,Potential Loyalists
0098-BOWSO,4,3,2,432,Potential Loyalists
3452-ABWRL,2,4,4,244,At Risk
5859-HZYLF,5,3,2,532,Potential Loyalists
8257-RZAHR,3,2,3,323,About to Sleep
5293-WXJAK,1,2,3,123,Lost Customers
3156-QLHBO,3,1,1,311,About to Sleep
2208-NQBCT,3,3,4,334,Loyal Customers
1779-PWPMG,4,5,5,455,Champions
6621-NRZAK,5,5,3,553,Potential Loyalists
0831-JNISG,5,5,3,553,Potential Loyalists
0774-IFUVM,3,2,2,322,About to Sleep
3082-WQRVY,4,2,1,421,About to Sleep
9553-DLCLU,4,2,3,423,About to Sleep
1641-BYBTK,3,1,1,311,About to Sleep
2460-NGXBJ,1,2,2,122,Lost Customers
2446-ZKVAF,3,2,3,323,About to Sleep
0841-NULXI,1,1,1,111,Lost Customers
3522-CDKHF,3,3,4,334,Loyal Customers
1430-SFQSA,4,3,3,433,Potential Loyalists
0411-EZJZE,1,1,1,111,Lost Customers
7851-WZEKY,1,1,1,111,Lost Customers
8844-TONUD,1,2,3,123,Lost Customers
8807-ARQET,2,4,3,243,At Risk
8992-CEUEN,2,1,1,211,Lost Customers
4320-QMLLA,2,2,2,222,Lost Customers
8777-PVYGU,4,4,4,444,Champions
8292-ITGYJ,5,4,3,543,Potential Loyalists
6870-ZWMNX,5,5,5,555,Champions
0621-CXBKL,5,4,3,543,Potential Loyalists
5268-DSMNQ,3,5,5,355,Loyal Customers
5334-JLAXU,2,4,5,245,At Risk
4086-YQSNZ,1,1,1,111,Lost Customers
6242-MBHPK,1,3,4,134,At Risk
5868-CZJDR,1,1,1,111,Lost Customers
9359-UGBTK,5,5,5,555,Champions
0135-NMXAP,1,2,3,123,Lost Customers
4782-OSFXZ,5,5,5,555,Champions
6479-OAUSD,5,3,2,532,Potential Loyalists
7129-ACFOG,2,1,2,212,Lost Customers
4189-NAKJS,3,3,3,333,Potential Loyalists
5562-BETPV,3,1,1,311,About to Sleep
1282-IHQAC,4,5,4,454,Champions
9127-FHJBZ,4,5,5,455,Champions
6270-OMFIW,3,4,5,345,Loyal Customers
1641-RQDAY,1,3,4,134,At Risk
0107-WESLM,2,1,1,211,Lost Customers
6994-ORCWG,3,2,2,322,About to Sleep
1346-UFHAX,2,2,3,223,Lost Customers
3992-YWPKO,1,1,2,112,Lost Customers
2933-XEUJM,4,4,4,444,Champions
0125-LZQXK,1,2,3,123,Lost Customers
5461-QKNTN,2,4,4,244,At Risk
4835-YSJMR,5,3,3,533,Potential Loyalists
8399-YNDCH,3,3,3,333,Potential Loyalists
3164-YAXFY,3,4,4,344,Loyal Customers
0887-WBJVH,3,4,5,345,Loyal Customers
4660-IRIBM,2,2,3,223,Lost Customers
5673-FSSMF,1,1,1,111,Lost Customers
7670-ZBPOQ,4,4,4,444,Champions
8089-UZWLX,4,5,5,455,Champions
0080-OROZO,2,3,4,234,At Risk
3916-NRPAP,1,1,1,111,Lost Customers
6807-SIWJI,2,3,4,234,At Risk
8221-HVAYI,5,3,4,534,Loyal Customers
1579-KLYDT,1,2,2,122,Lost Customers
5232-NXPAY,5,4,4,544,Champions
8967-SZQAS,3,2,2,322,About to Sleep
4468-KAZHE,2,2,3,223,Lost Customers
0455-ENTCR,5,5,5,555,Champions
8944-AILEF,4,2,2,422,About to Sleep
5542-NKVRU,5,4,2,542,Potential Loyalists
7126-RBHSD,2,2,3,223,Lost Customers
5370-IIVVL,3,3,4,334,Loyal Customers
6789-HJBWG,2,2,2,222,Lost Customers
3927-NLNRY,3,4,5,345,Loyal Customers
9087-EYCPR,5,4,3,543,Potential Loyalists
6791-YBNAK,3,2,2,322,About to Sleep
6358-LYNGM,1,1,1,111,Lost Customers
6077-BDPXA,1,1,1,111,Lost Customers
0013-MHZWF,2,2,2,222,Lost Customers
5494-HECPR,1,1,1,111,Lost Customers
8268-YDIXR,3,4,5,345,Loyal Customers
9824-BEMCV,2,2,3,223,Lost Customers
1373-ORVIZ,2,2,2,222,Lost Customers
4291-SHSBH,1,2,2,122,Lost Customers
6980-IMXXE,5,5,3,553,Potential Loyalists
9866-QEVEE,1,2,3,123,Lost Customers
9897-KXHCM,1,1,1,111,Lost Customers
0040-HALCW,5,4,3,543,Potential Loyalists
0784-GTUUK,5,5,3,553,Potential Loyalists
7979-CORPM,2,3,4,234,At Risk
2294-DMMUS,3,5,4,354,Loyal Customers
0872-JCPIB,3,2,3,323,About to Sleep
3055-MJDSB,2,2,1,221,Lost Customers
9091-WTUUY,5,5,4,554,Champions
1618-CFHME,1,1,1,111,Lost Customers
3165-HDOEW,2,1,1,211,Lost Customers
6581-NQCBA,2,2,2,222,Lost Customers
7115-IRDHS,5,5,3,553,Potential Loyalists
8496-DMZUK,4,3,4,434,Loyal Customers
2040-VZIKE,2,4,5,245,At Risk
9068-VPWQQ,5,5,5,555,Champions
0178-SZBHO,2,4,4,244,At Risk
0384-RVBPI,3,2,3,323,About to Sleep
1689-MRZQR,2,3,4,234,At Risk
1299-AURJA,5,5,3,553,Potential Loyalists
4525-VZCZG,3,4,5,345,Loyal Customers
1543-LLLFT,3,5,5,355,Loyal Customers
5835-BEQEU,1,1,1,111,Lost Customers
2788-CJQAQ,4,2,2,422,About to Sleep
5565-FILXA,1,2,3,123,Lost Customers
0319-QZTCO,2,1,1,211,Lost Customers
2120-SMPEX,4,3,2,432,Potential Loyalists
0096-FCPUF,3,3,3,333,Potential Loyalists
0668-OGMHD,3,3,2,332,Potential Loyalists
5552-ZNFSJ,1,1,1,111,Lost Customers
2223-KAGMX,4,2,2,422,About to Sleep
6507-ZJSUR,1,3,4,134,At Risk
9408-HRXRK,2,4,5,245,At Risk
5593-SUAOO,3,3,3,333,Potential Loyalists
7321-PKUYW,1,2,3,123,Lost Customers
2833-SLKDQ,2,1,1,211,Lost Customers
6766-HFKLA,4,4,5,445,Champions
7595-EUIVN,1,1,1,111,Lost Customers
7617-EYGLW,2,1,1,211,Lost Customers
2026-TGDHM,1,2,2,122,Lost Customers
9220-ZNKJI,4,4,5,445,Champions
4030-VPZBD,1,1,1,111,Lost Customers
2226-ICFDO,5,5,5,555,Champions
0723-VSOBE,3,4,3,343,Potential Loyalists
5529-GIBVH,5,4,3,543,Potential Loyalists
4187-CINZD,3,4,4,344,Loyal Customers
9992-UJOEL,2,1,1,211,Lost Customers
4741-WWJQZ,1,1,1,111,Lost Customers
6625-UTXEW,2,2,2,222,Lost Customers
6818-WOBHJ,2,5,5,255,At Risk
6244-BESBM,4,5,5,455,Champions
1004-NOZNR,3,4,5,345,Loyal Customers
1251-STYSZ,1,1,2,112,Lost Customers
2612-PHGOX,5,5,5,555,Champions
2408-TZMJL,2,4,5,245,At Risk
8480-PPONV,4,5,5,455,Champions
8780-IHCRN,5,5,3,553,Potential Loyalists
4598-ZADCK,4,4,4,444,Champions
1257-SXUXQ,3,1,1,311,About to Sleep
9681-KYGYB,2,4,4,244,At Risk
7182-OVLBJ,4,5,5,455,Champions
5095-ETBRJ,5,4,4,544,Champions
7005-CYUIL,4,5,5,455,Champions
4821-WQOYN,5,5,3,553,Potential Loyalists
4730-AWNAU,4,3,4,434,Loyal Customers
3452-FLHYD,4,3,2,432,Potential Loyalists
2388-LAESQ,4,5,5,455,Champions
9531-NSBMR,4,3,2,432,Potential Loyalists
6260-ONULR,1,1,1,111,Lost Customers
4389-UEFCZ,4,5,5,455,Champions
8711-LOBKY,5,4,3,543,Potential Loyalists
9134-CEQMF,1,2,2,122,Lost Customers
8985-OOPOS,2,1,1,211,Lost Customers
8800-ZKRFW,2,3,4,234,At Risk
2616-FLVQC,5,5,3,553,Potential Loyalists
9968-FFVVH,5,5,4,554,Champions
3108-PCCGG,5,5,5,555,Champions
7993-PYKOF,2,2,2,222,Lost Customers
8390-FESFV,5,5,5,555,Champions
3022-BEXHZ,4,5,5,455,Champions
5027-XWQHA,2,1,2,212,Lost Customers
6248-TKCQV,5,5,5,555,Champions
6729-GDNGC,2,2,3,223,Lost Customers
6198-ZFIOJ,1,1,2,112,Lost Customers
5989-OMNJE,3,3,3,333,Potential Loyalists
4566-QVRRW,2,2,2,222,Lost Customers
1291-CUOCY,4,5,5,455,Champions
9795-SHUHB,5,5,4,554,Champions
3230-IUALN,5,4,4,544,Champions
0042-RLHYP,5,5,3,553,Potential Loyalists
8519-IMDHU,1,2,3,123,Lost Customers
4945-RVMTE,3,3,3,333,Potential Loyalists
0201-OAMXR,4,5,5,455,Champions
1866-NXPSP,4,3,4,434,Loyal Customers
3372-KWFBM,1,2,3,123,Lost Customers
7831-QGOXH,1,2,3,123,Lost Customers
6393-WRYZE,1,3,4,134,At Risk
3941-XTSKM,4,4,4,444,Champions
1661-CZBAU,4,4,4,444,Champions
6599-RCLCJ,2,4,5,245,At Risk
9831-BPFRI,3,3,4,334,Loyal Customers
5158-RIVOP,5,2,1,521,About to Sleep
9788-YTFGE,3,2,1,321,About to Sleep
9277-JOOMO,3,1,1,311,About to Sleep
1907-YLNYW,2,2,2,222,Lost Customers
1725-MIMXW,2,1,1,211,Lost Customers
8947-YRTDV,4,3,4,434,Loyal Customers
3161-ONRWK,5,4,4,544,Champions
0114-RSRRW,3,2,1,321,About to Sleep
4565-NLZBV,5,5,3,553,Potential Loyalists
0031-PVLZI,3,1,1,311,About to Sleep
7206-GZCDC,1,1,1,111,Lost Customers
6682-VCIXC,4,4,4,444,Champions
4791-QRGMF,2,4,5,245,At Risk
6475-VHUIZ,3,3,3,333,Potential Loyalists
3910-MRQOY,5,5,3,553,Potential Loyalists
0661-WCQNQ,4,3,3,433,Potential Loyalists
7537-RBWEA,1,1,1,111,Lost Customers
4656-CAURT,5,5,3,553,Potential Loyalists
0121-SNYRK,4,4,3,443,Potential Loyalists
1768-ZAIFU,1,1,1,111,Lost Customers
4671-LXRDQ,2,1,1,211,Lost Customers
3733-LSYCE,2,2,3,223,Lost Customers
6265-FRMTQ,5,3,2,532,Potential Loyalists
1934-SJVJK,3,1,1,311,About to Sleep
3838-OZURD,2,5,5,255,At Risk
1371-DWPAZ,2,1,1,211,Lost Customers
9269-CQOOL,2,1,1,211,Lost Customers
2017-CCBLH,5,2,1,521,About to Sleep
7690-KPNCU,4,5,5,455,Champions
0536-BGFMZ,4,3,2,432,Potential Loyalists
2293-IJWPS,2,4,5,245,At Risk
2845-HSJCY,1,2,3,123,Lost Customers
5469-NUJUR,5,2,2,522,About to Sleep
1184-PJVDB,1,2,2,122,Lost Customers
2625-TRCZQ,2,4,4,244,At Risk
4102-HLENU,5,5,4,554,Champions
7266-GSSJX,3,2,1,321,About to Sleep
7722-VJRQD,5,5,5,555,Champions
7073-QETQY,5,5,3,553,Potential Loyalists
9415-DPEWS,1,2,3,123,Lost Customers
5624-RYAMH,3,2,1,321,About to Sleep
0196-JTUQI,1,2,2,122,Lost Customers
7130-YXBRO,2,4,5,245,At Risk
9272-LSVYH,2,2,2,222,Lost Customers
7943-RQCHR,1,2,2,122,Lost Customers
3793-MMFUH,1,2,3,123,Lost Customers
3249-ZPQRG,1,1,2,112,Lost Customers
2568-BRGYX,1,1,1,111,Lost Customers
3084-DOWLE,5,5,5,555,Champions
1084-MNSMJ,5,4,4,544,Champions
7721-JXEAW,3,4,4,344,Loyal Customers
7249-WBIYX,1,2,2,122,Lost Customers
4238-HFHSN,2,5,5,255,At Risk
6250-CGGUN,4,4,5,445,Champions
5478-JJVZK,3,3,3,333,Potential Loyalists
7596-IIWYC,5,3,2,532,Potential Loyalists
6567-HOOPW,1,1,1,111,Lost Customers
9793-WECQC,2,3,4,234,At Risk
4291-HPAXL,3,1,1,311,About to Sleep
8999-YPYBV,5,4,4,544,Champions
1839-FBNFR,5,3,2,532,Potential Loyalists
3164-AALRN,2,1,2,212,Lost Customers
3071-MVJCD,5,5,5,555,Champions
1697-BCSHV,3,4,4,344,Loyal Customers
0562-KBDVM,5,5,4,554,Champions
1131-SUEKT,3,5,5,355,Loyal Customers
3717-OEAUQ,1,1,1,111,Lost Customers
4538-WNTMJ,5,4,3,543,Potential Loyalists
3334-CTHOL,1,1,1,111,Lost Customers
4704-ERYFC,2,3,3,233,At Risk
9432-RUVSL,4,4,5,445,Champions
8060-HIWJJ,5,5,5,555,Champions
7684-XSZIY,5,5,3,553,Potential Loyalists
9089-UOWJG,3,2,2,322,About to Sleep
8621-MNIHH,1,3,4,134,At Risk
8039-ACLPL,5,5,5,555,Champions
9885-AIBVB,2,3,4,234,At Risk
1934-MKPXS,5,3,2,532,Potential Loyalists
2592-YKDIF,3,1,1,311,About to Sleep
2272-JKMSI,3,5,5,355,Loyal Customers
0471-LVHGK,3,4,4,344,Loyal Customers
9518-RWHZL,3,5,5,355,Loyal Customers
8714-CTZJW,1,1,2,112,Lost Customers
3569-EDBPQ,2,3,3,233,At Risk
3131-NWVFJ,4,2,2,422,About to Sleep
7521-YXVZY,3,1,1,311,About to Sleep
5419-CONWX,1,1,2,112,Lost Customers
6240-EURKS,2,2,2,222,Lost Customers
2373-NTKOD,2,2,2,222,Lost Customers
1970-KKFWL,5,3,2,532,Potential Loyalists
6960-HVYXR,1,1,1,111,Lost Customers
9337-SRRNI,5,5,3,553,Potential Loyalists
0895-UADGO,4,2,2,422,About to Sleep
5678-VFNEQ,3,5,5,355,Loyal Customers
5977-CKHON,2,4,4,244,At Risk
7024-OHCCK,1,1,1,111,Lost Customers
2692-BUCFV,2,3,4,234,At Risk
7861-UVUFT,1,2,3,123,Lost Customers
1830-GGFNM,5,5,5,555,Champions
5302-BDJNT,2,3,4,234,At Risk
5223-UZAVK,3,5,5,355,Loyal Customers
4859-ZSRDZ,4,4,4,444,Champions
5651-WYIPH,3,2,2,322,About to Sleep
9350-VLHMB,3,5,5,355,Loyal Customers
3498-LZGQZ,5,5,3,553,Potential Loyalists
8785-CJSHH,1,4,5,145,At Risk
5357-TZHPP,1,2,2,122,Lost Customers
3870-SPZSI,4,5,5,455,Champions
0680-DFNNY,1,2,3,123,Lost Customers
7560-QRBXH,5,4,2,542,Potential Loyalists
7077-XJMET,2,2,2,222,Lost Customers
8752-GHJFU,3,5,5,355,Loyal Customers
6896-SRVYQ,2,4,4,244,At Risk
7767-UXAGJ,1,1,1,111,Lost Customers
4652-ODEVH,5,4,3,543,Potential Loyalists
6510-UPNKS,4,3,2,432,Potential Loyalists
6718-BDGHG,4,4,4,444,Champions
9046-DQMTP,4,3,2,432,Potential Loyalists
6439-LAJXL,3,2,2,322,About to Sleep
1571-SAVHK,1,2,3,123,Lost Customers
9052-VKDUW,2,5,5,255,At Risk
9546-CQJSU,1,1,1,111,Lost Customers
1666-JZPZT,3,3,3,333,Potential Loyalists
5777-KJIRB,4,3,3,433,Potential Loyalists
0506-LVNGN,1,1,2,112,Lost Customers
7677-SJJJK,4,2,1,421,About to Sleep
2480-EJWYP,2,4,5,245,At Risk
3253-HKOKL,3,4,5,345,Loyal Customers
7055-HNEOJ,2,1,1,211,Lost Customers
5514-YQENT,4,4,5,445,Champions
3211-AAPKX,1,2,3,123,Lost Customers
8445-DNBAE,1,1,1,111,Lost Customers
2951-QOQTK,2,1,2,212,Lost Customers
2958-NHPPS,4,3,2,432,Potential Loyalists
6806-YDEUL,3,1,1,311,About to Sleep
1735-XMJVH,3,2,1,321,About to Sleep
6890-PFRQX,3,2,3,323,About to Sleep
0222-CNVPT,3,4,4,344,Loyal Customers
5899-OUVKV,2,3,4,234,At Risk
8681-ICONS,4,3,2,432,Potential Loyalists
1621-YNCJH,4,3,4,434,Loyal Customers
3473-XIIIT,1,2,3,123,Lost Customers
6362-QHAFM,2,4,5,245,At Risk
7893-IXHRQ,2,1,1,211,Lost Customers
3070-BDOQC,3,4,5,345,Loyal Customers
2952-QAYZF,1,1,2,112,Lost Customers
6234-PFPXL,2,3,4,234,At Risk
9824-QCJPK,5,3,2,532,Potential Loyalists
4763-PGDPO,1,1,2,112,Lost Customers
4283-IVYCI,3,2,2,322,About to Sleep
1866-OBPNR,1,1,1,111,Lost Customers
8205-MQUGY,3,2,2,322,About to Sleep
8970-ANWXO,3,3,3,333,Potential Loyalists
9480-BQJEI,3,5,5,355,Loyal Customers
5394-SVGJV,2,3,4,234,At Risk
6979-TNDEU,4,2,1,421,About to Sleep
9777-WJJPR,2,3,4,234,At Risk
9283-LZQOH,2,2,2,222,Lost Customers
7079-QRCBC,1,3,4,134,At Risk
9495-SKLKD,2,4,4,244,At Risk
6048-UWKAL,4,5,5,455,Champions
5067-DGXLL,3,1,1,311,About to Sleep
5469-CTCWN,3,5,5,355,Loyal Customers
9851-QXEEQ,1,4,4,144,At Risk
6281-FKEWS,3,4,4,344,Loyal Customers
8898-KASCD,4,3,3,433,Potential Loyalists
9242-TKFSV,5,5,5,555,Champions
9290-SHCMB,1,2,3,123,Lost Customers
0743-HNPFG,4,4,4,444,Champions
2277-BKJKN,3,5,5,355,Loyal Customers
9809-IMGCQ,1,3,4,134,At Risk
5208-HFSBT,2,1,1,211,Lost Customers
5035-PGZXH,2,4,5,245,At Risk
8695-WDYEA,2,1,1,211,Lost Customers
6543-JXSOO,4,3,3,433,Potential Loyalists
8016-ZMGMO,4,5,5,455,Champions
8605-ITULD,3,1,1,311,About to Sleep
3254-YRILK,1,2,3,123,Lost Customers
6416-YJTTB,2,2,2,222,Lost Customers
2667-WYLWJ,4,2,1,421,About to Sleep
4472-VESGY,3,4,5,345,Loyal Customers
3195-TQDZX,2,1,1,211,Lost Customers
3128-YOVTD,3,4,4,344,Loyal Customers
0529-ONKER,2,2,3,223,Lost Customers
1728-CXQBE,2,5,5,255,At Risk
7041-TXQJH,3,3,3,333,Potential Loyalists
5014-GSOUQ,5,2,1,521,About to Sleep
5724-BIDBU,4,4,4,444,Champions
0481-SUMCB,2,4,5,245,At Risk
1769-GRUIK,2,2,3,223,Lost Customers
5240-IJOQT,1,1,1,111,Lost Customers
8819-WFGGJ,4,5,4,454,Champions
7427-AUFPY,5,4,3,543,Potential Loyalists
2811-POVEX,2,3,4,234,At Risk
1092-GANHU,2,2,3,223,Lost Customers
7898-PDWQE,5,5,5,555,Champions
9972-EWRJS,5,5,3,553,Potential Loyalists
9314-IJWSQ,1,2,3,123,Lost Customers
0661-XEYAN,1,1,1,111,Lost Customers
5799-JRCZO,5,5,3,553,Potential Loyalists
1921-KYSAY,3,4,4,344,Loyal Customers
6198-RTPMF,1,2,3,123,Lost Customers
2924-KHUVI,2,4,5,245,At Risk
1925-GMVBW,3,1,1,311,About to Sleep
7881-EVUAD,1,1,1,111,Lost Customers
6184-DYUOB,3,1,1,311,About to Sleep
9207-ZPANB,4,3,4,434,Loyal Customers
5766-XQXMQ,3,3,3,333,Potential Loyalists
9327-QSDED,3,2,2,322,About to Sleep
1656-DRSMG,2,5,5,255,At Risk
3012-VFFMN,4,2,1,421,About to Sleep
2984-AFWNC,1,1,2,112,Lost Customers
0640-YJTPY,5,5,3,553,Potential Loyalists
8096-LOIST,2,2,3,223,Lost Customers
9764-REAFF,5,4,3,543,Potential Loyalists
3703-VAVCL,1,1,1,111,Lost Customers
7107-UBYKY,4,3,2,432,Potential Loyalists
4881-GQJTW,4,2,2,422,About to Sleep
8519-QJGJD,2,2,3,223,Lost Customers
7876-DNYAP,5,5,3,553,Potential Loyalists
7905-NJMXS,3,2,2,322,About to Sleep
2882-WDTBA,5,5,5,555,Champions
2091-GPPIQ,4,5,5,455,Champions
6326-MTTXK,1,2,2,122,Lost Customers
5071-FBJFS,3,1,1,311,About to Sleep
2796-UUZZO,3,5,5,355,Loyal Customers
2429-AYKKO,5,5,3,553,Potential Loyalists
9798-OPFEM,5,4,2,542,Potential Loyalists
0330-IVZHA,1,1,2,112,Lost Customers
3794-NFNCH,3,3,3,333,Potential Loyalists
5193-QLVZB,4,5,5,455,Champions
7114-AEOZE,5,4,3,543,Potential Loyalists
2886-KEFUM,3,5,5,355,Loyal Customers
5522-NYKPB,2,3,4,234,At Risk
4237-RLAQD,1,1,1,111,Lost Customers
9957-YODKZ,1,1,2,112,Lost Customers
6518-KZXCB,5,3,2,532,Potential Loyalists
2245-ADZFJ,4,3,4,434,Loyal Customers
7776-QGYJC,3,3,4,334,Loyal Customers
9313-QOLTZ,4,3,2,432,Potential Loyalists
9651-GTSAQ,3,4,5,345,Loyal Customers
3186-BAXNB,1,1,1,111,Lost Customers
4672-FOTSD,3,2,2,322,About to Sleep
0637-YLETY,1,2,3,123,Lost Customers
9818-XQCUV,3,1,1,311,About to Sleep
7338-ERIVA,4,3,3,433,Potential Loyalists
1157-BQCUW,1,1,1,111,Lost Customers
8259-NFJTV,3,2,1,321,About to Sleep
3223-DWFIO,1,1,1,111,Lost Customers
2660-EMUBI,1,2,2,122,Lost Customers
6968-GMKPR,2,4,5,245,At Risk
4751-ERMAN,5,5,5,555,Champions
1436-ZMJAN,2,2,2,222,Lost Customers
3292-PBZEJ,1,2,3,123,Lost Customers
0799-DDIHE,3,2,2,322,About to Sleep
3070-FNFZQ,5,3,2,532,Potential Loyalists
2812-SFXMJ,3,1,1,311,About to Sleep
7675-OZCZG,2,1,1,211,Lost Customers
5014-WUQMG,3,4,4,344,Loyal Customers
5312-TSZVC,4,2,2,422,About to Sleep
2003-CKLOR,2,5,5,255,At Risk
0993-OSGPT,4,5,4,454,Champions
9254-RBFON,3,2,3,323,About to Sleep
1205-WNWPJ,2,2,2,222,Lost Customers
9391-EOYLI,1,2,3,123,Lost Customers
7108-DGVUU,3,3,3,333,Potential Loyalists
2782-JEEBU,3,3,2,332,Potential Loyalists
5127-BZENZ,4,4,4,444,Champions
2720-FVBQP,2,1,2,212,Lost Customers
9906-NHHVC,4,5,4,454,Champions
4522-XRWWI,4,4,4,444,Champions
3766-EJLFL,4,5,5,455,Champions
5939-SXWHM,5,4,3,543,Potential Loyalists
8152-UOBNY,2,4,5,245,At Risk
7351-KYHQH,2,2,2,222,Lost Customers
7643-RCHXS,5,5,3,553,Potential Loyalists
8246-SHFGA,4,2,2,422,About to Sleep
8387-MOJJT,2,4,4,244,At Risk
0620-XEFWH,3,1,1,311,About to Sleep
6485-QXWWE,5,5,3,553,Potential Loyalists
2761-OCIAX,1,1,1,111,Lost Customers
7321-VGNKU,1,1,1,111,Lost Customers
5327-CNLUQ,4,4,5,445,Champions
7552-KEYGT,5,3,2,532,Potential Loyalists
5816-JMLGY,5,5,5,555,Champions
3068-OMWZA,1,1,1,111,Lost Customers
2927-QRRQV,2,4,4,244,At Risk
6032-KRXXO,1,3,4,134,At Risk
7459-RRWQZ,3,2,3,323,About to Sleep
6265-SXWBU,4,5,5,455,Champions
7941-RCJOW,5,5,3,553,Potential Loyalists
6374-NTQLP,4,5,5,455,Champions
4154-AQUGT,2,2,3,223,Lost Customers
2387-KDZQY,4,2,2,422,About to Sleep
3584-WKTTW,3,4,5,345,Loyal Customers
3399-BMLVW,5,4,4,544,Champions
1971-DTCZB,5,5,5,555,Champions
3092-IGHWF,4,5,5,455,Champions
3374-PZLXD,4,3,2,432,Potential Loyalists
3813-DHBBB,5,5,4,554,Champions
2812-REYAT,5,4,2,542,Potential Loyalists
6518-PPLMZ,5,4,3,543,Potential Loyalists
4939-KYYPY,3,3,3,333,Potential Loyalists
8017-LXHFA,1,3,4,134,At Risk
5930-GBIWP,5,5,5,555,Champions
6022-KOUQO,2,1,1,211,Lost Customers
6352-TWCAU,2,3,4,234,At Risk
2361-UPSND,5,4,4,544,Champions
6035-RIIOM,3,4,5,345,Loyal Customers
2929-QNSRW,2,4,5,245,At Risk
1262-OPMFY,2,2,2,222,Lost Customers
9504-DSHWM,3,2,3,323,About to Sleep
5035-BVCXS,2,2,2,222,Lost Customers
6267-DCFFZ,1,3,4,134,At Risk
3533-UVMOM,5,5,5,555,Champions
2439-LYPMQ,1,3,4,134,At Risk
4248-QPAVC,2,2,3,223,Lost Customers
1899-VXWXM,3,4,5,345,Loyal Customers
1478-VPOAD,1,1,1,111,Lost Customers
9995-HOTOH,5,5,4,554,Champions
2988-PLAHS,2,1,1,211,Lost Customers
1371-OJCEK,5,4,3,543,Potential Loyalists
4999-IEZLT,4,5,3,453,Potential Loyalists
8883-ANODQ,4,5,5,455,Champions
4690-LLKUA,2,2,2,222,Lost Customers
2351-RRBUE,4,2,1,421,About to Sleep
5980-BDHPY,5,5,5,555,Champions
1498-DQNRX,4,3,2,432,Potential Loyalists
9469-WEJBT,2,3,4,234,At Risk
3331-HQDTW,2,3,4,234,At Risk
9490-DFPMD,1,4,4,144,At Risk
2581-VKIRT,5,4,4,544,Champions
5442-XSDCW,2,2,2,222,Lost Customers
7426-WEIJX,2,4,5,245,At Risk
2851-MMUTZ,4,3,3,433,Potential Loyalists
3049-NDXFL,1,1,1,111,Lost Customers
8580-AECUZ,1,1,1,111,Lost Customers
3307-TLCUD,3,2,2,322,About to Sleep
6625-FLENO,5,4,3,543,Potential Loyalists
2967-MXRAV,3,1,1,311,About to Sleep
7963-GQRMY,2,1,1,211,Lost Customers
8189-HBVRW,3,4,5,345,Loyal Customers
4163-KIUHY,3,3,2,332,Potential Loyalists
1228-FZFRV,2,4,5,245,At Risk
3500-NSDOA,5,5,5,555,Champions
1171-TYKUR,4,4,3,443,Potential Loyalists
3761-FLYZI,2,5,5,255,At Risk
2058-DCJBE,1,1,2,112,Lost Customers
5364-XYIRR,1,4,5,145,At Risk
4829-AUOAX,2,4,4,244,At Risk
1219-NNDDO,1,2,2,122,Lost Customers
8388-DMKAE,5,2,1,521,About to Sleep
4403-BWPAY,4,2,2,422,About to Sleep
9659-QEQSY,2,4,5,245,At Risk
5405-ZMYXQ,1,2,2,122,Lost Customers
5047-LHVLY,1,1,1,111,Lost Customers
1442-OKRJE,4,5,5,455,Champions
4737-AQCPU,5,5,5,555,Champions
9158-VCTQB,2,4,5,245,At Risk
2808-CHTDM,5,3,2,532,Potential Loyalists
6311-UEUME,2,3,4,234,At Risk
0793-TWELN,1,1,2,112,Lost Customers
3283-WCWXT,5,1,1,511,About to Sleep
1060-ENTOF,3,5,5,355,Loyal Customers
0999-QXNSA,3,2,2,322,About to Sleep
5451-MHQOF,5,4,3,543,Potential Loyalists
4836-WNFNO,5,5,3,553,Potential Loyalists
9225-BZLNZ,4,5,5,455,Champions
0354-VXMJC,5,3,2,532,Potential Loyalists
4422-QVIJA,3,3,3,333,Potential Loyalists
9365-SRSZE,2,3,3,233,At Risk
6839-ITVZJ,3,3,3,333,Potential Loyalists
8332-OSJDW,4,2,2,422,About to Sleep
4735-BJKOU,5,3,2,532,Potential Loyalists
0274-JKUJR,2,2,2,222,Lost Customers
5740-YHGTW,3,5,5,355,Loyal Customers
8917-SZTTJ,5,4,3,543,Potential Loyalists
1696-MZVAU,4,3,3,433,Potential Loyalists
7359-WWYJV,4,5,5,455,Champions
0375-HVGXO,1,1,1,111,Lost Customers
4906-ZHGPK,4,4,4,444,Champions
8593-WHYHV,1,1,1,111,Lost Customers
3795-GWTRD,5,5,5,555,Champions
1298-PHBTI,4,5,5,455,Champions
6223-DHJGV,5,4,3,543,Potential Loyalists
6961-MJKBO,5,4,3,543,Potential Loyalists
6097-EQISJ,3,5,5,355,Loyal Customers
4423-YLHDV,1,3,4,134,At Risk
8158-WPEZG,2,2,2,222,Lost Customers
0107-YHINA,1,1,1,111,Lost Customers
4918-FYJNT,3,4,5,345,Loyal Customers
0727-BNRLG,4,5,5,455,Champions
4854-CIDCF,1,1,1,111,Lost Customers
8640-SDGKB,1,1,2,112,Lost Customers
3280-MRDOF,4,3,4,434,Loyal Customers
6435-SRWBJ,1,1,2,112,Lost Customers
9964-WBQDJ,5,5,3,553,Potential Loyalists
6303-KFWSL,3,3,3,333,Potential Loyalists
1702-CCFNJ,4,4,4,444,Champions
8932-CZHRQ,4,5,5,455,Champions
0386-CWRGM,5,4,3,543,Potential Loyalists
5515-RUGKN,2,2,2,222,Lost Customers
0404-AHASP,5,5,3,553,Potential Loyalists
7279-NMVJC,4,2,2,422,About to Sleep
2081-VEYEH,1,1,2,112,Lost Customers
6407-UTSLV,1,1,1,111,Lost Customers
4116-TZAQJ,2,2,2,222,Lost Customers
9060-HJJRW,3,4,4,344,Loyal Customers
2587-YNLES,5,1,1,511,About to Sleep
7398-SKNQZ,1,1,2,112,Lost Customers
5935-FCCNB,1,2,3,123,Lost Customers
1958-RNRKS,3,3,3,333,Potential Loyalists
5136-RGMZO,3,3,4,334,Loyal Customers
8345-MVDYC,5,4,4,544,Champions
8226-BXGES,4,5,5,455,Champions
3877-JRJIP,1,1,1,111,Lost Customers
8375-DKEBR,1,1,1,111,Lost Customers
9705-IOVQQ,3,5,5,355,Loyal Customers
1015-OWJKI,3,1,1,311,About to Sleep
7511-YMXVQ,1,2,2,122,Lost Customers
2040-XBAVJ,4,5,5,455,Champions
7551-JOHTI,3,1,1,311,About to Sleep
8887-IPQNC,2,2,2,222,Lost Customers
8646-JCOMS,4,5,5,455,Champions
9804-ICWBG,1,1,1,111,Lost Customers
1222-KJNZD,4,3,2,432,Potential Loyalists
0106-GHRQR,2,2,3,223,Lost Customers
5318-IXUZF,1,1,1,111,Lost Customers
3768-VHXQO,5,5,3,553,Potential Loyalists
8952-WCVCD,3,4,4,344,Loyal Customers
2418-TPEUN,5,4,3,543,Potential Loyalists
3963-RYFNS,4,5,5,455,Champions
3198-VELRD,1,1,1,111,Lost Customers
8540-ZQGEA,5,4,3,543,Potential Loyalists
1320-REHCS,2,4,5,245,At Risk
4137-JOPHL,4,4,4,444,Champions
9436-ZBZCT,1,2,3,123,Lost Customers
7801-CEDNV,4,3,3,433,Potential Loyalists
2057-BOYKM,4,5,5,455,Champions
3658-QQJYD,4,5,5,455,Champions
1803-BGNBD,3,2,2,322,About to Sleep
0134-XWXCE,4,4,4,444,Champions
6950-TWMYB,4,4,4,444,Champions
5848-FHRFC,5,5,3,553,Potential Loyalists
2243-FNMMI,4,2,2,422,About to Sleep
2511-MORQY,4,4,4,444,Champions
5356-KZCKT,5,4,3,543,Potential Loyalists
9470-XCCEM,2,3,4,234,At Risk
6519-CFDBX,1,1,1,111,Lost Customers
3902-MIVLE,5,5,5,555,Champions
0409-WTMPL,3,4,5,345,Loyal Customers
8763-KIAFH,5,3,2,532,Potential Loyalists
3669-WHAFY,4,5,5,455,Champions
3055-VTCGS,4,5,4,454,Champions
3144-KMTWZ,2,5,5,255,At Risk
7279-BUYWN,2,4,5,245,At Risk
7156-MHUGY,1,2,3,123,Lost Customers
7198-GLXTC,1,1,1,111,Lost Customers
2007-QVGAW,5,5,3,553,Potential Loyalists
5207-PLSTK,2,1,1,211,Lost Customers
2307-FYNNL,4,5,5,455,Champions
5605-XNWEN,5,5,3,553,Potential Loyalists
2155-AMQRX,3,3,3,333,Potential Loyalists
6181-AXXYF,5,5,3,553,Potential Loyalists
5091-HFAZW,1,1,1,111,Lost Customers
0516-VRYBW,5,2,2,522,About to Sleep
2519-LBNQL,2,4,5,245,At Risk
8623-ULFNQ,2,3,3,233,At Risk
8380-PEFPE,1,1,1,111,Lost Customers
5687-DKDTV,3,1,1,311,About to Sleep
1568-LJSZU,5,5,5,555,Champions
7530-HDYDS,3,3,4,334,Loyal Customers
7789-HKSBS,3,4,5,345,Loyal Customers
7416-CKTEP,5,4,3,543,Potential Loyalists
2586-CWXVV,3,4,3,343,Potential Loyalists
3096-IZETN,2,2,3,223,Lost Customers
2348-KCJLT,4,4,4,444,Champions
8401-EMUWF,3,4,4,344,Loyal Customers
4193-IBKSW,5,5,3,553,Potential Loyalists
5377-NDTOU,5,5,5,555,Champions
5922-ABDVO,2,2,3,223,Lost Customers
2474-LCNUE,2,3,3,233,At Risk
0839-QNXME,5,3,2,532,Potential Loyalists
3506-OVLKD,5,3,3,533,Potential Loyalists
9172-ANCRX,1,2,3,123,Lost Customers
6650-VJONK,1,1,1,111,Lost Customers
2178-PMGCJ,2,3,3,233,At Risk
7492-TAFJD,4,2,2,422,About to Sleep
2773-MADBQ,5,3,3,533,Potential Loyalists
6016-LVTJQ,4,3,2,432,Potential Loyalists
7860-KSUGX,5,5,5,555,Champions
8966-KZXXA,5,3,2,532,Potential Loyalists
6910-HADCM,1,1,1,111,Lost Customers
4816-LXZYW,2,3,3,233,At Risk
9606-PBKBQ,1,3,4,134,At Risk
5149-QYTTU,4,5,5,455,Champions
2070-XYMFH,2,3,3,233,At Risk
2085-BOJKI,2,2,3,223,Lost Customers
0817-HSUSE,1,1,1,111,Lost Customers
5442-PPTJY,5,2,1,521,About to Sleep
1927-QEWMY,5,5,3,553,Potential Loyalists
1663-MHLHE,3,1,1,311,About to Sleep
5663-QBGIS,4,5,5,455,Champions
4450-MDZFX,3,4,4,344,Loyal Customers
6701-DHKWQ,5,5,4,554,Champions
7554-AKDQF,3,1,2,312,About to Sleep
3536-IQCTX,2,3,4,234,At Risk
4911-BANWH,2,3,4,234,At Risk
8496-EJAUI,2,2,3,223,Lost Customers
0794-YVSGE,5,5,3,553,Potential Loyalists
5423-BHIXO,3,3,3,333,Potential Loyalists
6908-VVYHM,2,5,5,255,At Risk
2959-EEXWB,3,4,4,344,Loyal Customers
1839-UMACK,4,4,3,443,Potential Loyalists
3030-YDNRM,1,2,2,122,Lost Customers
7321-KKSDU,5,3,2,532,Potential Loyalists
3402-XRIUO,3,3,3,333,Potential Loyalists
3132-TVFDZ,2,4,4,244,At Risk
8286-AFUYI,2,1,1,211,Lost Customers
8080-DDEMJ,1,1,1,111,Lost Customers
8356-WUAOJ,1,1,1,111,Lost Customers
6365-MTGZX,1,3,4,134,At Risk
1349-WXNGG,3,1,1,311,About to Sleep
8058-DMYRU,2,4,5,245,At Risk
9350-ZXYJC,4,1,1,411,About to Sleep
6990-YNRIO,4,5,5,455,Champions
8958-JPTRR,4,4,3,443,Potential Loyalists
6959-GQEGV,3,4,4,344,Loyal Customers
3173-WSSUE,5,5,3,553,Potential Loyalists
1265-HVPZB,4,4,4,444,Champions
4115-UMJFQ,4,5,4,454,Champions
7369-TRPFD,4,2,2,422,About to Sleep
1098-KFQEC,5,4,3,543,Potential Loyalists
7190-XHTWJ,5,3,2,532,Potential Loyalists
0621-TWIEM,2,2,2,222,Lost Customers
3537-RYBHH,3,4,4,344,Loyal Customers
2485-ITVKB,1,1,1,111,Lost Customers
3669-OYSJI,2,1,1,211,Lost Customers
1612-EOHDH,1,1,1,111,Lost Customers
6702-OHFWR,1,1,1,111,Lost Customers
5296-BFCYD,5,4,2,542,Potential Loyalists
4510-PYUSH,4,3,4,434,Loyal Customers
9359-JANWS,5,5,4,554,Champions
7517-SAWMO,2,2,3,223,Lost Customers
4143-HHPMK,2,4,4,244,At Risk
3279-DYZQM,5,5,3,553,Potential Loyalists
7054-LGEQW,2,1,1,211,Lost Customers
0523-VNGTF,3,4,4,344,Loyal Customers
9575-IWCAZ,4,1,1,411,About to Sleep
7105-MXJLL,4,3,3,433,Potential Loyalists
7064-FRRSW,2,4,5,245,At Risk
7940-UQQUG,3,5,5,355,Loyal Customers
0923-PNFUB,1,1,1,111,Lost Customers
3961-SXAXY,1,1,1,111,Lost Customers
7010-BRBUU,5,5,3,553,Potential Loyalists
3566-HJGPK,1,1,1,111,Lost Customers
3062-ICYZQ,2,4,5,245,At Risk
9938-PRCVK,5,4,2,542,Potential Loyalists
0973-KYVNF,5,5,5,555,Champions
5129-HHMZC,5,4,4,544,Champions
9637-CDTKZ,4,5,5,455,Champions
3946-JEWRQ,2,4,5,245,At Risk
7873-CVMAW,5,5,5,555,Champions
0463-WZZKO,3,1,1,311,About to Sleep
3494-JCHRQ,1,1,1,111,Lost Customers
6474-FVJLC,1,1,1,111,Lost Customers
4524-QCSSM,3,3,3,333,Potential Loyalists
5832-EXGTT,3,3,3,333,Potential Loyalists
8840-DQLGN,2,3,4,234,At Risk
2039-JONDJ,4,3,3,433,Potential Loyalists
7217-JYHOQ,4,3,3,433,Potential Loyalists
6695-FRVEC,5,5,4,554,Champions
4547-LYTDD,2,2,3,223,Lost Customers
9894-QMIMJ,4,3,3,433,Potential Loyalists
8069-YQQAJ,2,2,2,222,Lost Customers
6770-XUAGN,2,1,1,211,Lost Customers
4193-ORFCL,2,1,1,211,Lost Customers
1636-NTNCO,1,1,1,111,Lost Customers
3466-WAESX,3,2,3,323,About to Sleep
9281-PKKZE,2,4,3,243,At Risk
3638-VBZTA,5,5,5,555,Champions
7459-IMVYU,4,3,4,434,Loyal Customers
7776-QWNFX,3,3,3,333,Potential Loyalists
6689-TCZHQ,1,1,2,112,Lost Customers
8563-OYMQY,2,2,3,223,Lost Customers
0754-EEBDC,5,1,1,511,About to Sleep
5777-ZPQNC,4,2,1,421,About to Sleep
1951-IEYXM,5,5,5,555,Champions
3318-NMQXL,1,1,2,112,Lost Customers
3143-ILDAL,2,4,5,245,At Risk
1022-RKXDR,4,4,3,443,Potential Loyalists
2361-FJWNO,4,3,3,433,Potential Loyalists
2272-UOINI,2,2,2,222,Lost Customers
8232-UTFOZ,5,5,3,553,Potential Loyalists
3750-YHRYO,4,2,1,421,About to Sleep
6637-KYRCV,2,1,1,211,Lost Customers
5668-MEISB,5,5,5,555,Champions
0129-QMPDR,5,4,2,542,Potential Loyalists
7188-CBBBA,3,5,5,355,Loyal Customers
5356-CSVSQ,2,1,1,211,Lost Customers
3221-CJMSG,3,3,3,333,Potential Loyalists
4720-VSTSI,2,4,4,244,At Risk
3219-JQRSL,5,5,5,555,Champions
2801-NISEI,4,3,3,433,Potential Loyalists
3946-MHCZW,2,1,1,211,Lost Customers
4623-ZKHLY,4,3,2,432,Potential Loyalists
6732-VAILE,5,5,5,555,Champions
8201-AAXCB,3,3,3,333,Potential Loyalists
7696-CFTAT,5,3,2,532,Potential Loyalists
1845-CSBRZ,2,3,3,233,At Risk
2123-VSCOT,5,4,4,544,Champions
6651-AZVTJ,1,4,5,145,At Risk
4566-GOLUK,2,4,5,245,At Risk
2484-DGXPZ,4,3,2,432,Potential Loyalists
2018-QKYGT,1,1,1,111,Lost Customers
2792-VPPET,3,1,1,311,About to Sleep
7409-JURKQ,3,4,5,345,Loyal Customers
3247-MHJKM,3,1,1,311,About to Sleep
1964-SVLEA,4,2,2,422,About to Sleep
4587-NUKOX,1,1,1,111,Lost Customers
7297-DVYGA,5,4,3,543,Potential Loyalists
2239-CGBUZ,5,4,4,544,Champions
0854-UYHZD,5,2,1,521,About to Sleep
7243-LCGGZ,3,1,1,311,About to Sleep
8267-KFGYD,3,1,1,311,About to Sleep
4890-VMUAV,5,5,5,555,Champions
9261-WDCAF,2,1,1,211,Lost Customers
3764-MNMOI,5,4,2,542,Potential Loyalists
7442-YGZFK,1,1,1,111,Lost Customers
0420-BWTPW,3,2,1,321,About to Sleep
8229-BUJHX,5,5,3,553,Potential Loyalists
7449-HVPIV,2,4,5,245,At Risk
5504-WSIUR,4,5,5,455,Champions
8183-ONMXC,1,1,1,111,Lost Customers
8466-PZBLH,4,5,5,455,Champions
9614-RMGHA,2,5,5,255,At Risk
8735-IJJEG,3,2,2,322,About to Sleep
0564-MUUQK,2,2,3,223,Lost Customers
5054-IEXZT,1,1,1,111,Lost Customers
5834-ASPWA,1,1,1,111,Lost Customers
0701-RFGFI,2,4,5,245,At Risk
0019-EFAEP,4,5,5,455,Champions
5619-PTMIK,3,4,4,344,Loyal Customers
3737-XBQDD,2,3,4,234,At Risk
5882-CMAZQ,2,1,1,211,Lost Customers
5846-QFDFI,3,3,4,334,Loyal Customers
4445-KWOKW,4,4,4,444,Champions
3511-APPBJ,3,3,4,334,Loyal Customers
7967-HYCDE,2,2,2,222,Lost Customers
2430-RRYUW,5,5,4,554,Champions
3948-XHGNA,3,3,3,333,Potential Loyalists
3723-BFBGR,3,3,3,333,Potential Loyalists
0565-IYCGT,4,5,5,455,Champions
5447-WZAFP,3,4,5,345,Loyal Customers
5110-CHOPY,4,4,4,444,Champions
5445-UTODQ,1,2,2,122,Lost Customers
4425-OWHWB,4,2,2,422,About to Sleep
7892-QVYKW,2,3,3,233,At Risk
9675-ICXCT,5,5,5,555,Champions
1024-VRZHF,1,2,2,122,Lost Customers
4703-MQYKT,5,3,2,532,Potential Loyalists
9497-QCMMS,1,1,1,111,Lost Customers
5692-ICXLW,1,3,4,134,At Risk
0602-DDUML,5,4,4,544,Champions
2208-MPXIO,5,4,2,542,Potential Loyalists
1960-UYCNN,1,2,3,123,Lost Customers
0348-SDKOL,2,4,5,245,At Risk
3190-FZATL,4,2,2,422,About to Sleep
7336-RLLRH,4,3,4,434,Loyal Customers
4373-MAVJG,2,2,3,223,Lost Customers
8901-HJXTF,3,2,2,322,About to Sleep
7710-JSYOA,4,5,5,455,Champions
5419-KLXBN,2,3,4,234,At Risk
3424-NMNBO,2,4,5,245,At Risk
9885-MFVSU,5,3,3,533,Potential Loyalists
4514-GFCFI,1,2,3,123,Lost Customers
0607-MVMGC,4,4,4,444,Champions
3365-SAIGS,1,2,3,123,Lost Customers
9828-AOQLM,1,1,1,111,Lost Customers
8022-BECSI,4,3,2,432,Potential Loyalists
8000-REIQB,1,1,1,111,Lost Customers
9993-LHIEB,5,5,5,555,Champions
0266-CLZKZ,4,5,5,455,Champions
7615-ESMYF,1,1,1,111,Lost Customers
3858-VOBET,2,3,3,233,At Risk
7020-OZKXZ,2,2,2,222,Lost Customers
3977-QCRSL,3,1,1,311,About to Sleep
0017-DINOC,5,4,4,544,Champions
1447-PJGGA,3,4,5,345,Loyal Customers
8565-CLBZW,2,3,4,234,At Risk
9139-WQQDY,3,4,5,345,Loyal Customers
0224-HJAPT,2,1,1,211,Lost Customers
8086-OVPWV,1,1,1,111,Lost Customers
9430-FRQOC,1,1,2,112,Lost Customers
7639-OPLNG,5,5,5,555,Champions
3074-GQWYX,1,1,2,112,Lost Customers
1492-QGCLU,3,4,5,345,Loyal Customers
6845-RGTYS,2,4,5,245,At Risk
7328-OWMOM,5,3,2,532,Potential Loyalists
4418-LZMSV,4,2,2,422,About to Sleep
5155-AZQPB,3,3,3,333,Potential Loyalists
8861-HGGKB,1,2,2,122,Lost Customers
1087-GRUYI,5,3,2,532,Potential Loyalists
7065-YUNRY,1,1,1,111,Lost Customers
7694-VLBWQ,3,5,5,355,Loyal Customers
2546-KZAAT,4,4,4,444,Champions
0181-RITDD,5,5,5,555,Champions
5989-PGKJB,1,2,3,123,Lost Customers
4795-KTRTH,1,1,2,112,Lost Customers
8272-ONJLV,2,2,3,223,Lost Customers
1488-PBLJN,4,5,5,455,Champions
0308-GIQJT,3,5,5,355,Loyal Customers
3778-FOAQW,4,3,2,432,Potential Loyalists
4452-ROHMO,5,2,2,522,About to Sleep
6481-OGDOO,4,5,5,455,Champions
3090-LETTY,3,1,1,311,About to Sleep
5349-AZPEW,2,1,1,211,Lost Customers
3753-TSEMP,1,2,3,123,Lost Customers
8305-VHZBZ,2,1,1,211,Lost Customers
9720-JJJOR,4,4,4,444,Champions
8100-HZZLJ,3,4,4,344,Loyal Customers
8775-ERLNB,1,1,1,111,Lost Customers
8309-IEYJD,1,1,1,111,Lost Customers
9172-JITSM,2,3,4,234,At Risk
6298-QDFNH,2,3,3,233,At Risk
7398-HPYZQ,5,5,5,555,Champions
3546-GHEAE,5,2,1,521,About to Sleep
7361-YPXFS,3,3,3,333,Potential Loyalists
6557-BZXLQ,2,2,3,223,Lost Customers
2550-QHZGP,4,2,1,421,About to Sleep
7519-JTWQH,4,5,5,455,Champions
2538-OIMXF,2,1,1,211,Lost Customers
8543-MSDMF,1,1,1,111,Lost Customers
9961-JBNMK,1,3,3,133,At Risk
1170-SASML,3,5,5,355,Loyal Customers
4872-JCVCA,5,5,4,554,Champions
5346-BZCHP,5,5,3,553,Potential Loyalists
2038-LLMLM,2,4,5,245,At Risk
6173-ITPWD,2,4,4,244,At Risk
9734-UYXQI,1,1,1,111,Lost Customers
1216-BGTSP,2,4,5,245,At Risk
4138-NAXED,3,4,4,344,Loyal Customers
2189-UXTKY,2,3,3,233,At Risk
0744-BIKKF,5,5,5,555,Champions
7483-IQWIB,2,3,4,234,At Risk
5248-KWLAR,5,5,5,555,Champions
4958-GZWIY,2,2,2,222,Lost Customers
7996-MHXLW,5,5,3,553,Potential Loyalists
7833-PKIHD,4,4,4,444,Champions
7061-OVMIM,5,3,2,532,Potential Loyalists
5153-RTHKF,2,3,4,234,At Risk
1852-QSWCD,5,5,3,553,Potential Loyalists
4832-VRBMR,3,5,5,355,Loyal Customers
9079-LWTFD,3,4,5,345,Loyal Customers
6356-ELRKD,1,1,1,111,Lost Customers
8624-GIOUT,4,4,4,444,Champions
3392-EHMNK,4,5,5,455,Champions
5986-WWXDV,5,3,2,532,Potential Loyalists
3061-BCKYI,4,2,2,422,About to Sleep
6179-GJPSO,3,4,5,345,Loyal Customers
7901-TBKJX,1,4,5,145,At Risk
7228-PAQPD,4,2,2,422,About to Sleep
3177-LASXD,1,1,1,111,Lost Customers
7746-QYVCO,4,2,2,422,About to Sleep
5804-HYIEZ,2,5,5,255,At Risk
9919-FZDED,4,5,5,455,Champions
5934-TSSAU,2,3,3,233,At Risk
3486-KHMLI,4,3,2,432,Potential Loyalists
4897-QSUYC,2,1,1,211,Lost Customers
1084-UQCHV,1,1,1,111,Lost Customers
8290-YWKHZ,1,3,4,134,At Risk
2955-BJZHG,2,2,3,223,Lost Customers
3806-DXQOM,2,1,1,211,Lost Customers
6784-XYJAE,4,3,3,433,Potential Loyalists
3933-DQPWX,5,4,3,543,Potential Loyalists
6661-EIPZC,3,4,3,343,Potential Loyalists
8957-THMOA,5,4,3,543,Potential Loyalists
2251-PYLPB,5,5,5,555,Champions
5555-RNPGT,3,2,1,321,About to Sleep
1057-FOGLZ,4,2,2,422,About to Sleep
9300-RENDD,1,1,1,111,Lost Customers
0761-AETCS,2,1,1,211,Lost Customers
8087-LGYHQ,1,2,2,122,Lost Customers
4137-BTIKL,1,1,1,111,Lost Customers
2190-BCXEC,2,3,4,234,At Risk
6227-FBDXH,3,5,5,355,Loyal Customers
2153-MREFK,3,3,4,334,Loyal Customers
2911-WDXMV,2,2,3,223,Lost Customers
7206-PQBBZ,1,2,2,122,Lost Customers
3106-ULWFW,1,2,2,122,Lost Customers
0925-VYDLG,1,1,1,111,Lost Customers
4547-FZJWE,4,4,4,444,Champions
7422-WNBTY,1,3,4,134,At Risk
0842-IWYCP,4,4,4,444,Champions
3521-HTQTV,5,3,3,533,Potential Loyalists
3744-ZBHON,3,1,1,311,About to Sleep
3373-DIUUN,5,3,2,532,Potential Loyalists
8383-SGHJU,4,3,3,433,Potential Loyalists
7607-QKKTJ,3,4,4,344,Loyal Customers
7707-PYBBH,4,3,4,434,Loyal Customers
8984-HPEMB,4,5,5,455,Champions
4349-GFQHK,1,1,1,111,Lost Customers
4139-DETXS,5,5,5,555,Champions
9779-DPNEJ,2,3,3,233,At Risk
9805-FILKB,5,4,2,542,Potential Loyalists
5793-YOLJN,5,4,3,543,Potential Loyalists
0673-IGUQO,3,1,1,311,About to Sleep
4123-FCVCB,3,2,2,322,About to Sleep
8819-IMISP,2,3,4,234,At Risk
7802-EFKNY,1,1,1,111,Lost Customers
8311-UEUAB,4,5,5,455,Champions
5858-EAFCZ,2,1,1,211,Lost Customers
8035-BUYVG,4,3,3,433,Potential Loyalists
1163-ONYEY,3,4,4,344,Loyal Customers
9787-XVQIU,1,1,1,111,Lost Customers
8945-MUQUF,3,4,5,345,Loyal Customers
5656-MJEFC,5,4,3,543,Potential Loyalists
6082-OQFBA,5,3,2,532,Potential Loyalists
8051-HJRLT,1,1,1,111,Lost Customers
8974-OVACP,3,1,1,311,About to Sleep
4010-YLMVT,2,4,5,245,At Risk
1379-FRVEB,1,2,3,123,Lost Customers
8612-GXIDD,5,2,2,522,About to Sleep
6288-CHQJB,5,4,4,544,Champions
8160-HOWOX,2,2,2,222,Lost Customers
3023-GFLBR,2,3,4,234,At Risk
6648-INWPS,4,2,2,422,About to Sleep
4223-BKEOR,4,3,3,433,Potential Loyalists
4079-VTGLK,4,3,4,434,Loyal Customers
1763-WQFUK,2,1,1,211,Lost Customers
1391-UBDAR,2,2,2,222,Lost Customers
8894-JVDCV,3,5,5,355,Loyal Customers
2023-VQFDL,4,2,2,422,About to Sleep
1345-GKDZZ,4,1,1,411,About to Sleep
2014-MKGMH,2,4,5,245,At Risk
5628-FCGYG,1,3,3,133,At Risk
2560-WBWXF,5,5,3,553,Potential Loyalists
0248-IPDFW,1,1,1,111,Lost Customers
7978-DKUQH,2,3,3,233,At Risk
4335-UPJSI,5,3,2,532,Potential Loyalists
0524-IAVZO,1,3,4,134,At Risk
2737-YNGYW,1,1,1,111,Lost Customers
1784-EZDKJ,2,4,5,245,At Risk
9297-FVVDH,4,4,5,445,Champions
8007-YYPWD,5,2,2,522,About to Sleep
7101-HRBLJ,5,5,5,555,Champions
5159-YFPKQ,1,1,1,111,Lost Customers
6635-CPNUN,2,3,4,234,At Risk
4021-RQSNY,1,3,4,134,At Risk
5453-YBTWV,5,5,5,555,Champions
5039-LZRQT,4,2,2,422,About to Sleep
2931-VUVJN,3,4,5,345,Loyal Customers
9061-TIHDA,1,2,3,123,Lost Customers
8699-ASUFO,1,2,2,122,Lost Customers
6418-PIQSP,5,5,5,555,Champions
8220-OCUFY,4,3,3,433,Potential Loyalists
3995-WFCSM,1,1,1,111,Lost Customers
1895-QTKDO,2,1,1,211,Lost Customers
2038-OEQZH,1,1,2,112,Lost Customers
1178-PZGAB,4,2,2,422,About to Sleep
7927-AUXBZ,2,3,4,234,At Risk
2626-VEEWG,5,5,3,553,Potential Loyalists
2878-RMWXY,4,5,5,455,Champions
1657-DYMBM,5,4,3,543,Potential Loyalists
7311-MQJCH,4,1,1,411,About to Sleep
7375-WMVMT,4,5,5,455,Champions
1136-XGEQU,4,4,4,444,Champions
2530-FMFXO,3,4,5,345,Loyal Customers
6844-DZKRF,2,1,1,211,Lost Customers
4695-WJZUE,1,1,1,111,Lost Customers
7619-ODSGN,3,3,3,333,Potential Loyalists
5970-GHJAW,5,4,2,542,Potential Loyalists
8879-XUAHX,4,5,5,455,Champions
3689-MOZGR,3,3,2,332,Potential Loyalists
4195-PNGZS,5,5,3,553,Potential Loyalists
5003-XZWWO,5,5,5,555,Champions
3988-RQIXO,1,1,1,111,Lost Customers
7622-FWGEW,5,4,5,545,Champions
6922-NCEDI,5,4,3,543,Potential Loyalists
2514-GINMM,1,1,1,111,Lost Customers
9891-NQDBD,4,3,2,432,Potential Loyalists
6131-IUNXN,4,2,2,422,About to Sleep
8548-AWOFC,3,5,4,354,Loyal Customers
9798-DRYDS,4,2,3,423,About to Sleep
8532-UEFWH,5,4,3,543,Potential Loyalists
6296-DDOOR,3,2,3,323,About to Sleep
7951-VRDVK,4,3,4,434,Loyal Customers
5931-FLJJF,1,2,2,122,Lost Customers
4815-YOSUK,4,5,5,455,Champions
2659-VXMWZ,3,5,5,355,Loyal Customers
0380-NEAVX,2,3,4,234,At Risk
3207-OYBWH,2,4,5,245,At Risk
4285-GYRQC,1,2,2,122,Lost Customers
7216-EWTRS,1,1,1,111,Lost Customers
4365-MSDYN,3,2,1,321,About to Sleep
7036-TYDEC,4,5,5,455,Champions
5802-ADBRC,3,4,5,345,Loyal Customers
8076-FEZKJ,4,2,1,421,About to Sleep
5197-YPYBZ,5,2,2,522,About to Sleep
8337-MSSXB,1,2,3,123,Lost Customers
4312-GVYNH,5,5,4,554,Champions
8495-LJDFO,2,5,5,255,At Risk
0839-JTCUD,5,5,5,555,Champions
5494-WOZRZ,5,5,5,555,Champions
1302-UHBDD,1,2,3,123,Lost Customers
2234-EOFPT,5,5,5,555,Champions
8619-IJNDK,5,5,5,555,Champions
8378-LKJAF,2,3,4,234,At Risk
8182-BJDSI,2,3,4,234,At Risk
2528-HFYZX,2,2,3,223,Lost Customers
1153-GNOLC,3,3,3,333,Potential Loyalists
3298-QEICA,5,3,2,532,Potential Loyalists
0788-DXBFY,4,4,3,443,Potential Loyalists
3597-YASZG,4,5,5,455,Champions
3496-LFSZU,1,1,2,112,Lost Customers
5242-UOWHD,5,4,2,542,Potential Loyalists
2482-CZGBB,1,2,2,122,Lost Customers
6479-SZPLM,5,3,2,532,Potential Loyalists
8097-VBQTZ,4,4,4,444,Champions
4500-HKANN,5,3,3,533,Potential Loyalists
9917-KWRBE,4,4,4,444,Champions
3420-ZDBMA,1,1,2,112,Lost Customers
2212-LYASK,3,3,3,333,Potential Loyalists
1393-IMKZG,1,1,1,111,Lost Customers
8069-RHUXK,5,5,4,554,Champions
3398-GCPMU,5,5,5,555,Champions
2908-WGAXL,5,4,3,543,Potential Loyalists
3378-AJRAO,4,4,3,443,Potential Loyalists
1013-QCWAM,2,5,5,255,At Risk
0866-QLSIR,4,3,4,434,Loyal Customers
6050-FFXES,4,5,5,455,Champions
7181-BQYBV,1,1,1,111,Lost Customers
0362-RAOQO,5,3,2,532,Potential Loyalists
9554-DFKIC,3,3,3,333,Potential Loyalists
5527-ACHSO,3,2,2,322,About to Sleep
0829-DDVLK,4,2,2,422,About to Sleep
1399-UBQIU,2,2,2,222,Lost Customers
1813-JLKWR,5,5,3,553,Potential Loyalists
0336-PIKEI,5,5,5,555,Champions
7322-OCWHC,4,5,5,455,Champions
9537-VHDTA,2,1,1,211,Lost Customers
4957-TIALW,4,2,3,423,About to Sleep
2054-PJOCK,4,4,5,445,Champions
9150-HEPMB,4,4,4,444,Champions
9030-QGZNL,5,2,1,521,About to Sleep
6204-IEUXJ,2,1,1,211,Lost Customers
3126-WQMGH,3,4,4,344,Loyal Customers
4529-CKBCL,1,1,1,111,Lost Customers
2506-CLAKW,2,1,2,212,Lost Customers
7176-WRTNX,4,5,5,455,Champions
1583-IHQZE,1,2,3,123,Lost Customers
5732-IKGQH,3,4,5,345,Loyal Customers
9239-GZHZE,4,5,5,455,Champions
7205-BAIAD,5,3,2,532,Potential Loyalists
0151-ONTOV,1,1,1,111,Lost Customers
4140-MUHUG,1,1,1,111,Lost Customers
0093-EXYQL,1,3,4,134,At Risk
8064-RAVOH,1,1,1,111,Lost Customers
0219-QAERP,5,3,2,532,Potential Loyalists
0320-JDNQG,2,3,4,234,At Risk
7180-PISOG,1,1,1,111,Lost Customers
9168-INPSZ,2,4,5,245,At Risk
3571-RFHAR,2,5,5,255,At Risk
0015-UOCOJ,2,2,2,222,Lost Customers
5334-AFQJB,5,5,3,553,Potential Loyalists
2754-SDJRD,1,2,2,122,Lost Customers
9578-VRMNM,2,2,3,223,Lost Customers
1587-FKLZB,2,5,5,255,At Risk
6140-QNRQQ,1,1,1,111,Lost Customers
8963-JLGJT,3,1,1,311,About to Sleep
4307-KTUMW,2,4,5,245,At Risk
1465-LNTLJ,2,2,2,222,Lost Customers
5440-FLBQG,4,5,5,455,Champions
2135-DQWAQ,1,1,2,112,Lost Customers
4056-QHXHZ,4,5,5,455,Champions
7470-MCQTK,2,2,2,222,Lost Customers
7488-MXJIV,1,1,2,112,Lost Customers
7401-JIXNM,5,4,5,545,Champions
9339-FIIJL,5,5,5,555,Champions
2027-FECZV,1,2,3,123,Lost Customers
2672-DZUOY,1,1,1,111,Lost Customers
4706-DGAHW,1,1,1,111,Lost Customers
3870-MQAMG,3,4,5,345,Loyal Customers
6670-MFRPK,4,5,5,455,Champions
6177-PEVRA,5,4,4,544,Champions
4800-CZMPC,3,4,5,345,Loyal Customers
4813-HQMGZ,1,2,2,122,Lost Customers
7579-KKLOE,5,5,5,555,Champions
7377-DMMRI,2,1,1,211,Lost Customers
8402-EIVQS,3,5,5,355,Loyal Customers
4947-DSMXK,2,3,4,234,At Risk
7245-NIIWQ,1,1,1,111,Lost Customers
0002-ORFBO,3,2,2,322,About to Sleep
3324-OIRTO,4,5,5,455,Champions
5414-OFQCB,4,4,5,445,Champions
4967-WPNCF,5,5,4,554,Champions
8552-OBVRU,2,4,5,245,At Risk
8499-BRXTD,4,2,2,422,About to Sleep
9154-QDGTH,3,4,4,344,Loyal Customers
8197-BFWVU,5,5,5,555,Champions
2577-GVSIL,3,3,4,334,Loyal Customers
9367-OIUXP,3,1,1,311,About to Sleep
6770-UAYGJ,5,4,3,543,Potential Loyalists
6463-HHXJR,5,5,5,555,Champions
7928-VJYAB,1,2,3,123,Lost Customers
1187-WILMM,5,5,5,555,Champions
9776-OJUZI,2,5,5,255,At Risk
1306-RPWXZ,5,4,3,543,Potential Loyalists
8949-JTMAY,1,3,4,134,At Risk
2774-LVQUS,1,2,3,123,Lost Customers
3097-PYWXL,3,1,1,311,About to Sleep
2266-SJNAT,3,5,5,355,Loyal Customers
0869-PAPRP,2,3,4,234,At Risk
4238-JSSWH,2,3,4,234,At Risk
2972-YDYUW,3,4,5,345,Loyal Customers
1104-FEJAM,3,3,3,333,Potential Loyalists
2809-ILCYT,4,3,2,432,Potential Loyalists
5499-ECUTN,4,4,4,444,Champions
4981-FLTMF,4,4,4,444,Champions
9121-PHQSR,1,2,3,123,Lost Customers
3113-IWHLC,3,1,2,312,About to Sleep
3211-ILJTT,2,2,3,223,Lost Customers
4612-THJBS,2,4,5,245,At Risk
4277-BWBML,5,5,3,553,Potential Loyalists
4094-NSEDU,1,3,3,133,At Risk
0234-TEVTT,4,4,4,444,Champions
4304-TSPVK,4,5,5,455,Champions
1552-AAGRX,2,3,4,234,At Risk
2637-FKFSY,2,1,1,211,Lost Customers
9796-MVYXX,5,2,2,522,About to Sleep
7874-ECPQJ,3,1,1,311,About to Sleep
0020-INWCK,4,5,5,455,Champions
7089-RKVSZ,4,2,1,421,About to Sleep
2683-JXWQQ,4,5,4,454,Champions
9548-ZMVTX,5,5,5,555,Champions
8739-XNIKG,1,1,2,112,Lost Customers
9755-JHNMN,5,4,4,544,Champions
3981-QSVQI,3,2,1,321,About to Sleep
2789-HQBOU,1,1,1,111,Lost Customers
9424-CMPOG,5,2,1,521,About to Sleep
5067-WJEUN,5,5,4,554,Champions
3450-WXOAT,3,4,4,344,Loyal Customers
9251-WNSOD,4,5,5,455,Champions
6974-DAFLI,5,4,3,543,Potential Loyalists
2616-UUTFK,3,3,4,334,Loyal Customers
7064-JHXCE,5,5,3,553,Potential Loyalists
5103-MHMHY,2,1,1,211,Lost Customers
7989-AWGEH,3,4,3,343,Potential Loyalists
4373-VVHQL,1,1,1,111,Lost Customers
4559-UWIHT,1,2,3,123,Lost Customers
7268-IGMFD,2,2,3,223,Lost Customers
1846-XWOQN,1,1,1,111,Lost Customers
0235-KGSLC,1,1,1,111,Lost Customers
6650-BWFRT,4,5,5,455,Champions
9570-KYEUA,4,5,5,455,Champions
6993-YGFJV,4,5,5,455,Champions
2712-SYWAY,2,1,1,211,Lost Customers
0730-BGQGF,5,5,5,555,Champions
5498-IBWPI,5,5,4,554,Champions
9101-NTIXF,3,1,1,311,About to Sleep
0013-SMEOE,4,5,5,455,Champions
9314-QDMDW,3,2,2,322,About to Sleep
9308-ANMVE,4,4,4,444,Champions
2884-GBPFB,2,3,4,234,At Risk
3757-NJYBX,2,3,4,234,At Risk
3413-DHLPB,2,4,5,245,At Risk
7649-PHJVR,4,2,1,421,About to Sleep
6114-TCFID,4,3,3,433,Potential Loyalists
3787-TRIAL,2,3,2,232,At Risk
2573-GYRUU,2,4,4,244,At Risk
5156-UMKOW,2,1,1,211,Lost Customers
1247-QBVSH,4,4,4,444,Champions
6734-GMPVK,1,1,2,112,Lost Customers
9822-OAOVB,1,1,1,111,Lost Customers
6161-ERDGD,4,5,5,455,Champions
1226-JZNKR,4,2,1,421,About to Sleep
7318-EIVKO,1,2,2,122,Lost Customers
3771-PZOBW,1,2,3,123,Lost Customers
5136-KCKGI,3,3,4,334,Loyal Customers
8231-BSWXX,3,5,5,355,Loyal Customers
6486-LHTMA,2,3,4,234,At Risk
4083-BFNYK,3,3,4,334,Loyal Customers
3722-WPXTK,1,1,1,111,Lost Customers
7389-KBFIT,2,1,1,211,Lost Customers
7176-WIONM,2,2,2,222,Lost Customers
5141-ZUVBH,2,2,2,222,Lost Customers
1089-HDMKP,3,2,2,322,About to Sleep
7623-HKYRK,4,1,1,411,About to Sleep
0310-SUCIN,4,5,5,455,Champions
5197-PYEPU,3,4,4,344,Loyal Customers
2929-ERCFZ,1,2,2,122,Lost Customers
7548-SEPYI,1,1,2,112,Lost Customers
8835-VSDSE,1,1,1,111,Lost Customers
6619-RPLQZ,5,4,2,542,Potential Loyalists
3275-RHRNE,3,3,3,333,Potential Loyalists
3503-TYDAY,2,4,4,244,At Risk
6901-GOGZG,4,4,5,445,Champions
1623-NLDOT,4,4,3,443,Potential Loyalists
7021-XSNYE,4,2,2,422,About to Sleep
9621-OUPYD,4,3,2,432,Potential Loyalists
9898-KZQDZ,2,3,4,234,At Risk
8982-NHAVY,2,3,4,234,At Risk
4307-KWMXE,3,2,2,322,About to Sleep
0141-YEAYS,2,3,4,234,At Risk
2450-ZKEED,4,2,2,422,About to Sleep
3694-DELSO,2,1,1,211,Lost Customers
3893-JRNFS,3,5,4,354,Loyal Customers
9603-OAIHC,1,1,1,111,Lost Customers
1133-KXCGE,4,2,2,422,About to Sleep
5236-PERKL,4,4,5,445,Champions
0142-GVYSN,4,3,2,432,Potential Loyalists
1049-FYSYG,3,2,2,322,About to Sleep
7854-FOKSF,1,1,1,111,Lost Customers
2519-FAKOD,2,3,4,234,At Risk
8406-LNMHF,4,4,5,445,Champions
1821-BUCWY,5,3,3,533,Potential Loyalists
8263-JQAIK,1,1,1,111,Lost Customers
0023-UYUPN,4,4,3,443,Potential Loyalists
8314-DPQHL,3,2,2,322,About to Sleep
1465-WCZVT,3,1,1,311,About to Sleep
9481-SFCQY,3,2,2,322,About to Sleep
6360-SVNWV,3,3,4,334,Loyal Customers
0567-GGCAC,3,2,2,322,About to Sleep
7089-IVVAZ,1,2,2,122,Lost Customers
8884-MRNSU,4,2,2,422,About to Sleep
2171-UDMFD,4,3,2,432,Potential Loyalists
9050-IKDZA,1,1,1,111,Lost Customers
2205-YMZZJ,1,2,2,122,Lost Customers
9802-CAQUT,4,5,5,455,Champions
1254-IZEYF,1,3,4,134,At Risk
0187-WZNAB,3,3,3,333,Potential Loyalists
9492-TOKRI,2,2,3,223,Lost Customers
1475-VWVDO,1,2,2,122,Lost Customers
9221-OTIVJ,1,2,3,123,Lost Customers
1357-MVDOZ,2,2,2,222,Lost Customers
7602-MVRMB,4,5,5,455,Champions
3325-FUYCG,3,3,4,334,Loyal Customers
5908-QMGOE,1,2,3,123,Lost Customers
1197-BVMVG,1,1,2,112,Lost Customers
5406-KGRMX,5,5,3,553,Potential Loyalists
8481-YYXWG,1,1,2,112,Lost Customers
5968-HYJRZ,5,4,3,543,Potential Loyalists
5198-EFNBM,3,4,5,345,Loyal Customers
7516-GMHUV,3,4,5,345,Loyal Customers
7140-ADSMJ,3,2,1,321,About to Sleep
2230-XTUWL,5,4,2,542,Potential Loyalists
7706-YLMQA,5,5,3,553,Potential Loyalists
2585-KTFRE,2,1,1,211,Lost Customers
7994-UYIVZ,1,2,2,122,Lost Customers
2609-IAICY,1,1,1,111,Lost Customers
1740-CSDJP,1,1,1,111,Lost Customers
7717-BICXI,5,4,3,543,Potential Loyalists
6559-RAKOZ,2,4,5,245,At Risk
2636-OHFMN,1,1,1,111,Lost Customers
4716-MRVEN,5,3,2,532,Potential Loyalists
2143-LJULT,5,5,3,553,Potential Loyalists
1323-OOEPC,2,4,5,245,At Risk
3200-MNQTF,5,5,5,555,Champions
6164-HXUGH,4,1,1,411,About to Sleep
5630-IXDXV,1,4,5,145,At Risk
0320-DWVTU,5,4,5,545,Champions
9135-MGVPY,5,5,5,555,Champions
1212-GLHMD,1,1,1,111,Lost Customers
7878-JGDKK,3,1,1,311,About to Sleep
1088-AUUZZ,5,4,4,544,Champions
0397-GZBBC,2,4,5,245,At Risk
6614-YWYSC,5,5,3,553,Potential Loyalists
9588-OZDMQ,1,1,1,111,Lost Customers
7641-EUYET,2,4,5,245,At Risk
6476-EPYZR,4,2,1,421,About to Sleep
9921-ZVRHG,1,2,3,123,Lost Customers
1174-FGIFN,3,3,4,334,Loyal Customers
6620-HVDUJ,4,3,3,433,Potential Loyalists
4701-MLJPN,3,3,3,333,Potential Loyalists
1032-MAELW,4,5,5,455,Champions
7641-TQFHN,4,3,4,434,Loyal Customers
1552-TKMXS,4,4,2,442,Potential Loyalists
9206-GVPEQ,2,2,2,222,Lost Customers
8622-ZLFKO,1,1,2,112,Lost Customers
1596-BBVTG,2,3,4,234,At Risk
6188-UXBBR,4,3,2,432,Potential Loyalists
2333-KWEWW,5,2,2,522,About to Sleep
5702-SKUOB,3,1,1,311,About to Sleep
1134-YWTYF,3,3,3,333,Potential Loyalists
6061-GWWAV,4,4,4,444,Champions
0679-TDGAK,4,4,4,444,Champions
6585-WCEWR,5,5,3,553,Potential Loyalists
9067-YGSCA,5,5,3,553,Potential Loyalists
9067-SQTNS,5,4,2,542,Potential Loyalists
8433-WXGNA,1,1,1,111,Lost Customers
1776-SPBWV,5,3,2,532,Potential Loyalists
8735-SDUFN,5,5,3,553,Potential Loyalists
9668-PUGNU,5,5,3,553,Potential Loyalists
9405-GPBBG,4,5,5,455,Champions
1926-QUZNN,5,5,3,553,Potential Loyalists
3707-GNWHM,1,1,1,111,Lost Customers
7016-NVRIC,3,3,4,334,Loyal Customers
5829-NVSQN,4,3,3,433,Potential Loyalists
9565-AXSMR,5,4,3,543,Potential Loyalists
8922-LIEGH,1,3,4,134,At Risk
8869-LIHMK,4,5,5,455,Champions
8245-UMPYT,1,2,3,123,Lost Customers
5186-SAMNZ,1,1,1,111,Lost Customers
0447-RXSGD,1,3,4,134,At Risk
4927-WWOOZ,1,1,1,111,Lost Customers
5788-YPOEG,5,3,4,534,Loyal Customers
5373-SFODM,2,3,4,234,At Risk
0661-KBKPA,4,4,4,444,Champions
9081-WWXKP,5,4,2,542,Potential Loyalists
0784-ZQJZX,5,5,3,553,Potential Loyalists
3133-PZNSR,4,5,5,455,Champions
5766-ZJYBB,3,1,1,311,About to Sleep
8931-GJJIQ,1,2,2,122,Lost Customers
4277-PVRAN,1,2,2,122,Lost Customers
0022-TCJCI,4,4,4,444,Champions
0722-SVSFK,1,2,2,122,Lost Customers
3612-YVGSJ,5,5,3,553,Potential Loyalists
9825-YCXWZ,3,4,4,344,Loyal Customers
5397-NSKQG,5,5,4,554,Champions
8565-HBFNN,4,5,5,455,Champions
2000-DHJUY,5,5,5,555,Champions
0203-HHYIJ,4,3,2,432,Potential Loyalists
8670-ERCJH,4,5,5,455,Champions
7758-UJWYS,4,3,3,433,Potential Loyalists
2050-ONYDQ,5,5,3,553,Potential Loyalists
7055-JCGNI,4,5,5,455,Champions
0739-UUAJR,5,5,4,554,Champions
4826-DXMUP,4,3,4,434,Loyal Customers
0952-KMEEH,2,2,3,223,Lost Customers
7285-KLOTR,3,2,2,322,About to Sleep
0654-PQKDW,5,5,4,554,Champions
7175-NTIXE,3,3,3,333,Potential Loyalists
7963-SHNDT,5,4,3,543,Potential Loyalists
9796-BPKIW,1,2,2,122,Lost Customers
0188-GWFLE,3,1,1,311,About to Sleep
8129-GMVGI,5,4,3,543,Potential Loyalists
2882-DDZPG,4,2,1,421,About to Sleep
3547-LQRIK,4,4,3,443,Potential Loyalists
9137-NOQKA,2,1,1,211,Lost Customers
5843-TTHGI,3,2,2,322,About to Sleep
1849-RJYIG,2,2,2,222,Lost Customers
8868-GAGIO,3,4,4,344,Loyal Customers
4061-UKJWL,2,1,1,211,Lost Customers
5380-XPJNZ,5,3,2,532,Potential Loyalists
8263-QMNTJ,4,5,5,455,Champions
8178-EYZUO,2,4,4,244,At Risk
3230-JCNZS,4,5,5,455,Champions
0277-ORXQS,5,5,4,554,Champions
5130-IEKQT,2,3,4,234,At Risk
3230-WYKIR,3,2,3,323,About to Sleep
7996-BPXHY,5,2,2,522,About to Sleep
3227-WLKLI,5,5,5,555,Champions
0407-BDJKB,2,4,5,245,At Risk
2266-FUBDZ,5,2,2,522,About to Sleep
8237-ULIXL,5,5,3,553,Potential Loyalists
9600-UDOPK,1,3,4,134,At Risk
8216-AZUUZ,4,4,4,444,Champions
9153-BTBVV,5,5,3,553,Potential Loyalists
4074-SJFFA,1,1,1,111,Lost Customers
3269-ATYWD,1,3,4,134,At Risk
5186-PEIZU,4,3,2,432,Potential Loyalists
1074-AMIOH,3,4,5,345,Loyal Customers
4910-GMJOT,1,1,1,111,Lost Customers
0354-WYROK,2,3,4,234,At Risk
4361-FEBGN,5,4,3,543,Potential Loyalists
7748-UMTRK,1,3,4,134,At Risk
0380-ZCSBI,4,2,1,421,About to Sleep
7145-FEJWU,1,2,3,123,Lost Customers
6463-MVYRY,5,4,4,544,Champions
3969-JQABI,4,4,4,444,Champions
9624-EGDEQ,5,3,2,532,Potential Loyalists
1051-EQPZR,4,4,2,442,Potential Loyalists
5849-ASHZJ,5,3,2,532,Potential Loyalists
5780-INQIK,3,2,2,322,About to Sleep
7576-OYWBN,1,1,1,111,Lost Customers
4526-ZJJTM,2,3,4,234,At Risk
8384-FZBJK,2,4,5,245,At Risk
3750-RNQKR,4,2,1,421,About to Sleep
0962-CQPWQ,5,5,3,553,Potential Loyalists
3096-YXENJ,4,5,5,455,Champions
1265-BCFEO,4,5,5,455,Champions
5837-LXSDN,4,3,3,433,Potential Loyalists
5945-AZYHT,3,5,5,355,Loyal Customers
8325-QRPZR,1,2,2,122,Lost Customers
6384-VMJHP,5,5,5,555,Champions
2262-SLNVK,1,1,1,111,Lost Customers
7730-CLDSV,4,5,5,455,Champions
1135-HIORI,3,5,5,355,Loyal Customers
0164-APGRB,4,5,5,455,Champions
6481-ESCNL,2,3,4,234,At Risk
1790-NESIO,5,2,1,521,About to Sleep
1550-EENBN,2,3,4,234,At Risk
5539-TMZLF,1,1,1,111,Lost Customers
4323-SADQS,2,2,2,222,Lost Customers
4446-BZKHU,2,5,5,255,At Risk
5202-IVJNU,3,3,3,333,Potential Loyalists
5976-JCJRH,1,2,2,122,Lost Customers
8198-RKSZG,3,2,3,323,About to Sleep
0137-OCGAB,1,1,1,111,Lost Customers
3351-NQLDI,4,5,5,455,Champions
9297-EONCV,5,5,5,555,Champions
7593-JNWRU,2,1,1,211,Lost Customers
4588-YBNIB,2,1,1,211,Lost Customers
1069-QJOEE,4,3,2,432,Potential Loyalists
3336-JORSO,1,3,4,134,At Risk
7799-DSEWS,3,2,3,323,About to Sleep
8766-PAFNE,5,5,5,555,Champions
5315-CKEQK,3,3,3,333,Potential Loyalists
3130-ICDUP,2,1,1,211,Lost Customers
0820-FNRNX,3,2,3,323,About to Sleep
0880-FVFWF,2,4,5,245,At Risk
4611-ANLQC,4,4,4,444,Champions
4213-HKBJO,5,3,2,532,Potential Loyalists
2792-LSHWX,1,1,1,111,Lost Customers
5028-GZLDO,1,1,1,111,Lost Customers
0014-BMAQU,4,5,5,455,Champions
6861-XWTWQ,1,2,2,122,Lost Customers
9018-PCIOK,5,4,4,544,Champions
4837-QUSFT,4,5,5,455,Champions
6877-TJMBR,1,1,1,111,Lost Customers
9953-ZMKSM,5,5,3,553,Potential Loyalists
0907-HQNTS,4,5,5,455,Champions
7665-NKLAV,5,3,3,533,Potential Loyalists
6769-DCQLI,3,4,5,345,Loyal Customers
2433-KMEAS,3,3,3,333,Potential Loyalists
4391-LNRXK,2,3,4,234,At Risk
8250-ZNGGW,3,1,2,312,About to Sleep
2195-ZRVAX,2,4,4,244,At Risk
3550-SAHFP,1,3,4,134,At Risk
2011-TRQYE,3,2,2,322,About to Sleep
8562-GHPPI,3,1,1,311,About to Sleep
5893-PYOLZ,5,4,5,545,Champions
4986-MXSFP,3,1,1,311,About to Sleep
6131-FOYAS,3,3,4,334,Loyal Customers
3027-YNWZU,5,5,3,553,Potential Loyalists
5609-IMCGG,2,2,3,223,Lost Customers
4873-ILOLJ,1,3,4,134,At Risk
4727-MCYZG,1,1,1,111,Lost Customers
9481-WHGWY,5,5,5,555,Champions
2725-KXXWT,1,1,1,111,Lost Customers
9565-DJPIB,1,1,2,112,Lost Customers
4328-VUFWD,4,3,4,434,Loyal Customers
3301-LSLWQ,3,3,3,333,Potential Loyalists
7473-ZBDSN,5,2,1,521,About to Sleep
3166-PNEOF,5,5,5,555,Champions
5639-NTUPK,3,2,2,322,About to Sleep
8780-YRMTT,5,5,4,554,Champions
8348-HFYIV,1,1,1,111,Lost Customers
5140-FOMCQ,3,4,5,345,Loyal Customers
6242-SGYTS,4,5,5,455,Champions
8166-ORCHU,3,3,4,334,Loyal Customers
8414-OOEEL,5,5,5,555,Champions
8454-AATJP,4,5,5,455,Champions
6849-WLEYG,3,1,1,311,About to Sleep
4659-NZRUF,2,2,3,223,Lost Customers
4531-AUZNK,3,4,5,345,Loyal Customers
4191-XOVOM,2,5,5,255,At Risk
2150-OEGBV,5,3,2,532,Potential Loyalists
8429-XIBUM,2,3,4,234,At Risk
1855-CFULU,3,1,1,311,About to Sleep
4878-BUNFV,5,4,2,542,Potential Loyalists
1872-EBWSC,5,3,2,532,Potential Loyalists
2608-BHKFN,1,1,2,112,Lost Customers
7026-YMSBE,5,3,2,532,Potential Loyalists
7341-LXCAF,1,1,2,112,Lost Customers
6997-UVGOX,5,5,5,555,Champions
9674-EHPPG,5,4,3,543,Potential Loyalists
9462-MJUAW,2,1,1,211,Lost Customers
8128-YVJRG,2,2,2,222,Lost Customers
5440-VHLUL,3,5,5,355,Loyal Customers
5781-BKHOP,4,5,5,455,Champions
4283-FUTGF,1,2,3,123,Lost Customers
5213-TWWJU,2,3,4,234,At Risk
1569-TTNYJ,1,1,2,112,Lost Customers
8628-MFKAX,4,5,5,455,Champions
2397-BRLOM,1,2,2,122,Lost Customers
7629-WIXZF,3,2,2,322,About to Sleep
5445-GLVOT,3,3,3,333,Potential Loyalists
3976-HXHCE,5,5,3,553,Potential Loyalists
2466-NEJOJ,4,2,1,421,About to Sleep
0254-KCJGT,4,4,4,444,Champions
5472-CVMDX,5,5,4,554,Champions
6461-SZMCV,5,5,5,555,Champions
8150-QUDFX,3,1,1,311,About to Sleep
9508-ILZDG,2,3,4,234,At Risk
2346-DJQTB,3,3,2,332,Potential Loyalists
1697-LYYYX,5,5,3,553,Potential Loyalists
1942-OQFRW,1,1,1,111,Lost Customers
4749-VFKVB,1,1,1,111,Lost Customers
9640-ZSLDC,4,4,4,444,Champions
4231-LZUYM,5,5,3,553,Potential Loyalists
7598-UAASY,1,1,1,111,Lost Customers
7938-OUHIO,1,1,2,112,Lost Customers
8510-AWCXC,1,2,3,123,Lost Customers
6128-AQBMT,2,4,4,244,At Risk
3594-BDSOA,4,3,2,432,Potential Loyalists
0431-APWVY,3,3,4,334,Loyal Customers
5133-VRSAB,3,2,1,321,About to Sleep
5996-DAOQL,2,1,1,211,Lost Customers
6838-YAUVY,4,4,5,445,Champions
0484-JPBRU,4,4,3,443,Potential Loyalists
7883-ROJOC,3,2,2,322,About to Sleep
0244-LGNFY,5,5,5,555,Champions
7274-CGTOD,5,5,4,554,Champions
4295-YURET,5,4,4,544,Champions
3426-NIYYL,2,2,2,222,Lost Customers
8225-BTJAU,1,2,2,122,Lost Customers
4635-EJYPD,5,3,2,532,Potential Loyalists
1866-ZSLJM,4,3,2,432,Potential Loyalists
4636-TVXVG,5,5,3,553,Potential Loyalists
4236-UJPWO,1,1,1,111,Lost Customers
9392-XBGTD,5,3,2,532,Potential Loyalists
3387-VATUS,1,1,2,112,Lost Customers
6402-SSEJG,3,3,3,333,Potential Loyalists
1143-NMNQJ,1,1,1,111,Lost Customers
1169-SAOCL,3,4,5,345,Loyal Customers
1110-KYLGQ,3,5,5,355,Loyal Customers
9929-PLVPA,3,1,1,311,About to Sleep
3518-PZXZQ,1,1,1,111,Lost Customers
2371-JUNGC,4,2,1,421,About to Sleep
7693-QPEFS,2,4,4,244,At Risk
0924-BJCRC,2,4,5,245,At Risk
5074-FBGHB,3,5,5,355,Loyal Customers
2351-BKRZW,5,4,4,544,Champions
4455-BFSPD,3,5,5,355,Loyal Customers
0415-MOSGF,2,1,1,211,Lost Customers
1724-BQUHA,1,1,2,112,Lost Customers
3948-KXDUF,5,5,4,554,Champions
2323-ARSVR,4,5,5,455,Champions
0815-MFZGM,4,4,4,444,Champions
4826-XTSOH,1,1,1,111,Lost Customers
5480-XTFFL,5,3,2,532,Potential Loyalists
8295-FHIVV,3,2,1,321,About to Sleep
2495-INZWQ,1,1,1,111,Lost Customers
9086-YJYXS,4,3,4,434,Loyal Customers
1179-INLAT,4,1,1,411,About to Sleep
7909-FIOIY,3,2,2,322,About to Sleep
4139-SUGLD,4,3,3,433,Potential Loyalists
6857-VWJDT,1,1,1,111,Lost Customers
6351-SCJKT,2,1,1,211,Lost Customers
5468-BPMMO,4,4,2,442,Potential Loyalists
5624-BQSSA,3,1,1,311,About to Sleep
0197-PNKNK,4,5,5,455,Champions
2439-QKJUL,3,1,1,311,About to Sleep
1194-SPVSP,3,1,1,311,About to Sleep
9534-NSXEM,4,3,2,432,Potential Loyalists
2408-WITXK,1,2,2,122,Lost Customers
8929-KSWIH,4,3,4,434,Loyal Customers
2250-IVBWA,3,5,5,355,Loyal Customers
1810-MVMAI,4,3,3,433,Potential Loyalists
9506-UXUSK,2,2,2,222,Lost Customers
1229-RCALF,3,5,5,355,Loyal Customers
3572-UOLYZ,3,4,4,344,Loyal Customers
1429-UYJSV,4,2,1,421,About to Sleep
5577-OTWWW,4,2,2,422,About to Sleep
6100-QQHEB,1,2,3,123,Lost Customers
6366-XIVKZ,3,2,2,322,About to Sleep
3470-OBUET,5,5,5,555,Champions
2770-NSVDG,2,3,2,232,At Risk
9375-MHRRS,3,1,2,312,About to Sleep
2634-HCZGT,4,4,4,444,Champions
7503-QQRVF,2,2,3,223,Lost Customers
4860-YZGZM,3,2,1,321,About to Sleep
6599-GZWCM,3,2,3,323,About to Sleep
2691-NZETQ,1,2,2,122,Lost Customers
4404-HIBDJ,4,3,3,433,Potential Loyalists
5533-NHFRF,1,2,2,122,Lost Customers
7037-MTYVW,4,3,4,434,Loyal Customers
4760-THGOT,2,4,4,244,At Risk
7295-JOMMD,1,1,2,112,Lost Customers
4016-BJKTZ,3,3,4,334,Loyal Customers
6584-VQMYT,5,3,3,533,Potential Loyalists
9838-BFCQT,5,5,3,553,Potential Loyalists
2790-XUYMV,4,5,5,455,Champions
0581-MDMPW,2,3,4,234,At Risk
5013-SBUIH,4,4,5,445,Champions
1023-BQXZE,4,4,4,444,Champions
9163-GHAYE,3,2,2,322,About to Sleep
3904-UKFRE,1,1,2,112,Lost Customers
5353-WILCI,4,3,3,433,Potential Loyalists
0709-TVGUR,1,2,2,122,Lost Customers
0058-EVZWM,2,4,5,245,At Risk
6023-YEBUP,1,1,2,112,Lost Customers
7209-JCUDS,1,2,3,123,Lost Customers
7009-PCARS,5,4,3,543,Potential Loyalists
0519-DRGTI,4,2,2,422,About to Sleep
1017-FBQMM,3,5,5,355,Loyal Customers
3001-CBHLQ,1,3,4,134,At Risk
1985-MBRYP,5,4,2,542,Potential Loyalists
6158-DWPZT,3,2,1,321,About to Sleep
9372-TXXPS,5,4,4,544,Champions
3259-QMXUN,4,4,5,445,Champions
1015-JPFYW,4,2,1,421,About to Sleep
6645-MXQJT,1,1,1,111,Lost Customers
4360-QRAVE,3,3,3,333,Potential Loyalists
8433-WPJTV,3,5,5,355,Loyal Customers
5804-JMYIO,5,3,2,532,Potential Loyalists
3763-GCZHZ,3,5,5,355,Loyal Customers
6484-LATFU,5,5,3,553,Potential Loyalists
7599-NTMDP,5,5,4,554,Champions
0772-GYEQQ,1,1,1,111,Lost Customers
0536-ACXIP,4,5,5,455,Champions
0936-NQLJU,5,4,2,542,Potential Loyalists
4831-EOBFE,3,3,4,334,Loyal Customers
1575-KRZZE,3,1,1,311,About to Sleep
3251-YMVWZ,5,4,3,543,Potential Loyalists
4102-OQUPX,1,1,1,111,Lost Customers
9170-GYZJC,4,4,4,444,Champions
4884-LEVMQ,5,3,2,532,Potential Loyalists
8857-CUPFQ,5,5,3,553,Potential Loyalists
7610-TVOPG,3,2,2,322,About to Sleep
3638-DIMPH,3,2,2,322,About to Sleep
1845-ZLLIG,2,1,1,211,Lost Customers
8559-WNQZS,4,1,1,411,About to Sleep
3999-QGRJH,1,2,2,122,Lost Customers
1699-UOTXU,5,4,4,544,Champions
2454-RPBRZ,1,2,3,123,Lost Customers
0635-WKOLD,4,3,4,434,Loyal Customers
5993-JSUWV,5,5,4,554,Champions
4518-FZBSX,5,4,2,542,Potential Loyalists
5387-ASZNZ,4,5,4,454,Champions
6988-CJEYV,2,4,5,245,At Risk
2002-MZHWP,3,1,1,311,About to Sleep
3097-FQTVJ,5,4,2,542,Potential Loyalists
5465-BUBFA,5,4,2,542,Potential Loyalists
7299-GNVPL,3,3,3,333,Potential Loyalists
9743-DQKQW,1,1,1,111,Lost Customers
1215-VFYVK,2,1,1,211,Lost Customers
9371-BITHB,5,4,3,543,Potential Loyalists
2265-CYWIV,1,1,2,112,Lost Customers
9093-FPDLG,1,2,3,123,Lost Customers
0541-FITGH,2,1,1,211,Lost Customers
6985-HAYWX,2,3,3,233,At Risk
7508-KBIMB,4,3,3,433,Potential Loyalists
6838-HVLXG,4,2,1,421,About to Sleep
2277-DJJDL,1,4,5,145,At Risk
1897-OKVMW,5,5,5,555,Champions
5485-ITNPC,5,5,5,555,Champions
0233-FTHAV,3,4,5,345,Loyal Customers
4644-PIZRT,3,2,3,323,About to Sleep
8922-NPKBJ,5,4,2,542,Potential Loyalists
2740-TVLFN,1,1,1,111,Lost Customers
7771-CFQRQ,5,4,4,544,Champions
9512-PHSMG,3,2,1,321,About to Sleep
6963-EZQEE,5,5,5,555,Champions
2452-KDRRH,2,5,5,255,At Risk
2004-OCQXK,1,1,1,111,Lost Customers
5027-QPKTE,1,2,2,122,Lost Customers
4146-SVFUD,2,1,1,211,Lost Customers
1564-HJUVY,2,1,1,211,Lost Customers
3617-XLSGQ,4,5,5,455,Champions
7517-LDMPS,1,2,3,123,Lost Customers
7244-KXYZN,5,3,2,532,Potential Loyalists
5226-NOZFC,2,3,4,234,At Risk
2672-HUYVI,1,1,2,112,Lost Customers
1400-WIVLL,3,4,5,345,Loyal Customers
7508-MYBOG,1,2,3,123,Lost Customers
8148-NLEGT,5,4,3,543,Potential Loyalists
0148-DCDOS,1,3,4,134,At Risk
8347-GDTMP,5,5,3,553,Potential Loyalists
9992-RRAMN,1,3,3,133,At Risk
6746-WAUWT,4,2,2,422,About to Sleep
0310-MVLET,2,5,5,255,At Risk
0428-IKYCP,2,3,3,233,At Risk
4550-VBOFE,2,5,5,255,At Risk
2187-PKZAY,2,2,3,223,Lost Customers
4003-OCTMP,4,3,3,433,Potential Loyalists
6652-YFFJO,2,2,2,222,Lost Customers
7225-IILWY,5,5,3,553,Potential Loyalists
5248-RPYWW,5,5,5,555,Champions
7923-IYJWY,4,5,5,455,Champions
3170-GWYKC,3,4,5,345,Loyal Customers
5696-QURRL,1,1,1,111,Lost Customers
7409-KIUTL,1,1,1,111,Lost Customers
9830-ECLEN,4,4,4,444,Champions
1732-VHUBQ,3,4,4,344,Loyal Customers
0495-RVCBF,1,1,1,111,Lost Customers
2668-TZSPS,3,1,1,311,About to Sleep
7854-EDSSA,3,3,3,333,Potential Loyalists
8869-TORSS,4,4,4,444,Champions
7446-SFAOA,4,3,2,432,Potential Loyalists
9522-ZSINC,4,2,1,421,About to Sleep
8234-GSZYK,5,4,3,543,Potential Loyalists
6505-OZNPG,4,1,2,412,About to Sleep
6164-HAQTX,5,5,4,554,Champions
0679-IDSTG,1,1,1,111,Lost Customers
7765-LWVVH,4,5,5,455,Champions
1658-TJVOA,1,1,2,112,Lost Customers
0953-LGOVU,3,2,2,322,About to Sleep
2115-BFTIW,3,3,3,333,Potential Loyalists
4692-NNQRU,3,3,3,333,Potential Loyalists
7742-MYPGI,3,1,2,312,About to Sleep
0611-DFXKO,1,2,3,123,Lost Customers
7780-OTDSO,1,2,3,123,Lost Customers
9619-GSATL,4,4,4,444,Champions
5622-UEJFI,5,3,3,533,Potential Loyalists
9747-DDZOS,1,1,1,111,Lost Customers
0674-DGMAQ,1,3,4,134,At Risk
6203-HBZPA,5,4,4,544,Champions
0484-FFVBJ,3,3,3,333,Potential Loyalists
0301-FIDRB,5,5,5,555,Champions
4139-JPIAM,3,4,4,344,Loyal Customers
2181-TIDSV,5,5,3,553,Potential Loyalists
2761-XECQW,2,2,2,222,Lost Customers
1936-CZAKF,4,4,4,444,Champions
9453-PATOS,5,5,5,555,Champions
0564-JJHGS,1,2,2,122,Lost Customers
3348-CFRNX,2,3,4,234,At Risk
4402-FTBXC,3,4,5,345,Loyal Customers
1428-GTBJJ,2,2,2,222,Lost Customers
2931-XIQBR,3,4,5,345,Loyal Customers
0106-UGRDO,4,5,5,455,Champions
5542-TBBWB,1,1,1,111,Lost Customers
1930-QPBVZ,5,5,5,555,Champions
2606-PKWJB,5,3,3,533,Potential Loyalists
5322-ZSMZY,5,3,2,532,Potential Loyalists
8059-UDZFY,2,3,4,234,At Risk
7740-BTPUX,3,4,5,345,Loyal Customers
5220-AGAAX,5,5,3,553,Potential Loyalists
0208-BPQEJ,4,2,1,421,About to Sleep
9435-JMLSX,5,5,5,555,Champions
3352-ALMCK,2,3,4,234,At Risk
5312-IRCFR,3,5,5,355,Loyal Customers
5294-IMHHT,3,4,5,345,Loyal Customers
8802-UNOJF,2,2,3,223,Lost Customers
6313-GIDIT,2,4,4,244,At Risk
6176-YJWAS,4,5,5,455,Champions
5310-NOOVA,5,4,2,542,Potential Loyalists
4526-EXKKN,5,3,3,533,Potential Loyalists
5311-IHLEI,3,2,2,322,About to Sleep
3987-KQDDU,2,2,2,222,Lost Customers
3404-JNXAX,2,4,4,244,At Risk
5131-PONJI,3,4,5,345,Loyal Customers
2845-AFFTX,1,4,4,144,At Risk
3489-VSFRD,4,4,4,444,Champions
3345-JHUEO,2,1,1,211,Lost Customers
5815-HGGHV,4,2,3,423,About to Sleep
5260-UMPWX,4,3,2,432,Potential Loyalists
2249-YPRNG,1,2,4,124,Lost Customers
7410-YTJIK,2,2,2,222,Lost Customers
4626-GYCZP,1,2,2,122,Lost Customers
5649-RXQTV,2,4,5,245,At Risk
2674-MIAHT,1,1,2,112,Lost Customers
2576-HXMPA,3,1,1,311,About to Sleep
7587-AOVVU,3,3,4,334,Loyal Customers
5590-BYNII,1,3,4,134,At Risk
6898-MDLZW,3,2,2,322,About to Sleep
3237-AJGEH,2,1,1,211,Lost Customers
4707-YNOQA,4,3,2,432,Potential Loyalists
9357-UJRUN,4,3,3,433,Potential Loyalists
1591-NFNLQ,3,4,4,344,Loyal Customers
8648-PFRMP,1,2,2,122,Lost Customers
7663-CUXZB,4,4,5,445,Champions
0258-NOKBL,1,1,2,112,Lost Customers
1163-VIPRI,4,5,5,455,Champions
2815-CPTUL,1,1,2,112,Lost Customers
9348-ROUAI,5,4,5,545,Champions
9443-JUBUO,5,5,5,555,Champions
0596-BQCEQ,2,5,5,255,At Risk
1481-ZUWZA,2,3,4,234,At Risk
3043-TYBNO,2,1,1,211,Lost Customers
4830-FAXFM,4,2,2,422,About to Sleep
5906-BFOZT,2,1,1,211,Lost Customers
2960-NKRSO,2,3,4,234,At Risk
8996-ZROXE,4,4,4,444,Champions
5598-IKHQQ,5,5,3,553,Potential Loyalists
0397-ZXWQF,5,5,3,553,Potential Loyalists
5266-PFRQK,5,4,3,543,Potential Loyalists
4674-HGNUA,5,5,5,555,Champions
6765-MBQNU,4,3,2,432,Potential Loyalists
9786-IJYDL,4,3,4,434,Loyal Customers
1303-SRDOK,4,4,4,444,Champions
3769-MHZNV,5,3,2,532,Potential Loyalists
6295-OSINB,4,5,5,455,Champions
3308-MHOOC,2,1,1,211,Lost Customers
2309-OSFEU,2,2,2,222,Lost Customers
2207-QPJED,2,3,4,234,At Risk
4177-JPDFU,3,2,2,322,About to Sleep
2239-CFOUJ,3,1,1,311,About to Sleep
8046-DNVTL,5,5,4,554,Champions
2209-XADXF,1,1,1,111,Lost Customers
6620-JDYNW,3,2,3,323,About to Sleep
1891-FZYSA,2,5,5,255,At Risk
4770-UEZOX,1,1,1,111,Lost Customers
1038-RQOST,4,2,2,422,About to Sleep
7613-LLQFO,1,2,3,123,Lost Customers
4568-TTZRT,4,2,1,421,About to Sleep
9513-DXHDA,4,3,4,434,Loyal Customers
2640-PMGFL,2,3,4,234,At Risk
3801-HMYNL,1,1,1,111,Lost Customers
0516-QREYC,4,3,2,432,Potential Loyalists
9685-WKZGT,1,2,3,123,Lost Customers
6022-UGGSO,2,3,4,234,At Risk
8084-OIVBS,4,2,1,421,About to Sleep
8896-BQTTI,2,1,1,211,Lost Customers
3865-QBWSJ,3,3,4,334,Loyal Customers
3352-RICWQ,5,2,1,521,About to Sleep
2160-GPFXD,5,4,4,544,Champions
2065-MMKGR,3,3,4,334,Loyal Customers
5857-TYBCJ,1,4,4,144,At Risk
1498-NHTLT,5,4,5,545,Champions
4484-CGXFK,1,1,1,111,Lost Customers
1402-PTHGN,4,2,3,423,About to Sleep
4176-RELJR,5,5,3,553,Potential Loyalists
6214-EDAKZ,3,3,3,333,Potential Loyalists
5199-FPUSP,4,3,3,433,Potential Loyalists
6377-KSLXC,3,1,1,311,About to Sleep
1796-JANOW,3,1,1,311,About to Sleep
0238-WHBIQ,5,5,5,555,Champions
8735-NBLWT,4,2,1,421,About to Sleep
6651-RLGGM,5,5,3,553,Potential Loyalists
6127-ISGTU,1,2,3,123,Lost Customers
1614-JBEBI,3,2,1,321,About to Sleep
8740-XLHDR,3,1,1,311,About to Sleep
1208-DNHLN,3,3,3,333,Potential Loyalists
1761-AEZZR,1,1,1,111,Lost Customers
3923-CSIHK,2,4,4,244,At Risk
5696-EXCYS,5,2,2,522,About to Sleep
5795-KTGUD,4,5,5,455,Champions
7120-RFMVS,1,1,1,111,Lost Customers
7924-GJZFI,2,3,3,233,At Risk
4702-HDRKD,4,5,4,454,Champions
8512-WIWYV,5,3,2,532,Potential Loyalists
5897-ZYEKH,3,5,5,355,Loyal Customers
5456-ITGIC,5,5,5,555,Champions
7317-GGVPB,4,5,5,455,Champions
1406-PUQVY,1,1,1,111,Lost Customers
1322-AGOQM,3,4,3,343,Potential Loyalists
3677-IYRBF,1,1,1,111,Lost Customers
5692-FPTAH,1,1,1,111,Lost Customers
9114-AAFQH,4,4,4,444,Champions
8715-KKTFG,3,5,5,355,Loyal Customers
1550-LOAHA,3,3,4,334,Loyal Customers
1728-BQDMA,2,1,1,211,Lost Customers
0268-QKIWO,3,1,1,311,About to Sleep
0876-WDUUZ,1,1,2,112,Lost Customers
5117-ZSMHQ,5,5,5,555,Champions
5151-HQRDG,3,3,3,333,Potential Loyalists
0960-HUWBM,4,5,5,455,Champions
6465-GSRCL,3,5,5,355,Loyal Customers
0617-FHSGK,3,4,4,344,Loyal Customers
0263-FJTQO,5,4,4,544,Champions
7319-ZNRTR,4,3,2,432,Potential Loyalists
2858-MOFSQ,3,2,2,322,About to Sleep
7503-EPSZW,5,5,3,553,Potential Loyalists
7089-XXAYG,3,3,3,333,Potential Loyalists
8118-LSUEL,1,3,4,134,At Risk
8070-AAWZP,3,3,2,332,Potential Loyalists
1666-JXLKU,1,3,4,134,At Risk
7855-DIWPO,2,3,3,233,At Risk
5133-POWUA,1,1,1,111,Lost Customers
5652-MSDEY,1,2,2,122,Lost Customers
7005-CCBKV,1,1,2,112,Lost Customers
1810-BOHSY,3,4,5,345,Loyal Customers
1784-BXEFA,3,2,1,321,About to Sleep
7351-MHQVU,3,1,2,312,About to Sleep
9224-VTYID,5,4,4,544,Champions
9500-IWPXQ,4,5,5,455,Champions
5762-TJXGK,4,4,4,444,Champions
4504-YOULA,4,3,4,434,Loyal Customers
5569-IDSEY,3,5,5,355,Loyal Customers
4250-FDVOU,3,1,2,312,About to Sleep
7284-ZZLOH,5,4,4,544,Champions
5277-ZLOOR,1,1,1,111,Lost Customers
2141-RRYGO,2,1,1,211,Lost Customers
1777-JYQPJ,1,1,1,111,Lost Customers
6376-GAHQE,1,1,2,112,Lost Customers
3401-URHDA,4,4,4,444,Champions
1599-EAHXY,5,4,3,543,Potential Loyalists
8631-XVRZL,4,2,1,421,About to Sleep
5052-PNLOS,1,1,2,112,Lost Customers
3853-LYGAM,2,2,3,223,Lost Customers
6979-ZNSFF,1,2,2,122,Lost Customers
5751-USDBL,5,4,4,544,Champions
5680-LQOGP,5,5,5,555,Champions
2386-LAHRK,1,1,1,111,Lost Customers
8189-DUKMV,4,1,1,411,About to Sleep
6032-IGALN,1,1,1,111,Lost Customers
9931-DCEZH,4,3,3,433,Potential Loyalists
1898-JSNDC,4,3,4,434,Loyal Customers
0315-LVCRK,1,2,2,122,Lost Customers
3911-RSNHI,4,5,4,454,Champions
2410-CIYFZ,3,1,1,311,About to Sleep
4248-HCETZ,2,3,4,234,At Risk
5505-OVWQW,4,2,2,422,About to Sleep
7271-AJDTL,2,4,5,245,At Risk
1867-TJHTS,3,4,5,345,Loyal Customers
0516-WJVXC,3,1,2,312,About to Sleep
9174-FKWZE,2,1,1,211,Lost Customers
6860-YRJZP,1,2,2,122,Lost Customers
4429-WYGFR,4,3,3,433,Potential Loyalists
2817-LVCPP,5,4,3,543,Potential Loyalists
5038-ETMLM,4,5,5,455,Champions
5056-FIMPT,4,4,5,445,Champions
4521-WFJAI,5,4,3,543,Potential Loyalists
6569-KTMDU,3,1,1,311,About to Sleep
8809-RIHDD,3,5,5,355,Loyal Customers
8809-XKHMD,4,5,5,455,Champions
0396-YCHWO,1,3,4,134,At Risk
0867-LDTTC,2,1,2,212,Lost Customers
4822-NGOCH,1,2,3,123,Lost Customers
9391-DXGGG,3,4,4,344,Loyal Customers
9844-FELAJ,3,5,5,355,Loyal Customers
2122-SZZZD,5,4,2,542,Potential Loyalists
5307-DZCVC,2,3,4,234,At Risk
3148-AOIQT,5,5,3,553,Potential Loyalists
8679-JOEVF,3,2,3,323,About to Sleep
8395-ETZKQ,5,5,3,553,Potential Loyalists
6692-YQHXC,2,2,3,223,Lost Customers
3889-VWBID,5,5,5,555,Champions
5222-JCXZT,3,1,1,311,About to Sleep
9754-CLVZW,4,3,3,433,Potential Loyalists
1432-FPAXX,3,3,2,332,Potential Loyalists
2739-CCZMB,4,1,1,411,About to Sleep
7080-TNUWP,3,5,5,355,Loyal Customers
0496-AHOOK,4,3,3,433,Potential Loyalists
8336-TAVKX,5,5,5,555,Champions
2468-SJFLM,1,1,1,111,Lost Customers
3181-VTHOE,4,5,4,454,Champions
7168-HDQHG,4,3,2,432,Potential Loyalists
4803-AXVYP,1,3,4,134,At Risk
3884-HCSWG,2,2,3,223,Lost Customers
4567-AKPIA,3,4,4,344,Loyal Customers
5077-DXTCG,1,1,1,111,Lost Customers
1142-WACZW,2,1,1,211,Lost Customers
7901-HXJVA,2,2,3,223,Lost Customers
5649-ANRML,1,1,1,111,Lost Customers
4892-VLANZ,3,1,1,311,About to Sleep
5924-IFQTT,2,2,2,222,Lost Customers
7968-QUXNS,3,1,1,311,About to Sleep
2919-HBCJO,1,1,2,112,Lost Customers
4236-XPXAV,1,1,2,112,Lost Customers
8903-WMRNW,2,2,3,223,Lost Customers
2452-SNHFZ,3,4,4,344,Loyal Customers
3629-WEAAM,3,2,2,322,About to Sleep
6029-CSMJE,2,2,2,222,Lost Customers
7993-NQLJE,3,2,3,323,About to Sleep
9909-DFRJA,3,3,4,334,Loyal Customers
9099-FTUHS,3,3,3,333,Potential Loyalists
0581-BXBUB,1,1,2,112,Lost Customers
4962-CHQPW,5,3,2,532,Potential Loyalists
9467-ROOLM,4,3,2,432,Potential Loyalists
3030-YZADT,3,2,2,322,About to Sleep
7410-KTVFV,3,2,2,322,About to Sleep
5150-ITWWB,1,1,2,112,Lost Customers
2253-KPMNB,5,5,4,554,Champions
1345-ZUKID,4,2,2,422,About to Sleep
6429-SHBCB,2,2,3,223,Lost Customers
9281-OFDMF,2,3,4,234,At Risk
2603-HVKCG,2,3,4,234,At Risk
1834-WULEG,5,3,2,532,Potential Loyalists
9097-ZUBYC,3,2,2,322,About to Sleep
5148-ORICT,5,5,5,555,Champions
4893-GYUJU,5,4,3,543,Potential Loyalists
4578-PHJYZ,4,4,4,444,Champions
7272-QDCKA,2,3,4,234,At Risk
8908-SLFCJ,5,3,2,532,Potential Loyalists
8393-DLHGA,2,3,4,234,At Risk
9766-HGEDE,4,2,2,422,About to Sleep
6968-MHOMU,3,4,4,344,Loyal Customers
7395-IGJOS,2,2,3,223,Lost Customers
5044-XDPYX,5,4,3,543,Potential Loyalists
1814-WFGVS,5,5,4,554,Champions
2834-SPCJV,3,4,4,344,Loyal Customers
3721-WKIIL,5,3,2,532,Potential Loyalists
6734-CKRSM,3,1,1,311,About to Sleep
1265-ZFOSD,5,5,5,555,Champions
6568-POCUI,4,4,4,444,Champions
7890-VYYWG,1,1,1,111,Lost Customers
5197-LQXXH,4,5,5,455,Champions
9907-SWKKF,1,1,1,111,Lost Customers
3457-PQBYH,5,4,3,543,Potential Loyalists
7682-AZNDK,2,3,4,234,At Risk
0587-DMGBH,2,2,2,222,Lost Customers
5384-ZTTWP,4,2,2,422,About to Sleep
3745-HRPHI,5,5,4,554,Champions
7636-OWBPG,2,2,2,222,Lost Customers
1231-YNDEK,5,4,3,543,Potential Loyalists
1407-DIGZV,4,1,1,411,About to Sleep
6397-JNZZG,3,4,4,344,Loyal Customers
0570-BFQHT,2,2,2,222,Lost Customers
4393-OBCRR,4,1,1,411,About to Sleep
3523-QRQLL,3,3,3,333,Potential Loyalists
8564-LDKFL,2,3,4,234,At Risk
3696-DFHHB,5,5,3,553,Potential Loyalists
0895-DQHEW,1,4,5,145,At Risk
4717-GHADL,4,4,4,444,Champions
5501-TVMGM,1,1,1,111,Lost Customers
5879-HMFFH,5,5,5,555,Champions
6772-WFQRD,5,3,2,532,Potential Loyalists
3810-DVDQQ,4,5,5,455,Champions
6972-SNKKW,3,1,1,311,About to Sleep
3694-GLTJM,3,1,1,311,About to Sleep
8550-XSXUQ,4,4,4,444,Champions
8149-RSOUN,1,1,1,111,Lost Customers
9055-MOJJJ,5,5,4,554,Champions
4359-INNWN,4,2,2,422,About to Sleep
0585-EGDDA,2,3,4,234,At Risk
4032-RMHCI,4,4,3,443,Potential Loyalists
0549-CYCQN,3,4,4,344,Loyal Customers
3481-JHUZH,2,4,4,244,At Risk
7250-EQKIY,2,1,1,211,Lost Customers
3594-IVHJZ,3,1,1,311,About to Sleep
6869-FGJJC,4,5,5,455,Champions
3896-ZVNET,5,3,2,532,Potential Loyalists
8205-VSLRB,5,5,5,555,Champions
5960-MVTUK,1,1,1,111,Lost Customers
6817-WTYHE,2,1,1,211,Lost Customers
3082-VQXNH,2,1,1,211,Lost Customers
4013-UBXWQ,1,2,2,122,Lost Customers
4931-TRZWN,2,2,2,222,Lost Customers
0750-EKNGL,3,2,1,321,About to Sleep
7669-LCRSD,3,2,2,322,About to Sleep
3567-PQTSO,2,4,5,245,At Risk
5519-NPHVG,1,2,3,123,Lost Customers
8043-PNYSD,5,5,3,553,Potential Loyalists
9938-EKRGF,3,2,3,323,About to Sleep
2703-AMTUL,5,3,3,533,Potential Loyalists
0928-JMXNP,1,1,1,111,Lost Customers
8173-RXAYP,5,3,2,532,Potential Loyalists
4825-XJGDM,5,5,4,554,Champions
5402-HTOTQ,3,2,2,322,About to Sleep
6734-JDTTV,5,5,3,553,Potential Loyalists
7850-THJMU,5,3,2,532,Potential Loyalists
3890-RTCMS,3,2,2,322,About to Sleep
8849-GYOKR,3,4,5,345,Loyal Customers
3148-BLQJT,3,1,1,311,About to Sleep
3717-FDJFU,5,1,1,511,About to Sleep
3665-JATSN,2,2,2,222,Lost Customers
7966-YOTQW,3,2,2,322,About to Sleep
0461-CVKMU,3,3,3,333,Potential Loyalists
8806-EAGWC,2,1,1,211,Lost Customers
8853-TZDGH,4,5,5,455,Champions
7779-LGOVN,1,2,2,122,Lost Customers
4324-BZCKL,3,2,2,322,About to Sleep
6924-TDGMT,4,2,1,421,About to Sleep
9710-ZUSHQ,2,3,4,234,At Risk
1536-YHDOE,4,2,3,423,About to Sleep
8123-QBNAZ,2,3,4,234,At Risk
3629-ZNKXA,1,2,3,123,Lost Customers
4827-LTQRJ,3,5,5,355,Loyal Customers
7711-YIJWC,5,5,5,555,Champions
5482-VXSXJ,2,3,4,234,At Risk
7365-BVCJH,1,1,1,111,Lost Customers
9620-ENEJV,2,1,2,212,Lost Customers
4183-WCSEP,2,3,4,234,At Risk
2378-YIZKA,5,5,5,555,Champions
5498-TXHLF,2,3,4,234,At Risk
0689-DSXGL,3,4,4,344,Loyal Customers
6818-DJXAA,2,2,3,223,Lost Customers
9722-UJOJR,2,3,3,233,At Risk
0464-WJTKO,5,5,3,553,Potential Loyalists
8902-ZEOVF,5,4,3,543,Potential Loyalists
6778-EICRF,4,3,3,433,Potential Loyalists
2662-NNTDK,5,5,3,553,Potential Loyalists
4132-KALRO,1,1,2,112,Lost Customers
3902-FOIGH,1,2,3,123,Lost Customers
6772-KSATR,1,1,1,111,Lost Customers
7112-OPOTK,2,3,4,234,At Risk
2874-YXVVA,2,3,4,234,At Risk
1245-HARPS,5,2,2,522,About to Sleep
4210-QFJMF,1,1,2,112,Lost Customers
4323-ELYYB,4,2,1,421,About to Sleep
4293-ETKAP,5,5,5,555,Champions
6064-PUPMC,5,3,3,533,Potential Loyalists
6504-VBLFL,5,4,4,544,Champions
6322-PJJDJ,3,4,5,345,Loyal Customers
0330-BGYZE,3,4,5,345,Loyal Customers
1085-LDWAM,5,5,3,553,Potential Loyalists
7586-ZATGZ,2,3,4,234,At Risk
7197-VOJMM,5,5,5,555,Champions
3318-OSATS,1,3,4,134,At Risk
5828-AVIPD,2,2,3,223,Lost Customers
1843-TLSGD,5,2,2,522,About to Sleep
9626-VFRGG,2,4,4,244,At Risk
7075-BNDVQ,2,1,1,211,Lost Customers
9143-CANJF,4,3,3,433,Potential Loyalists
7284-BUYEC,1,1,1,111,Lost Customers
2041-JIJCI,1,1,2,112,Lost Customers
1086-LXKFY,1,1,1,111,Lost Customers
4900-MSOMT,5,5,5,555,Champions
2229-VWQJH,3,3,3,333,Potential Loyalists
9194-GFVOI,5,4,4,544,Champions
1336-EZFZY,3,1,1,311,About to Sleep
4282-MSACW,3,5,5,355,Loyal Customers
1403-LKLIK,5,3,2,532,Potential Loyalists
2636-ALXXZ,1,1,1,111,Lost Customers
7774-OJSXI,2,3,4,234,At Risk
7786-WBJYI,1,1,2,112,Lost Customers
0136-IFMYD,3,5,5,355,Loyal Customers
5144-TVGLP,1,3,4,134,At Risk
9643-AVVWI,1,1,1,111,Lost Customers
0253-ZTEOB,4,4,4,444,Champions
2706-QZIHY,5,2,2,522,About to Sleep
6061-PQHMK,5,3,2,532,Potential Loyalists
9885-CSMWE,1,1,1,111,Lost Customers
6137-MFAJN,3,4,4,344,Loyal Customers
9122-UMROB,3,1,1,311,About to Sleep
4232-JGKIY,2,1,1,211,Lost Customers
2402-TAIRZ,3,3,4,334,Loyal Customers
9659-ZTWSM,3,5,5,355,Loyal Customers
9139-TWBAS,4,3,3,433,Potential Loyalists
6685-GBWJZ,5,5,4,554,Champions
5016-ETTFF,2,2,1,221,Lost Customers
3866-MDTUB,1,1,1,111,Lost Customers
2195-VVRJF,3,2,3,323,About to Sleep
3913-RDSJZ,5,5,3,553,Potential Loyalists
8058-JMEQO,1,2,2,122,Lost Customers
4203-QGNZA,4,3,2,432,Potential Loyalists
5043-TRZWM,1,1,1,111,Lost Customers
0697-ZMSWS,1,1,2,112,Lost Customers
7657-DYEPJ,4,3,4,434,Loyal Customers
9494-BDNNC,3,5,5,355,Loyal Customers
1640-PLFMP,1,1,1,111,Lost Customers
5366-OBVMR,3,2,2,322,About to Sleep
8276-MQBYC,1,4,5,145,At Risk
7644-OMVMY,3,1,1,311,About to Sleep
7593-XFKDI,2,1,1,211,Lost Customers
4573-JKNAE,5,2,1,521,About to Sleep
0337-CNPZE,1,4,4,144,At Risk
9817-APLHW,3,2,2,322,About to Sleep
8380-MQINP,5,4,3,543,Potential Loyalists
0840-DFEZH,1,2,2,122,Lost Customers
1513-XNPPH,1,2,3,123,Lost Customers
8690-ZVLCL,5,5,5,555,Champions
6015-VVHHE,1,1,2,112,Lost Customers
1125-SNVCK,4,4,4,444,Champions
0384-LPITE,4,3,4,434,Loyal Customers
4616-EWBNJ,4,2,2,422,About to Sleep
6347-DCUIK,1,2,2,122,Lost Customers
1335-HQMKX,2,5,5,255,At Risk
2545-EBUPK,1,1,1,111,Lost Customers
6923-AQONU,5,3,2,532,Potential Loyalists
2172-EJXVF,2,5,5,255,At Risk
0897-FEGMU,1,2,3,123,Lost Customers
7663-RGWBC,1,1,1,111,Lost Customers
1120-BMWUB,3,2,2,322,About to Sleep
9124-LHCJQ,1,1,1,111,Lost Customers
4536-PLEQY,2,2,3,223,Lost Customers
7029-IJEJK,4,4,4,444,Champions
8871-JLMHM,5,5,5,555,Champions
2235-ZGKPT,2,1,1,211,Lost Customers
3891-PUQOD,1,1,1,111,Lost Customers
5447-VYTKW,4,3,3,433,Potential Loyalists
3623-FQBOX,4,3,2,432,Potential Loyalists
0689-NKYLF,1,2,3,123,Lost Customers
8659-HDIYE,4,5,5,455,Champions
3658-KIBGF,2,1,1,211,Lost Customers
3474-BAFSJ,4,4,4,444,Champions
5519-YLDGW,1,3,4,134,At Risk
3865-ZFZIB,5,2,2,522,About to Sleep
1855-AGAWH,2,3,4,234,At Risk
7109-CQYUZ,4,4,5,445,Champions
1370-GGAWX,2,4,4,244,At Risk
4680-KUTAJ,2,2,2,222,Lost Customers
5307-UVGNB,3,4,4,344,Loyal Customers
4946-EDSEW,3,2,1,321,About to Sleep
2883-ILGWO,2,4,5,245,At Risk
2516-VQRRV,1,1,1,111,Lost Customers
7580-UGXNC,2,1,1,211,Lost Customers
3642-BYHDO,5,5,3,553,Potential Loyalists
9629-NHXFW,2,1,1,211,Lost Customers
2696-RZVZW,5,5,3,553,Potential Loyalists
5766-FTRTS,5,5,5,555,Champions
0396-HUJBP,3,1,1,311,About to Sleep
5178-LMXOP,1,1,1,111,Lost Customers
8879-ZKJOF,4,4,4,444,Champions
6285-FTQBF,5,5,3,553,Potential Loyalists
8185-UPYBR,1,1,2,112,Lost Customers
4585-HETAI,1,1,2,112,Lost Customers
7526-BEZQB,1,2,3,123,Lost Customers
1474-JUWSM,4,4,4,444,Champions
3530-CRZSB,4,2,1,421,About to Sleep
8498-XXGWA,4,5,4,454,Champions
9617-INGJY,1,1,1,111,Lost Customers
0621-TSSMU,5,4,3,543,Potential Loyalists
7234-KMNRQ,3,1,1,311,About to Sleep
7636-PEPNS,4,4,4,444,Champions
4683-WYDOU,4,5,5,455,Champions
9052-DHNKM,4,3,3,433,Potential Loyalists
6794-HKIAJ,3,5,5,355,Loyal Customers
5578-NKCXI,4,4,5,445,Champions
1642-HMARX,5,5,5,555,Champions
3096-WPXBT,4,5,5,455,Champions
8434-PNQZX,4,4,4,444,Champions
5950-AAAGJ,2,2,3,223,Lost Customers
4299-OPXEJ,5,4,3,543,Potential Loyalists
4951-UKAAQ,1,1,2,112,Lost Customers
9618-LFJRU,3,1,1,311,About to Sleep
6693-DJWTY,5,3,3,533,Potential Loyalists
0744-GKNGE,3,5,5,355,Loyal Customers
6447-EGDIV,5,3,2,532,Potential Loyalists
1167-OYZJF,5,5,3,553,Potential Loyalists
2108-YKQTY,2,1,1,211,Lost Customers
4806-DXQCE,4,5,5,455,Champions
4918-QLLIW,2,1,1,211,Lost Customers
7056-IMHCC,1,4,5,145,At Risk
4854-SSLTN,4,1,1,411,About to Sleep
5294-DMSFH,2,3,4,234,At Risk
4837-PZTIC,5,4,3,543,Potential Loyalists
1625-JAIIY,3,5,5,355,Loyal Customers
0603-OLQDC,3,2,2,322,About to Sleep
3272-VUHPV,3,2,2,322,About to Sleep
4176-FXYBO,2,4,5,245,At Risk
1063-DHQJF,5,5,5,555,Champions
8663-UPDGF,3,3,3,333,Potential Loyalists
6719-FGEDO,5,5,5,555,Champions
1837-YQUCE,5,5,4,554,Champions
2947-DOMLJ,2,1,1,211,Lost Customers
4112-LUEIZ,1,2,2,122,Lost Customers
0369-ZGOVK,3,3,3,333,Potential Loyalists
4510-HIMLV,1,1,1,111,Lost Customers
9919-KNPOO,1,3,3,133,At Risk
8749-JMNKX,2,4,5,245,At Risk
7872-BAAZR,5,4,3,543,Potential Loyalists
9391-LMANN,4,4,5,445,Champions
2430-USGXP,1,3,4,134,At Risk
8174-TBVCF,5,5,5,555,Champions
1698-XFZCI,3,5,5,355,Loyal Customers
1877-HKBQX,4,2,2,422,About to Sleep
4450-DLLMH,1,1,1,111,Lost Customers
0428-AXXLJ,4,3,2,432,Potential Loyalists
2746-DIJLO,4,4,4,444,Champions
5955-ERIHD,1,2,3,123,Lost Customers
0917-EZOLA,3,5,5,355,Loyal Customers
3508-VLHCZ,5,5,5,555,Champions
4086-ATNFV,4,3,3,433,Potential Loyalists
0468-YRPXN,2,3,4,234,At Risk
5996-NRVXR,3,3,4,334,Loyal Customers
3739-YBWAB,4,3,3,433,Potential Loyalists
7047-FWEYA,2,4,5,245,At Risk
2000-MPKCA,3,4,5,345,Loyal Customers
9762-YAQAA,3,3,4,334,Loyal Customers
5949-EBSQK,3,1,1,311,About to Sleep
5473-KHBPS,3,4,5,345,Loyal Customers
0100-DUVFC,2,5,5,255,At Risk
5397-TUPSH,3,5,5,355,Loyal Customers
8950-MTZNV,1,1,1,111,Lost Customers
0326-VDYXE,2,5,5,255,At Risk
6773-LQTVT,3,3,3,333,Potential Loyalists
7274-RTAPZ,1,1,1,111,Lost Customers
0436-TWFFZ,5,5,5,555,Champions
8566-YPRGL,2,1,1,211,Lost Customers
0311-UNPFF,2,3,4,234,At Risk
6609-MXJHJ,5,3,2,532,Potential Loyalists
2669-OIDSD,2,4,5,245,At Risk
8400-WZICQ,4,4,4,444,Champions
3834-XUIFC,1,2,2,122,Lost Customers
9576-SYUHJ,2,3,4,234,At Risk
0410-IPFTY,2,3,4,234,At Risk
2831-EBWRN,2,1,1,211,Lost Customers
9430-NKQLY,5,5,3,553,Potential Loyalists
8414-MYSHR,1,1,2,112,Lost Customers
0247-SLUJI,3,1,1,311,About to Sleep
9402-ORRAH,1,2,3,123,Lost Customers
6483-OATDN,3,2,2,322,About to Sleep
1293-HHSHJ,5,3,2,532,Potential Loyalists
4840-ORQXB,2,4,5,245,At Risk
7599-FKVXZ,2,4,5,245,At Risk
3982-DQLUS,3,5,5,355,Loyal Customers
8610-ZIKJJ,4,1,1,411,About to Sleep
3756-VNWDH,3,5,5,355,Loyal Customers
7801-KICAO,1,2,3,123,Lost Customers
7673-LPRNY,3,3,3,333,Potential Loyalists
8229-TNIQA,2,1,1,211,Lost Customers
6060-QBMGV,5,5,3,553,Potential Loyalists
7339-POGZN,2,1,1,211,Lost Customers
2828-SLQPF,3,2,2,322,About to Sleep
4465-VDKIQ,2,2,3,223,Lost Customers
2921-XWDJH,2,3,4,234,At Risk
6221-AVQYL,1,1,1,111,Lost Customers
2558-BUOZZ,3,4,5,345,Loyal Customers
9257-AZMTZ,5,4,3,543,Potential Loyalists
0003-MKNFE,2,2,2,222,Lost Customers
0975-UYDTX,4,3,4,434,Loyal Customers
7743-EXURX,2,2,2,222,Lost Customers
4682-BLBUC,4,4,4,444,Champions
0975-VOOVL,2,1,1,211,Lost Customers
5968-VXZLG,2,1,1,211,Lost Customers
5569-KGJHX,1,2,2,122,Lost Customers
4988-IQIGL,1,1,1,111,Lost Customers
5201-FRKKS,3,3,3,333,Potential Loyalists
9799-CAYJJ,1,1,1,111,Lost Customers
7730-IUTDZ,3,4,4,344,Loyal Customers
0426-TIRNE,3,1,1,311,About to Sleep
5443-SCMKX,2,4,5,245,At Risk
8295-KMENE,5,4,5,545,Champions
6738-ISCBM,3,4,4,344,Loyal Customers
9821-BESNZ,3,5,5,355,Loyal Customers
3678-MNGZX,5,5,3,553,Potential Loyalists
1335-NTIUC,2,2,1,221,Lost Customers
2916-BQZLN,2,2,3,223,Lost Customers
4558-CGYCZ,3,1,1,311,About to Sleep
2368-GAKKQ,4,5,5,455,Champions
8710-YGLWG,1,1,1,111,Lost Customers
3199-XGZCY,1,2,2,122,Lost Customers
3785-KTYSH,5,4,3,543,Potential Loyalists
6814-ZPWFQ,5,4,3,543,Potential Loyalists
4063-EIKNQ,4,2,2,422,About to Sleep
6993-YCOBK,4,4,5,445,Champions
5206-HPJKM,3,2,2,322,About to Sleep
7587-RZNME,2,1,1,211,Lost Customers
0748-RDGGM,4,5,5,455,Champions
8393-JMVMB,3,1,1,311,About to Sleep
5019-GQVCR,1,4,4,144,At Risk
6036-TTFYU,4,2,2,422,About to Sleep
2550-AEVRU,4,4,4,444,Champions
0969-RGKCU,5,3,2,532,Potential Loyalists
0378-CJKPV,4,5,5,455,Champions
4706-AXVKM,1,2,2,122,Lost Customers
5889-JTMUL,2,4,5,245,At Risk
9026-RNUJS,2,1,1,211,Lost Customers
3746-EUBYR,1,1,1,111,Lost Customers
2332-EFBJY,4,2,2,422,About to Sleep
2880-FPNAE,1,1,1,111,Lost Customers
1703-MGIAB,3,2,3,323,About to Sleep
4311-QTTAI,4,2,2,422,About to Sleep
9474-PHLYD,2,2,2,222,Lost Customers
4318-RAJVY,4,2,1,421,About to Sleep
2165-VOEGB,4,4,5,445,Champions
3612-YUNGG,4,5,5,455,Champions
2254-DLXRI,1,1,1,111,Lost Customers
5062-CJJKH,4,3,3,433,Potential Loyalists
9028-LIHRP,5,5,5,555,Champions
2219-MVUSO,3,2,2,322,About to Sleep
1053-MXTTK,4,5,5,455,Champions
1530-ZTDOZ,3,4,4,344,Loyal Customers
1301-LOPVR,4,3,3,433,Potential Loyalists
0853-TWRVK,5,5,5,555,Champions
8914-RBTSB,2,3,4,234,At Risk
6212-ATMLK,1,4,5,145,At Risk
8200-LGKSR,5,5,5,555,Champions
1568-BEKZM,5,5,5,555,Champions
0670-ANMUU,4,5,5,455,Champions
6897-RWMUB,5,5,4,554,Champions
0963-ZBDRN,2,3,4,234,At Risk
7594-RQHXR,1,1,1,111,Lost Customers
6999-CHVCF,4,5,5,455,Champions
6134-KWTBV,5,5,3,553,Potential Loyalists
1077-HUUJM,1,2,2,122,Lost Customers
6331-EWIEB,1,2,3,123,Lost Customers
0895-LNKRC,4,1,1,411,About to Sleep
2045-BMBTJ,3,3,3,333,Potential Loyalists
8417-GSODA,3,3,4,334,Loyal Customers
5171-EPLKN,5,3,2,532,Potential Loyalists
4452-QIIEB,3,2,2,322,About to Sleep
5998-VVEJY,2,3,4,234,At Risk
1624-NALOJ,1,1,2,112,Lost Customers
6741-EGCBI,2,3,4,234,At Risk
7820-ZYGNY,3,5,5,355,Loyal Customers
4317-VTEOA,1,1,1,111,Lost Customers
9677-AVKED,3,4,4,344,Loyal Customers
1670-SVOWZ,2,2,3,223,Lost Customers
2227-JRSJX,2,3,3,233,At Risk
9847-HNVGP,4,2,2,422,About to Sleep
6696-YDAYZ,5,2,2,522,About to Sleep
8980-WQFWL,3,3,4,334,Loyal Customers
1730-ZMAME,2,3,4,234,At Risk
6506-EYCNH,4,3,2,432,Potential Loyalists
4634-JLRJT,2,1,1,211,Lost Customers
9501-UKKNL,2,4,4,244,At Risk
2560-QTSBS,5,5,3,553,Potential Loyalists
7541-YLXCL,4,3,4,434,Loyal Customers
4795-WRNVT,4,3,4,434,Loyal Customers
6080-TCMYC,2,3,4,234,At Risk
0260-ZDLGK,2,2,2,222,Lost Customers
7860-UXCRM,5,5,5,555,Champions
6357-JJPQT,1,1,1,111,Lost Customers
2292-XQWSV,4,3,4,434,Loyal Customers
9552-TGUZV,2,2,2,222,Lost Customers
5913-INRQV,4,3,4,434,Loyal Customers
8722-NGNBH,3,1,1,311,About to Sleep
6210-KBBPI,1,2,2,122,Lost Customers
9643-YBLUR,2,2,2,222,Lost Customers
8734-FNWVH,3,3,3,333,Potential Loyalists
9447-YPTBX,5,4,3,543,Potential Loyalists
0133-BMFZO,1,1,1,111,Lost Customers
6128-CZOMY,1,1,1,111,Lost Customers
9540-JYROE,2,2,2,222,Lost Customers
9026-LHEVG,2,2,2,222,Lost Customers
2260-USTRB,1,1,1,111,Lost Customers
3656-TKRVZ,2,1,1,211,Lost Customers
7011-CVEUC,2,3,4,234,At Risk
6185-TASNN,1,1,1,111,Lost Customers
7925-PNRGI,4,4,4,444,Champions
8623-TMRBY,2,4,4,244,At Risk
1552-CZCLL,4,4,3,443,Potential Loyalists
3038-PQIUY,3,3,4,334,Loyal Customers
1501-SGHBW,2,1,1,211,Lost Customers
9313-CDOGY,4,3,2,432,Potential Loyalists
8148-BPLZQ,3,3,3,333,Potential Loyalists
2623-DRYAM,2,5,5,255,At Risk
9987-LUTYD,4,2,2,422,About to Sleep
3208-YPIOE,2,3,4,234,At Risk
4488-KQFDT,2,5,5,255,At Risk
2612-RANWT,1,2,3,123,Lost Customers
5693-PIPCS,4,4,4,444,Champions
0491-KAPQG,1,3,3,133,At Risk
1925-LFCZZ,3,4,4,344,Loyal Customers
8039-EQPIM,5,5,4,554,Champions
6900-PXRMS,1,3,4,134,At Risk
8707-RMEZH,4,5,5,455,Champions
3346-BRMIS,1,2,2,122,Lost Customers
3209-ZPKFI,3,4,4,344,Loyal Customers
6479-VDGRK,5,5,5,555,Champions
9373-WSLOY,2,3,3,233,At Risk
2933-FILNV,1,1,1,111,Lost Customers
3569-JFODW,5,5,5,555,Champions
9819-FBNSV,2,3,4,234,At Risk
9544-PYPSJ,2,5,5,255,At Risk
1591-XWLGB,5,5,3,553,Potential Loyalists
0396-UKGAI,4,3,3,433,Potential Loyalists
3243-ZHOHY,4,2,2,422,About to Sleep
5186-EJEGL,3,2,2,322,About to Sleep
7527-QNRUS,5,2,2,522,About to Sleep
9986-BONCE,3,1,1,311,About to Sleep
2722-JMONI,1,1,1,111,Lost Customers
2203-GHNWN,2,3,3,233,At Risk
3878-AVSOQ,1,1,1,111,Lost Customers
3258-SYSWS,4,5,5,455,Champions
5296-PSYVW,5,5,3,553,Potential Loyalists
6319-QSUSR,4,2,1,421,About to Sleep
4083-EUGRJ,4,2,1,421,About to Sleep
7579-OOPEC,2,1,1,211,Lost Customers
0512-FLFDW,2,4,5,245,At Risk
1771-OADNZ,1,3,4,134,At Risk
0487-CRLZF,4,4,4,444,Champions
2107-FBPTK,1,3,4,134,At Risk
9451-WLYRI,5,4,3,543,Potential Loyalists
8219-VYBVI,5,3,3,533,Potential Loyalists
1991-VOPLL,4,2,1,421,About to Sleep
9738-QLWTP,3,3,4,334,Loyal Customers
1016-DJTSV,1,2,2,122,Lost Customers
9419-IPPBE,3,4,5,345,Loyal Customers
0174-QRVVY,5,5,3,553,Potential Loyalists
5699-BNCAS,5,5,3,553,Potential Loyalists
2900-PHPLN,5,5,3,553,Potential Loyalists
0612-RTZZA,1,1,1,111,Lost Customers
8106-GWQOK,4,3,4,434,Loyal Customers
8751-EDEKA,2,3,4,234,At Risk
6878-GGDWG,4,3,2,432,Potential Loyalists
4039-PIMHX,5,4,4,544,Champions
8450-LUGUK,5,3,2,532,Potential Loyalists
3604-WLABM,3,2,2,322,About to Sleep
0795-GMVQO,3,5,5,355,Loyal Customers
2259-OUUSZ,3,2,1,321,About to Sleep
1142-IHLOO,3,4,5,345,Loyal Customers
6410-LEFEN,3,2,2,322,About to Sleep
4633-MKHYU,1,2,2,122,Lost Customers
6257-RJOHI,2,1,1,211,Lost Customers
1545-JFUML,4,5,5,455,Champions
3194-ORPIK,2,4,4,244,At Risk
7826-VVKWT,3,3,4,334,Loyal Customers
1353-GHZOS,4,3,3,433,Potential Loyalists
2587-EKXTS,2,4,5,245,At Risk
5442-BXVND,4,3,2,432,Potential Loyalists
8816-VXNZD,1,1,1,111,Lost Customers
9378-FXTIZ,3,4,4,344,Loyal Customers
1723-HKXJQ,1,4,4,144,At Risk
7825-GKXMW,1,1,1,111,Lost Customers
9753-OYLBX,3,1,1,311,About to Sleep
2364-UFROM,4,3,4,434,Loyal Customers
6656-JWRQX,2,1,1,211,Lost Customers
6473-ULUHT,3,2,3,323,About to Sleep
1240-KNSEZ,2,1,1,211,Lost Customers
0836-SEYLU,2,2,2,222,Lost Customers
4433-JCGCG,1,4,5,145,At Risk
3716-BDVDB,1,1,1,111,Lost Customers
7688-AWMDX,5,5,4,554,Champions
2842-BCQGE,2,4,4,244,At Risk
7244-QWYHG,4,4,4,444,Champions
5899-MQZZL,2,2,3,223,Lost Customers
6849-OYAMU,3,2,3,323,About to Sleep
5312-UXESG,2,4,4,244,At Risk
9488-HGMJH,1,1,1,111,Lost Customers
6038-GCYEC,2,3,3,233,At Risk
2150-WLKUW,4,3,4,434,Loyal Customers
7159-FVYPK,2,1,1,211,Lost Customers
7032-LMBHI,4,3,4,434,Loyal Customers
1150-WFARN,4,5,5,455,Champions
6088-BXMRG,1,3,4,134,At Risk
3144-AUDBS,2,1,2,212,Lost Customers
4821-SJHJV,2,3,4,234,At Risk
7346-MEDWM,2,4,5,245,At Risk
1137-DGOWI,4,3,4,434,Loyal Customers
5616-PRTNT,3,2,2,322,About to Sleep
3812-LRZIR,5,3,2,532,Potential Loyalists
4818-QIUFN,2,2,3,223,Lost Customers
9483-GCPWE,4,2,1,421,About to Sleep
4227-OJHAL,4,5,5,455,Champions
9220-CXRSC,5,5,4,554,Champions
4993-JCRGJ,2,3,4,234,At Risk
9537-JALFH,5,5,3,553,Potential Loyalists
6698-OXETB,5,2,1,521,About to Sleep
2103-ZRXFN,1,1,1,111,Lost Customers
3724-BSCVH,4,2,1,421,About to Sleep
4877-TSOFF,4,4,4,444,Champions
9209-NWPGU,4,4,4,444,Champions
6961-VCPMC,2,4,4,244,At Risk
7306-YDSOI,5,5,4,554,Champions
5288-AHOUP,1,2,2,122,Lost Customers
6688-UZPWD,1,2,3,123,Lost Customers
0655-YDGFJ,3,3,3,333,Potential Loyalists
8468-EHYJA,2,4,5,245,At Risk
6823-SIDFQ,5,3,2,532,Potential Loyalists
1097-FSPVW,4,4,4,444,Champions
2839-RFSQE,3,1,1,311,About to Sleep
8328-SKJNO,4,3,3,433,Potential Loyalists
7010-ZMVBF,4,2,2,422,About to Sleep
5201-CBWYG,5,5,3,553,Potential Loyalists
0968-GSIKN,1,1,1,111,Lost Customers
1965-DDBWU,2,2,3,223,Lost Customers
9057-SIHCH,1,1,2,112,Lost Customers
6352-GIGGQ,4,5,5,455,Champions
3635-QQRQD,5,5,3,553,Potential Loyalists
6771-XWBDM,2,4,5,245,At Risk
2897-DOVND,1,1,1,111,Lost Customers
3082-YVEKW,4,3,3,433,Potential Loyalists
0191-EQUUH,5,3,2,532,Potential Loyalists
7134-HBPBS,4,5,5,455,Champions
3489-HHPFY,1,1,1,111,Lost Customers
2926-JEJJC,4,2,1,421,About to Sleep
8601-QACRS,2,1,1,211,Lost Customers
4950-BDEUX,2,3,3,233,At Risk
5789-LDFXO,4,3,2,432,Potential Loyalists
0508-OOLTO,1,1,1,111,Lost Customers
2984-TBYKU,4,5,5,455,Champions
9822-WMWVG,2,4,4,244,At Risk
2391-SOORI,3,1,1,311,About to Sleep
9040-KZVWO,3,3,3,333,Potential Loyalists
2645-QTLMB,1,2,2,122,Lost Customers
4806-HIPDW,1,1,1,111,Lost Customers
1548-ARAGG,2,1,1,211,Lost Customers
6339-RZCBJ,5,4,4,544,Champions
4424-TKOPW,1,1,1,111,Lost Customers
4415-WNGVR,3,2,3,323,About to Sleep
2522-AHJXR,2,4,5,245,At Risk
0412-UCCNP,5,4,4,544,Champions
1816-FLZDK,2,1,1,211,Lost Customers
7096-UCLNH,3,1,1,311,About to Sleep
8443-ZRDBZ,1,1,2,112,Lost Customers
9136-ALYBR,1,1,1,111,Lost Customers
4615-PIVVU,5,4,4,544,Champions
8885-QSQBX,2,1,1,211,Lost Customers
7479-NITWS,1,2,2,122,Lost Customers
8617-ENBDS,1,1,1,111,Lost Customers
9385-NXKDA,5,5,5,555,Champions
0430-IHCDJ,2,2,2,222,Lost Customers
2959-MJHIC,1,1,2,112,Lost Customers
6674-KVJHG,4,2,1,421,About to Sleep
1814-DKOLC,3,1,1,311,About to Sleep
4201-JMNGR,1,1,1,111,Lost Customers
9351-HXDMR,4,5,5,455,Champions
3537-HPKQT,2,4,4,244,At Risk
2129-ALKBS,4,3,3,433,Potential Loyalists
5821-MMEIL,5,4,3,543,Potential Loyalists
5960-WPXQM,1,1,1,111,Lost Customers
0684-AOSIH,1,1,1,111,Lost Customers
8260-NGFNY,1,1,1,111,Lost Customers
1309-XGFSN,3,4,4,344,Loyal Customers
1866-RZZQS,1,4,4,144,At Risk
6968-URWQU,4,4,4,444,Champions
4742-TXUEX,5,4,2,542,Potential Loyalists
9631-XEYKE,2,1,1,211,Lost Customers
8631-NBHFZ,5,5,5,555,Champions
1335-MXCSE,5,4,4,544,Champions
8873-TMKGR,5,3,2,532,Potential Loyalists
8800-JOOCF,1,2,3,123,Lost Customers
1469-LBJQJ,2,5,5,255,At Risk
4958-XCBDQ,1,3,4,134,At Risk
8337-UPOAQ,1,2,2,122,Lost Customers
0064-YIJGF,2,3,3,233,At Risk
2386-OWURY,2,4,5,245,At Risk
1725-IQNIY,4,4,5,445,Champions
0310-VQXAM,4,2,1,421,About to Sleep
6598-RFFVI,3,1,1,311,About to Sleep
3453-RTHJQ,1,1,2,112,Lost Customers
6712-OAWRH,1,3,4,134,At Risk
6278-FEPBZ,4,2,1,421,About to Sleep
4280-DLSHD,3,2,2,322,About to Sleep
1508-DFXCU,1,2,2,122,Lost Customers
8614-VGMMV,2,2,2,222,Lost Customers
7868-BGSZA,3,4,4,344,Loyal Customers
2800-QQUSO,2,4,4,244,At Risk
2930-UOTMB,4,3,3,433,Potential Loyalists
7973-DZRKH,5,5,5,555,Champions
5914-DVBWJ,2,2,3,223,Lost Customers
7698-YFGEZ,3,1,1,311,About to Sleep
2533-QVMSK,4,5,5,455,Champions
9773-PEQBZ,1,2,2,122,Lost Customers
8644-XLFBW,1,1,1,111,Lost Customers
0650-BWOZN,2,2,3,223,Lost Customers
8625-AZYZY,1,3,4,134,At Risk
7785-RDVIG,3,1,1,311,About to Sleep
9602-WCXPI,5,4,3,543,Potential Loyalists
2903-YYTBW,2,1,1,211,Lost Customers
3620-MWJNE,2,1,1,211,Lost Customers
8573-JGCZW,4,2,2,422,About to Sleep
6837-HAEVO,3,5,5,355,Loyal Customers
6701-YVNQG,5,5,5,555,Champions
9306-CPCBC,1,1,1,111,Lost Customers
4304-XUMGI,5,4,4,544,Champions
9504-YAZWB,5,4,3,543,Potential Loyalists
8819-ZBYNA,4,4,5,445,Champions
6174-NRBTZ,4,4,3,443,Potential Loyalists
9481-IEBZY,2,5,5,255,At Risk
1833-VGRUM,1,1,1,111,Lost Customers
6137-NICCO,1,1,2,112,Lost Customers
9065-ZCPQX,5,5,5,555,Champions
6402-EJMWF,2,1,1,211,Lost Customers
3620-EHIMZ,5,4,3,543,Potential Loyalists
3213-VVOLG,3,1,1,311,About to Sleep
6870-ECSHE,4,1,1,411,About to Sleep
8747-UDCOI,5,5,3,553,Potential Loyalists
8374-XGEJJ,1,4,4,144,At Risk
2656-TABEH,1,1,2,112,Lost Customers
6946-LMSQS,2,3,4,234,At Risk
4626-OZDTJ,3,4,4,344,Loyal Customers
9169-BSVIN,2,2,2,222,Lost Customers
2325-ZUSFD,4,4,4,444,Champions
8194-PEEBY,5,3,2,532,Potential Loyalists
6872-HXFNF,4,5,4,454,Champions
3932-CMDTD,1,1,2,112,Lost Customers
7714-YXSMB,1,3,4,134,At Risk
8387-UGUSU,4,2,2,422,About to Sleep
1080-BWSYE,5,5,3,553,Potential Loyalists
4039-HEUNW,1,3,4,134,At Risk
1194-HVAIF,2,3,4,234,At Risk
0812-WUPTB,1,1,1,111,Lost Customers
3594-UVONA,4,3,4,434,Loyal Customers
0004-TLHLJ,1,1,2,112,Lost Customers
1767-TGTKO,2,2,2,222,Lost Customers
8439-LTUGF,3,2,1,321,About to Sleep
8805-JNRAZ,2,1,1,211,Lost Customers
5089-IFSDP,4,4,5,445,Champions
6418-HNFED,5,4,4,544,Champions
0206-OYVOC,5,4,2,542,Potential Loyalists
7291-CDTMJ,2,1,1,211,Lost Customers
7128-GGCNO,3,4,4,344,Loyal Customers
0237-YFUTL,2,4,5,245,At Risk
7691-KGKGP,4,4,4,444,Champions
6710-HSJRD,2,5,5,255,At Risk
3675-EQOZA,3,1,1,311,About to Sleep
0840-DCNZE,4,4,4,444,Champions
1732-FEKLD,3,4,5,345,Loyal Customers
9862-KJTYK,3,2,2,322,About to Sleep
0479-HMSWA,3,3,4,334,Loyal Customers
5854-KSRBJ,5,5,3,553,Potential Loyalists
0365-BZUWY,1,2,3,123,Lost Customers
4817-VYYWS,1,3,4,134,At Risk
5701-SVCWR,3,1,1,311,About to Sleep
3129-AAQOU,5,2,2,522,About to Sleep
4922-CVPDX,4,3,3,433,Potential Loyalists
1396-QWFBJ,2,3,3,233,At Risk
1357-BIJKI,2,4,5,245,At Risk
1099-BTKWT,3,5,4,354,Loyal Customers
5299-SJCZT,1,1,2,112,Lost Customers
2018-PZKMU,1,2,3,123,Lost Customers
7340-KEFQE,5,4,3,543,Potential Loyalists
4570-QHXHL,2,2,2,222,Lost Customers
2403-BCASL,2,4,5,245,At Risk
7392-YYPYJ,1,3,4,134,At Risk
2898-LSJGD,3,3,3,333,Potential Loyalists
2223-GDSHL,4,5,5,455,Champions
7359-PTSXY,1,1,1,111,Lost Customers
9470-RTWDV,3,3,4,334,Loyal Customers
2176-OSJUV,5,5,5,555,Champions
9348-YVOMK,2,1,1,211,Lost Customers
8104-OSKWT,2,2,3,223,Lost Customers
4521-YEEHE,1,2,3,123,Lost Customers
4090-KPJIP,1,1,1,111,Lost Customers
3786-WOVKF,3,5,5,355,Loyal Customers
4503-BDXBD,2,2,2,222,Lost Customers
6086-ESGRL,1,1,1,111,Lost Customers
2592-HODOV,4,2,1,421,About to Sleep
3886-CERTZ,3,5,5,355,Loyal Customers
7995-ZHHNZ,4,4,4,444,Champions
3824-RHKVR,4,2,2,422,About to Sleep
5816-SCGFC,3,2,2,322,About to Sleep
5989-AXPUC,4,5,5,455,Champions
4979-HPRFL,5,4,3,543,Potential Loyalists
8590-OHDIW,5,3,2,532,Potential Loyalists
8015-IHCGW,4,5,5,455,Champions
2332-TODQS,5,4,3,543,Potential Loyalists
9278-VZKCD,2,4,5,245,At Risk
8008-OTEZX,5,3,2,532,Potential Loyalists
2773-OVBPK,4,5,5,455,Champions
5999-LCXAO,2,1,1,211,Lost Customers
5206-XZZQI,3,4,4,344,Loyal Customers
4803-LBYPN,4,3,2,432,Potential Loyalists
5759-RCVCB,2,1,1,211,Lost Customers
6372-RFVNS,1,1,1,111,Lost Customers
2139-FQHLM,2,2,3,223,Lost Customers
8261-GWDBQ,4,4,5,445,Champions
1093-YSWCA,5,2,1,521,About to Sleep
8938-UMKPI,1,4,5,145,At Risk
0991-BRRFB,3,2,2,322,About to Sleep
3882-IYOIJ,4,4,5,445,Champions
8749-TZYEC,5,5,3,553,Potential Loyalists
1755-FZQEC,5,3,2,532,Potential Loyalists
3115-JPJDD,4,4,5,445,Champions
5600-KTXFM,1,1,1,111,Lost Customers
3871-IKPYH,1,1,1,111,Lost Customers
6319-IEJWJ,1,2,3,123,Lost Customers
9025-AOMKI,1,1,2,112,Lost Customers
6339-TBELP,4,5,5,455,Champions
7964-YESJC,3,3,3,333,Potential Loyalists
6173-GOLSU,2,5,5,255,At Risk
5275-SQEIZ,1,1,1,111,Lost Customers
7716-YTYHG,3,4,4,344,Loyal Customers
9938-ZREHM,4,3,4,434,Loyal Customers
7950-XWOVN,3,2,2,322,About to Sleep
4390-KYULV,3,1,1,311,About to Sleep
4647-MUZON,1,2,3,123,Lost Customers
9702-AIUJO,4,4,4,444,Champions
8849-PRIQJ,3,5,5,355,Loyal Customers
8851-RAGOV,4,3,3,433,Potential Loyalists
1304-NECVQ,1,1,1,111,Lost Customers
5396-IZEPB,4,2,1,421,About to Sleep
1729-VLAZJ,4,2,2,422,About to Sleep
8285-ABVLB,5,5,3,553,Potential Loyalists
0701-TJSEF,3,2,2,322,About to Sleep
5712-VBOXD,3,1,1,311,About to Sleep
6629-LADHQ,3,1,1,311,About to Sleep
8945-GRKHX,1,1,1,111,Lost Customers
1559-DTODC,2,2,2,222,Lost Customers
4797-MIWUM,3,2,1,321,About to Sleep
6959-UWKHF,1,1,1,111,Lost Customers
8720-RQSBJ,1,1,1,111,Lost Customers
4537-CIBHB,4,2,1,421,About to Sleep
3815-SLMEF,3,1,1,311,About to Sleep
5154-VEKBL,2,2,2,222,Lost Customers
4324-AHJKS,3,1,2,312,About to Sleep
4355-CVPVS,3,4,5,345,Loyal Customers
4495-LHSSK,3,2,3,323,About to Sleep
5655-JSMZM,1,4,5,145,At Risk
5915-ANOEI,5,5,5,555,Champions
9861-PDSZP,4,5,5,455,Champions
4505-EXZHB,1,1,2,112,Lost Customers
7225-CBZPL,1,2,3,123,Lost Customers
6704-UTUKK,2,3,3,233,At Risk
4587-VVTOX,1,1,2,112,Lost Customers
2019-HDCZY,3,5,5,355,Loyal Customers
4652-NNHNY,2,2,3,223,Lost Customers
8788-DOXSU,4,4,4,444,Champions
7404-JLKQG,2,1,1,211,Lost Customers
7421-ZLUPA,2,2,1,221,Lost Customers
8972-HJWNV,1,2,2,122,Lost Customers
3274-NSDWE,5,5,3,553,Potential Loyalists
2632-IVXVF,4,5,5,455,Champions
3692-JHONH,2,4,5,245,At Risk
8915-NNTRC,4,5,5,455,Champions
5914-GXMDA,5,3,2,532,Potential Loyalists
7463-IFMQU,5,5,3,553,Potential Loyalists
2920-RNCEZ,1,1,1,111,Lost Customers
2541-YGPKE,4,4,4,444,Champions
8515-OCTJS,5,3,2,532,Potential Loyalists
5382-TEMLV,4,4,4,444,Champions
3441-CGZJH,4,4,4,444,Champions
9592-ERDKV,4,3,4,434,Loyal Customers
2860-RANUS,1,2,3,123,Lost Customers
5261-QSHQM,1,1,1,111,Lost Customers
4778-IZARL,4,5,5,455,Champions
0432-CAJZV,1,1,1,111,Lost Customers
7008-LZVOZ,5,5,3,553,Potential Loyalists
8868-WOZGU,1,3,4,134,At Risk
1200-TUZHR,1,2,2,122,Lost Customers
9365-CSLBQ,5,5,3,553,Potential Loyalists
1334-FJSVR,1,1,1,111,Lost Customers
5884-FBCTL,5,5,3,553,Potential Loyalists
7130-CTCUS,3,2,2,322,About to Sleep
6242-FEGFD,5,5,5,555,Champions
7625-XCQRH,1,2,2,122,Lost Customers
6194-HBGQN,4,4,4,444,Champions
7634-WSWDB,2,2,2,222,Lost Customers
6986-IXNDM,1,2,3,123,Lost Customers
1731-TVIUK,1,1,2,112,Lost Customers
2987-BJXIK,5,5,5,555,Champions
9769-TSBZE,5,5,5,555,Champions
0406-BPDVR,2,4,5,245,At Risk
0618-XWMSS,3,3,4,334,Loyal Customers
1395-WSWXR,5,3,2,532,Potential Loyalists
6023-GSSXW,5,5,4,554,Champions
6752-APNJL,4,4,4,444,Champions
5276-KQWHG,1,1,1,111,Lost Customers
0420-HLGXF,1,3,4,134,At Risk
7446-KQISO,4,4,5,445,Champions
9823-EALYC,5,5,5,555,Champions
0582-AVCLN,5,3,2,532,Potential Loyalists
5803-NQJZO,5,5,5,555,Champions
2565-JSLRY,2,1,1,211,Lost Customers
2607-DHDAK,5,5,3,553,Potential Loyalists
1073-XXCZD,5,4,3,543,Potential Loyalists
0743-HRVFF,3,4,4,344,Loyal Customers
4006-HKYHO,5,5,5,555,Champions
3727-JEZTU,3,1,1,311,About to Sleep
8143-ETQTI,5,3,2,532,Potential Loyalists
6689-KXGBO,2,1,1,211,Lost Customers
9667-TKTVZ,2,1,1,211,Lost Customers
3657-COGMW,2,4,5,245,At Risk
8570-KLJYJ,4,3,3,433,Potential Loyalists
7754-IXRMC,2,1,1,211,Lost Customers
9473-CBZOP,4,3,3,433,Potential Loyalists
2969-WGHQO,3,2,2,322,About to Sleep
6615-NGGZJ,1,2,3,123,Lost Customers
4334-HOWRP,5,5,5,555,Champions
4255-DDUOU,3,1,1,311,About to Sleep
5863-OOKCL,4,2,1,421,About to Sleep
1686-STUHN,5,4,2,542,Potential Loyalists
1329-VHWNP,2,2,1,221,Lost Customers
2984-MIIZL,1,1,2,112,Lost Customers
0266-GMEAO,4,5,5,455,Champions
5590-YRFJT,2,2,2,222,Lost Customers
5574-NXZIU,5,5,5,555,Champions
0019-GFNTW,5,4,4,544,Champions
4256-ZWTZI,3,1,2,312,About to Sleep
8309-PPCED,4,5,5,455,Champions
4098-NAUKP,2,5,5,255,At Risk
5196-WPYOW,5,5,4,554,Champions
4608-LCIMN,3,2,2,322,About to Sleep
1485-YDHMM,2,4,5,245,At Risk
4054-CUMIA,4,2,2,422,About to Sleep
0603-TPMIB,5,4,3,543,Potential Loyalists
2525-GVKQU,5,4,3,543,Potential Loyalists
8161-QYMTT,1,2,2,122,Lost Customers
9581-GVBXT,4,4,3,443,Potential Loyalists
5862-BRIXZ,4,4,4,444,Champions
5404-GGUKR,2,1,1,211,Lost Customers
3308-JSGML,4,4,4,444,Champions
2126-GSEGL,4,5,5,455,Champions
3677-TNKIO,2,2,2,222,Lost Customers
0440-QEXBZ,3,4,4,344,Loyal Customers
2434-EEVDB,4,5,5,455,Champions
6762-QVYJO,5,4,4,544,Champions
6199-IWKGC,2,4,5,245,At Risk
2675-DHUTR,1,4,5,145,At Risk
8152-VETUR,4,5,5,455,Champions
9667-EQRXU,2,3,3,233,At Risk
7446-YPODE,3,2,2,322,About to Sleep
9522-BNTHX,2,3,3,233,At Risk
4676-WLUHT,5,4,4,544,Champions
3329-WDIOK,1,1,1,111,Lost Customers
7980-MHFLQ,5,5,3,553,Potential Loyalists
2873-ZLIWT,2,3,4,234,At Risk
3415-TAILE,2,1,1,211,Lost Customers
0757-WCUUZ,5,4,4,544,Champions
1629-DQQVB,3,2,2,322,About to Sleep
1915-IOFGU,1,1,1,111,Lost Customers
3045-XETSH,1,2,3,123,Lost Customers
0374-AACSZ,2,1,1,211,Lost Customers
7239-HZZCX,3,1,1,311,About to Sleep
4872-VXRIL,4,4,4,444,Champions
9140-CZQZZ,5,5,5,555,Champions
3423-HHXAO,4,2,2,422,About to Sleep
9938-TKDGL,4,5,5,455,Champions
0531-ZZJWQ,2,4,4,244,At Risk
6537-QLGEX,2,2,2,222,Lost Customers
2688-BHGOG,1,2,2,122,Lost Customers
7683-CBDKJ,3,2,2,322,About to Sleep
0946-CLJTI,1,4,5,145,At Risk
3160-TYXLT,3,4,4,344,Loyal Customers
1325-USMEC,4,5,5,455,Champions
0916-QOFDP,1,2,3,123,Lost Customers
0628-CNQRM,4,3,3,433,Potential Loyalists
5606-AMZBO,2,2,2,222,Lost Customers
6199-IPCAO,5,3,2,532,Potential Loyalists
7665-TOALD,1,1,1,111,Lost Customers
0112-QWPNC,4,4,4,444,Champions
0324-BRPCJ,2,5,5,255,At Risk
2777-PHDEI,1,1,1,111,Lost Customers
5640-CAXOA,3,3,3,333,Potential Loyalists
2235-EZAIK,5,5,5,555,Champions
3847-BAERP,3,2,1,321,About to Sleep
1196-AMORA,1,2,2,122,Lost Customers
4282-YMKNA,1,2,2,122,Lost Customers
1453-RZFON,2,1,1,211,Lost Customers
8263-OKETD,3,2,3,323,About to Sleep
0670-KDOMA,2,1,1,211,Lost Customers
2476-YGEFM,2,3,4,234,At Risk
8687-BAFGU,1,1,1,111,Lost Customers
0641-EVBOJ,2,1,1,211,Lost Customers
0829-XXPLX,2,2,3,223,Lost Customers
9974-JFBHQ,3,5,5,355,Loyal Customers
5356-RHIPP,2,1,1,211,Lost Customers
6624-JDRDS,2,1,1,211,Lost Customers
0608-JDVEC,5,4,3,543,Potential Loyalists
9780-FKVVF,2,1,2,212,Lost Customers
1919-RTPQD,3,2,2,322,About to Sleep
5214-NLTIT,4,5,5,455,Champions
3345-PBBFH,3,2,2,322,About to Sleep
5055-BRMNE,4,5,5,455,Champions
9189-JWSHV,1,3,4,134,At Risk
2190-PHBHR,4,5,5,455,Champions
2650-GYRYL,5,3,2,532,Potential Loyalists
0746-JTRFU,1,1,1,111,Lost Customers
5208-FVQKB,5,5,5,555,Champions
7184-LRUUR,4,3,3,433,Potential Loyalists
6627-CFOSN,2,4,5,245,At Risk
3982-JGSFD,4,3,2,432,Potential Loyalists
1574-DYCWE,5,4,3,543,Potential Loyalists
7247-XOZPB,4,4,4,444,Champions
2466-FCCPT,5,2,2,522,About to Sleep
6211-WWLTF,4,5,5,455,Champions
4826-TZEVA,3,3,4,334,Loyal Customers
6016-NXBNJ,4,3,2,432,Potential Loyalists
9138-EFSMO,3,3,3,333,Potential Loyalists
0576-WNXXC,1,3,4,134,At Risk
4632-XJMEX,5,4,4,544,Champions
8910-LEDAG,3,3,4,334,Loyal Customers
3452-GWUIN,1,2,3,123,Lost Customers
2716-GFZOR,3,4,4,344,Loyal Customers
3724-UCSHY,4,1,1,411,About to Sleep
8626-XHBIE,5,4,3,543,Potential Loyalists
4628-CTTLA,3,4,4,344,Loyal Customers
3192-LNKRK,2,3,4,234,At Risk
4439-YRNVD,3,2,2,322,About to Sleep
2876-VBBBL,2,1,1,211,Lost Customers
6834-NXDCA,2,2,2,222,Lost Customers
2208-UGTGR,2,4,5,245,At Risk
3005-TYFRD,2,4,5,245,At Risk
8670-MEFCP,5,3,4,534,Loyal Customers
3079-BCHLN,5,4,3,543,Potential Loyalists
7777-UNYHB,4,2,1,421,About to Sleep
5597-GLBUC,1,1,1,111,Lost Customers
7278-CKDNC,2,3,4,234,At Risk
2748-MYRVK,3,5,5,355,Loyal Customers
8450-UYIBU,2,3,3,233,At Risk
2969-VAPYH,5,5,4,554,Champions
4822-YCXMX,1,3,3,133,At Risk
7181-OQCUT,2,3,4,234,At Risk
8474-UMLNT,3,2,2,322,About to Sleep
9821-POOTN,2,3,4,234,At Risk
3836-FZSDJ,5,5,3,553,Potential Loyalists
9142-XMYJH,4,3,2,432,Potential Loyalists
6559-ILWKJ,4,5,4,454,Champions
0187-QSXOE,1,2,2,122,Lost Customers
7733-UDMTP,2,4,4,244,At Risk
2649-HWLYB,5,5,5,555,Champions
5214-CHIWJ,5,3,2,532,Potential Loyalists
4229-CZMLL,1,1,2,112,Lost Customers
6904-JLBGY,4,5,5,455,Champions
2465-BLLEU,2,1,1,211,Lost Customers
1685-VAYJF,3,2,2,322,About to Sleep
8874-EJNSR,5,3,3,533,Potential Loyalists
6917-YACBP,2,4,5,245,At Risk
5049-MUBWG,4,3,3,433,Potential Loyalists
4223-WOZCM,2,1,1,211,Lost Customers
0769-MURVM,5,5,5,555,Champions
9253-VIFJQ,5,5,4,554,Champions
7030-FZTFM,4,5,5,455,Champions
9741-YLNTD,1,1,2,112,Lost Customers
5917-RYRMG,5,3,2,532,Potential Loyalists
5120-ZBLAI,3,4,4,344,Loyal Customers
1194-BHJYC,5,5,4,554,Champions
3663-MITLP,1,2,3,123,Lost Customers
0906-QVPMS,4,5,5,455,Champions
9025-ZRPVR,3,2,1,321,About to Sleep
1905-OEILC,3,1,1,311,About to Sleep
7858-GTZSP,1,2,3,123,Lost Customers
3285-UCQVC,3,3,3,333,Potential Loyalists
6248-BSHKG,5,5,3,553,Potential Loyalists
4685-TFLLS,4,2,2,422,About to Sleep
3470-BTGQO,3,3,3,333,Potential Loyalists
1209-VFFOC,5,5,4,554,Champions
8224-DWCKX,1,2,2,122,Lost Customers
5482-PLVPE,1,1,1,111,Lost Customers
4553-DVPZG,2,5,5,255,At Risk
4902-OHLSK,2,3,4,234,At Risk
6917-IAYHD,2,1,1,211,Lost Customers
0495-ZBNGW,1,1,2,112,Lost Customers
8620-RJPZN,2,1,1,211,Lost Customers
7572-KPVKK,4,5,5,455,Champions
2642-MAWLJ,5,3,2,532,Potential Loyalists
2357-COQEK,1,3,4,134,At Risk
7103-ZGVNT,5,5,5,555,Champions
3737-GCSPV,2,2,3,223,Lost Customers
2027-WKXMW,2,5,5,255,At Risk
7137-NAXML,4,3,2,432,Potential Loyalists
2428-ZMCTB,4,2,1,421,About to Sleep
2961-VNFKL,5,5,3,553,Potential Loyalists
1768-HNVGJ,3,4,4,344,Loyal Customers
6963-KQYQB,5,5,3,553,Potential Loyalists
5934-RMPOV,1,3,3,133,At Risk
1207-BLKSA,5,4,3,543,Potential Loyalists
4088-YLDSU,2,4,5,245,At Risk
8316-BBQAY,5,5,4,554,Champions
1166-PQLGG,5,5,3,553,Potential Loyalists
3146-JTQHR,4,2,1,421,About to Sleep
4291-YZODP,4,2,1,421,About to Sleep
4395-PZMSN,1,1,2,112,Lost Customers
6427-FEFIG,4,3,3,433,Potential Loyalists
0017-IUDMW,4,5,5,455,Champions
8706-HRADD,3,3,3,333,Potential Loyalists
9955-QOPOY,4,5,4,454,Champions
4385-ZKVNW,4,4,4,444,Champions
5446-DKWYW,3,5,4,354,Loyal Customers
2034-CGRHZ,1,3,4,134,At Risk
5797-APWZC,1,1,1,111,Lost Customers
3683-QKIUE,3,1,2,312,About to Sleep
4228-ZGYUW,1,1,2,112,Lost Customers
9031-ZVQPT,4,5,5,455,Champions
2990-IAJSV,5,5,5,555,Champions
8107-KNCIM,1,2,3,123,Lost Customers
9027-YFHQJ,3,2,1,321,About to Sleep
5176-LDKUH,3,4,4,344,Loyal Customers
4644-OBGFZ,5,4,3,543,Potential Loyalists
7926-IJOOU,3,1,1,311,About to Sleep
6480-YAGIY,4,4,5,445,Champions
4029-HPFVY,1,1,1,111,Lost Customers
7602-DBTOU,5,5,3,553,Potential Loyalists
5345-BMKWB,3,2,1,321,About to Sleep
3519-ZKXGG,1,1,1,111,Lost Customers
5457-COLHT,5,5,5,555,Champions
6416-TVAIH,1,1,1,111,Lost Customers
5451-YHYPW,4,5,5,455,Champions
5108-ADXWO,2,2,2,222,Lost Customers
7998-WNZEM,5,5,5,555,Champions
3066-RRJIO,1,1,1,111,Lost Customers
4664-NJCMS,4,3,3,433,Potential Loyalists
0307-BCOPK,4,2,2,422,About to Sleep
7629-WFGLW,3,4,5,345,Loyal Customers
2542-HYGIQ,3,1,1,311,About to Sleep
6715-OFDBP,1,1,2,112,Lost Customers
5016-LIPDW,5,4,3,543,Potential Loyalists
6481-LXPWL,4,4,3,443,Potential Loyalists
1567-DSCIC,1,2,2,122,Lost Customers
2150-UWTFY,4,3,3,433,Potential Loyalists
6124-ACRHJ,3,1,1,311,About to Sleep
9362-MWODR,4,3,4,434,Loyal Customers
9975-GPKZU,5,4,2,542,Potential Loyalists
9625-RZFUK,5,5,3,553,Potential Loyalists
5153-LXKDT,4,5,5,455,Champions
5161-UBZXI,4,5,5,455,Champions
1020-JPQOW,3,4,5,345,Loyal Customers
7919-ZODZZ,3,2,2,322,About to Sleep
0565-JUPYD,4,5,5,455,Champions
6867-ACCZI,4,3,3,433,Potential Loyalists
5939-XAIXZ,3,2,3,323,About to Sleep
9054-FOWNV,1,3,3,133,At Risk
2683-BPJSO,2,3,4,234,At Risk
2157-MXBJS,3,2,3,323,About to Sleep
8207-VVMYB,5,5,3,553,Potential Loyalists
9732-EQMWY,2,4,5,245,At Risk
9360-AHGNL,3,4,5,345,Loyal Customers
1087-UDSIH,3,1,1,311,About to Sleep
5269-NRGDP,4,4,4,444,Champions
6195-MELTI,4,4,4,444,Champions
5485-WUYWF,2,1,1,211,Lost Customers
2121-JAFOM,4,5,5,455,Champions
8818-DOPVL,1,4,5,145,At Risk
2632-UCGVD,2,5,5,255,At Risk
5445-PZWGX,4,5,5,455,Champions
1227-UDMZR,5,5,5,555,Champions
5198-HQAEN,3,3,4,334,Loyal Customers
9170-CCKOU,2,2,3,223,Lost Customers
2167-FQSTQ,5,5,5,555,Champions
2819-GWENI,5,3,2,532,Potential Loyalists
1043-YCUTE,5,4,3,543,Potential Loyalists
3814-MLAXC,2,3,4,234,At Risk
3572-UUHRS,5,4,2,542,Potential Loyalists
2692-PFYTJ,2,1,1,211,Lost Customers
1226-UDFZR,2,1,1,211,Lost Customers
5955-EPOAZ,3,1,1,311,About to Sleep
6821-JPCDC,2,4,5,245,At Risk
8815-LMFLX,4,3,2,432,Potential Loyalists
9135-HSWOC,5,5,3,553,Potential Loyalists
8582-KRHPJ,3,4,3,343,Potential Loyalists
5811-IWXYM,3,4,5,345,Loyal Customers
7044-YAACC,1,1,2,112,Lost Customers
8189-XRIKE,2,3,4,234,At Risk
1506-YJTYT,5,4,4,544,Champions
4123-DVHPH,1,2,2,122,Lost Customers
6425-YQLLO,3,5,5,355,Loyal Customers
5442-UTCVD,1,1,1,111,Lost Customers
2228-BZDEE,5,4,3,543,Potential Loyalists
7734-DBOAI,1,1,1,111,Lost Customers
2789-CZANW,4,5,5,455,Champions
2091-RFFBA,2,3,4,234,At Risk
2114-MGINA,1,2,3,123,Lost Customers
7596-LDUXP,3,2,3,323,About to Sleep
3740-RLMVT,5,5,4,554,Champions
4489-SNOJF,3,3,4,334,Loyal Customers
2192-OZITF,5,4,4,544,Champions
5651-CPDND,3,2,2,322,About to Sleep
2186-QZEYA,3,3,3,333,Potential Loyalists
1131-ALZWV,4,3,2,432,Potential Loyalists
7729-XBTWX,5,5,3,553,Potential Loyalists
9134-WYRVP,4,4,4,444,Champions
3284-SVCRO,5,4,3,543,Potential Loyalists
9732-OUYRN,5,4,2,542,Potential Loyalists
0559-CKHUS,5,3,2,532,Potential Loyalists
2931-SVLTV,2,3,4,234,At Risk
6899-PPEEA,1,3,4,134,At Risk
7504-UWHNB,2,3,3,233,At Risk
2582-FFFZR,2,3,3,233,At Risk
8908-NMQTX,5,5,5,555,Champions
2187-LZGPL,2,2,2,222,Lost Customers
1431-AIDJQ,5,3,4,534,Loyal Customers
6288-LBEAR,3,3,3,333,Potential Loyalists
4597-NUCQV,1,3,4,134,At Risk
9019-QVLZD,1,1,1,111,Lost Customers
8413-YNHNV,5,5,5,555,Champions
5808-TOTXO,4,1,1,411,About to Sleep
4369-NYSCF,4,4,4,444,Champions
6333-YDVLT,3,5,5,355,Loyal Customers
5324-KTGCG,5,5,3,553,Potential Loyalists
5599-HVLTW,1,2,3,123,Lost Customers
7394-LWLYN,1,1,1,111,Lost Customers
3707-LRWZD,3,3,4,334,Loyal Customers
6873-UDNLD,3,3,4,334,Loyal Customers
2700-LUEVA,3,1,1,311,About to Sleep
1455-ESIQH,1,1,1,111,Lost Customers
0958-YHXGP,2,2,2,222,Lost Customers
1101-SSWAG,2,2,2,222,Lost Customers
2979-SXESE,2,2,3,223,Lost Customers
4013-TLDHQ,2,2,3,223,Lost Customers
5743-KHMNA,5,5,3,553,Potential Loyalists
4194-FJARJ,5,4,4,544,Champions
5325-UWTWJ,3,3,4,334,Loyal Customers
3969-GYXEL,2,2,2,222,Lost Customers
9208-OLGAQ,1,2,3,123,Lost Customers
3244-CQPHU,4,5,5,455,Champions
2674-MLXMN,2,5,5,255,At Risk
9708-HPXWZ,2,1,1,211,Lost Customers
6992-TKNYO,4,3,4,434,Loyal Customers
4468-YDOVK,3,1,1,311,About to Sleep
3754-DXMRT,1,1,1,111,Lost Customers
5792-JALQC,5,4,4,544,Champions
7130-VTEWQ,1,2,2,122,Lost Customers
2200-DSAAL,4,5,5,455,Champions
4302-ZYFEL,5,5,3,553,Potential Loyalists
9351-LZYGF,4,4,4,444,Champions
4366-CTOUZ,4,4,5,445,Champions
6121-VZNQB,2,1,1,211,Lost Customers
7903-CMPEY,1,1,1,111,Lost Customers
1518-OMDIK,3,3,3,333,Potential Loyalists
6671-NGWON,4,2,1,421,About to Sleep
0595-ITUDF,3,5,5,355,Loyal Customers
6996-KNSML,1,1,1,111,Lost Customers
1955-IBMMB,5,4,3,543,Potential Loyalists
0096-BXERS,2,1,2,212,Lost Customers
3806-YAZOV,3,1,1,311,About to Sleep
7998-ZLXWN,4,2,2,422,About to Sleep
6253-WRFHY,3,2,2,322,About to Sleep
9133-AYJZG,1,3,4,134,At Risk
2675-OTVVJ,2,3,4,234,At Risk
8680-CGLTP,4,3,3,433,Potential Loyalists
8430-TWCBX,5,4,3,543,Potential Loyalists
5018-GWURO,2,4,5,245,At Risk
6741-QRLUP,5,5,5,555,Champions
4737-HOBAX,5,5,5,555,Champions
0537-QYZZN,2,3,3,233,At Risk
3340-QBBFM,4,3,3,433,Potential Loyalists
1704-NRWYE,1,2,2,122,Lost Customers
2592-SEIFQ,1,1,1,111,Lost Customers
8200-KLNYW,4,3,3,433,Potential Loyalists
3372-CDXFJ,4,2,2,422,About to Sleep
4781-ZXYGU,2,1,1,211,Lost Customers
7632-YUTXB,5,3,2,532,Potential Loyalists
2718-YSKCS,5,5,3,553,Potential Loyalists
9896-UYMIE,3,5,5,355,Loyal Customers
0853-NWIFK,3,4,5,345,Loyal Customers
8212-CRQXP,2,3,3,233,At Risk
6980-CDGFC,5,5,3,553,Potential Loyalists
7691-XVTZH,4,5,5,455,Champions
2520-SGTTA,3,1,1,311,About to Sleep
7481-ATQQS,2,4,5,245,At Risk
2277-VWCNI,2,1,1,211,Lost Customers
1088-CNNKB,4,5,5,455,Champions
8642-GVWRF,1,1,1,111,Lost Customers
1930-BZLHI,4,3,2,432,Potential Loyalists
3400-ESFUW,5,4,4,544,Champions
5868-YTYKS,3,1,1,311,About to Sleep
3525-DVKFN,5,2,2,522,About to Sleep
1482-OXZSY,2,3,4,234,At Risk
0377-JBKKT,4,3,3,433,Potential Loyalists
5778-BVOFB,3,2,2,322,About to Sleep
3373-YZZYM,3,1,1,311,About to Sleep
2057-ZBLPD,1,3,3,133,At Risk
0228-MAUWC,3,2,3,323,About to Sleep
5502-RLUYV,2,5,5,255,At Risk
0023-HGHWL,1,1,1,111,Lost Customers
7663-YJHSN,4,5,5,455,Champions
4915-BFSXL,5,5,5,555,Champions
3086-RUCRN,3,5,5,355,Loyal Customers
5215-LNLDJ,2,2,1,221,Lost Customers
7576-JMYWV,2,4,5,245,At Risk
9039-RBEEE,3,3,3,333,Potential Loyalists
0257-KXZGU,4,3,4,434,Loyal Customers
1307-ATKGB,2,3,4,234,At Risk
8417-FMLZI,1,1,2,112,Lost Customers
3714-XPXBW,3,3,4,334,Loyal Customers
1850-AKQEP,4,2,1,421,About to Sleep
2824-DXNKN,5,5,5,555,Champions
5227-JSCFE,5,5,4,554,Champions
0848-ZGQIJ,1,2,3,123,Lost Customers
3621-CHYVB,3,4,4,344,Loyal Customers
8042-RNLKO,5,5,3,553,Potential Loyalists
1792-UXAFY,1,2,3,123,Lost Customers
5372-FBKBN,4,3,2,432,Potential Loyalists
0420-TXVSG,5,5,4,554,Champions
6217-TOWGS,2,2,3,223,Lost Customers
0515-YPMCW,1,1,1,111,Lost Customers
0378-XSZPU,5,4,4,544,Champions
1045-LTCYT,4,2,1,421,About to Sleep
1544-JJMYL,4,3,3,433,Potential Loyalists
4636-JGAAI,2,3,4,234,At Risk
6874-SGLHU,3,3,4,334,Loyal Customers
5951-AOFIH,3,3,4,334,Loyal Customers
4729-XKASR,1,1,1,111,Lost Customers
3059-NGMXB,3,2,3,323,About to Sleep
8652-YHIYU,3,2,3,323,About to Sleep
5278-PNYOX,4,4,5,445,Champions
5449-FIBXJ,1,2,3,123,Lost Customers
3486-HOOGQ,5,5,5,555,Champions
5061-PBXFW,4,3,3,433,Potential Loyalists
8630-FJLIB,2,2,3,223,Lost Customers
3891-NLXJB,5,3,3,533,Potential Loyalists
4749-OJKQU,1,1,2,112,Lost Customers
0577-WHMEV,2,2,3,223,Lost Customers
5453-AXEPF,2,2,3,223,Lost Customers
3639-XJHKQ,3,2,3,323,About to Sleep
3716-LRGXK,4,4,5,445,Champions
2263-SFSQZ,5,4,3,543,Potential Loyalists
9950-MTGYX,5,3,2,532,Potential Loyalists
3397-AVTKU,4,4,4,444,Champions
4825-FUREZ,5,4,2,542,Potential Loyalists
9837-BMCLM,1,1,1,111,Lost Customers
2672-OJQZP,2,1,1,211,Lost Customers
0137-UDEUO,3,1,1,311,About to Sleep
3134-DSHVC,4,5,5,455,Champions
6161-UUUTA,1,1,1,111,Lost Customers
7821-DPRQE,2,5,5,255,At Risk
6543-XRMYR,1,3,4,134,At Risk
2001-EWBQU,3,4,5,345,Loyal Customers
4925-LMHOK,3,2,2,322,About to Sleep
1608-GMEWB,1,4,4,144,At Risk
6695-AMZUF,5,5,5,555,Champions
1455-UGQVH,1,2,3,123,Lost Customers
8410-BGQXN,3,1,1,311,About to Sleep
8280-MQRQN,1,1,1,111,Lost Customers
1619-YWUBB,5,5,3,553,Potential Loyalists
7611-YKYTC,3,3,3,333,Potential Loyalists
2037-SGXHH,2,3,4,234,At Risk
3178-FESZO,1,1,1,111,Lost Customers
0365-GXEZS,2,2,3,223,Lost Customers
0082-OQIQY,2,3,4,234,At Risk
6087-MVHJH,1,2,3,123,Lost Customers
4603-JANFB,1,1,1,111,Lost Customers
3018-TFTSU,2,2,2,222,Lost Customers
3606-SBKRY,3,3,3,333,Potential Loyalists
4806-KEXQR,1,1,2,112,Lost Customers
0667-NSRGI,4,4,4,444,Champions
7083-YNSKY,3,2,2,322,About to Sleep
6893-ODYYE,4,4,5,445,Champions
8242-JSVBO,2,2,2,222,Lost Customers
2479-BRAMR,2,4,4,244,At Risk
9541-ZPSEA,5,5,5,555,Champions
2665-NPTGL,1,3,4,134,At Risk
1139-WUOAH,4,4,4,444,Champions
4693-VWVBO,3,1,1,311,About to Sleep
7434-SHXLS,3,1,1,311,About to Sleep
6937-GCDGQ,4,2,3,423,About to Sleep
0988-JRWWP,1,1,1,111,Lost Customers
5075-JSDKI,5,4,3,543,Potential Loyalists
7908-QCBCA,1,1,1,111,Lost Customers
8644-XYTSV,3,4,3,343,Potential Loyalists
6711-FLDFB,1,2,2,122,Lost Customers
3873-WOSBC,5,5,3,553,Potential Loyalists
7465-ZZRVX,1,1,1,111,Lost Customers
7975-JMZNT,5,5,5,555,Champions
7251-XFOIL,3,5,5,355,Loyal Customers
4116-IQRFR,4,1,1,411,About to Sleep
3714-JTVOV,3,4,4,344,Loyal Customers
8259-DZLIZ,4,5,4,454,Champions
0442-ZXKVS,3,4,5,345,Loyal Customers
7853-WNZSY,2,1,1,211,Lost Customers
3120-FAZKD,5,4,3,543,Potential Loyalists
8606-OEGQZ,5,2,2,522,About to Sleep
0225-ZORZP,1,1,1,111,Lost Customers
4702-IOQDC,1,1,1,111,Lost Customers
9489-JMTTN,5,5,5,555,Champions
0575-CUQOV,2,4,5,245,At Risk
0967-BMLBD,4,2,1,421,About to Sleep
6178-KFNHS,2,2,2,222,Lost Customers
2830-LEWOA,4,5,5,455,Champions
5006-MXVRN,5,3,2,532,Potential Loyalists
1264-BYWMS,1,4,5,145,At Risk
9658-WYUFB,2,2,3,223,Lost Customers
8327-WKMIE,5,3,2,532,Potential Loyalists
6917-FIJHC,5,5,3,553,Potential Loyalists
5329-KRDTM,5,5,5,555,Champions
7797-EJMDP,3,2,2,322,About to Sleep
3530-VWVGU,4,3,2,432,Potential Loyalists
2013-SGDXK,1,1,1,111,Lost Customers
6368-NWMCE,3,3,4,334,Loyal Customers
3633-CDBUW,4,2,3,423,About to Sleep
0707-HOVVN,5,5,5,555,Champions
8580-QVLOC,5,5,5,555,Champions
3956-MGXOG,2,3,4,234,At Risk
9274-UARKJ,2,2,3,223,Lost Customers
4077-HWUYD,5,5,5,555,Champions
2012-NWRPA,1,2,3,123,Lost Customers
8808-ELEHO,1,2,2,122,Lost Customers
0103-CSITQ,3,4,5,345,Loyal Customers
3506-LCJDC,3,1,1,311,About to Sleep
8671-KKKOS,3,4,4,344,Loyal Customers
7305-ZWMAJ,5,3,2,532,Potential Loyalists
9518-XXBXE,2,2,2,222,Lost Customers
3934-HXCFZ,2,3,4,234,At Risk
6578-KRMAW,2,3,4,234,At Risk
4860-IJUDE,2,2,3,223,Lost Customers
7666-WKRON,4,3,4,434,Loyal Customers
9688-YGXVR,2,4,4,244,At Risk
0423-UDIJQ,3,2,2,322,About to Sleep
1945-XISKS,5,5,3,553,Potential Loyalists
4910-AQFFX,1,2,2,122,Lost Customers
2154-KVJFF,1,2,3,123,Lost Customers
5360-LJCNJ,4,5,5,455,Champions
2607-FBDFF,2,1,1,211,Lost Customers
9647-ERGBE,1,3,4,134,At Risk
3428-XZMAZ,1,1,1,111,Lost Customers
1100-DDVRV,2,2,2,222,Lost Customers
0378-TOVMS,1,1,2,112,Lost Customers
4355-HBJHH,4,5,5,455,Champions
6728-WYQBC,3,1,1,311,About to Sleep
9058-CBREO,1,1,1,111,Lost Customers
9029-FEGVJ,2,3,4,234,At Risk
7216-KAOID,5,4,2,542,Potential Loyalists
0318-QUUOB,1,1,1,111,Lost Customers
6145-NNPNO,2,1,1,211,Lost Customers
5520-FVEWJ,1,2,2,122,Lost Customers
5339-TJFEK,2,5,5,255,At Risk
5572-ZDXHY,2,3,3,233,At Risk
2074-GUHPQ,2,2,3,223,Lost Customers
4625-XMOYM,5,5,3,553,Potential Loyalists
5827-MWCZK,3,4,5,345,Loyal Customers
1385-TQOZW,3,2,1,321,About to Sleep
5914-XRFQB,4,5,5,455,Champions
4329-YPDDQ,2,2,4,224,Lost Customers
4804-NCPET,5,2,2,522,About to Sleep
3750-CKVKH,1,1,1,111,Lost Customers
5944-UGLLK,4,4,4,444,Champions
8063-GBATB,1,3,4,134,At Risk
7787-BNTZM,3,1,1,311,About to Sleep
2252-ISRNH,2,2,2,222,Lost Customers
9415-TPKRV,2,2,2,222,Lost Customers
5322-TEUJK,4,5,5,455,Champions
4547-KQRTM,2,2,2,222,Lost Customers
4877-EVATK,3,1,1,311,About to Sleep
1866-DIOQZ,4,5,5,455,Champions
8375-KVTHK,3,5,5,355,Loyal Customers
2697-NQBPF,2,3,4,234,At Risk
3709-OIJEA,3,3,4,334,Loyal Customers
7639-SUPCW,3,3,3,333,Potential Loyalists
1386-ZIKUV,3,2,1,321,About to Sleep
0599-XNYDO,2,2,3,223,Lost Customers
6377-WHAOX,2,4,5,245,At Risk
6855-VLGOS,5,5,3,553,Potential Loyalists
8999-XXGNS,3,5,5,355,Loyal Customers
8746-OQQRW,3,1,1,311,About to Sleep
3181-MIZBN,4,2,2,422,About to Sleep
0471-ARVMX,2,5,5,255,At Risk
7766-CLTIC,3,2,2,322,About to Sleep
5650-YLIBA,2,3,4,234,At Risk
0825-CPPQH,5,5,3,553,Potential Loyalists
9084-OAYKL,5,4,3,543,Potential Loyalists
6122-LJADA,5,5,5,555,Champions
2400-XIWIO,5,5,5,555,Champions
7524-VRLPL,5,5,5,555,Champions
1069-XAIEM,1,1,1,111,Lost Customers
7569-NMZYQ,4,5,5,455,Champions
5201-USSQZ,3,3,4,334,Loyal Customers
2105-PHWON,2,3,4,234,At Risk
1494-EJZDW,5,2,1,521,About to Sleep
4884-TVUQF,4,4,5,445,Champions
8003-EWNDZ,3,2,1,321,About to Sleep
1897-RCFUM,4,3,2,432,Potential Loyalists
9256-JTBNZ,4,2,1,421,About to Sleep
4658-HCOHW,2,3,4,234,At Risk
2211-RMNHO,5,5,5,555,Champions
2432-TFSMK,2,2,3,223,Lost Customers
3440-JPSCL,1,1,2,112,Lost Customers
4929-ROART,3,2,3,323,About to Sleep
1834-ABKHQ,4,4,4,444,Champions
1741-WTPON,4,4,5,445,Champions
3932-IJWDZ,2,4,5,245,At Risk
1240-HCBOH,5,5,3,553,Potential Loyalists
3594-KADLU,2,1,1,211,Lost Customers
8065-BVEPF,2,5,5,255,At Risk
3796-ENZGF,5,5,4,554,Champions
1734-ZMNTZ,5,2,2,522,About to Sleep
2853-CWQFQ,2,1,1,211,Lost Customers
0813-TAXXS,4,4,4,444,Champions
2519-TWKFS,4,3,3,433,Potential Loyalists
2889-FPWRM,3,5,5,355,Loyal Customers
0626-QXNGV,5,5,3,553,Potential Loyalists
6723-CEGQI,5,5,4,554,Champions
6987-XQSJT,2,4,4,244,At Risk
4732-RRJZC,4,2,1,421,About to Sleep
9499-XPZXM,5,5,5,555,Champions
4338-EYCER,3,3,3,333,Potential Loyalists
3007-FDPEA,3,1,1,311,About to Sleep
6350-XFYGW,1,1,2,112,Lost Customers
4290-BSXUX,1,1,1,111,Lost Customers
8513-OLYGY,4,5,5,455,Champions
0311-QYWSS,2,1,2,212,Lost Customers
8705-DWKTI,2,4,4,244,At Risk
8755-IWJHN,2,5,5,255,At Risk
0325-XBFAC,1,2,2,122,Lost Customers
4480-QQRHC,1,2,2,122,Lost Customers
0929-PECLO,2,5,5,255,At Risk
3680-CTHUH,3,4,5,345,Loyal Customers
1202-KKGFU,3,2,2,322,About to Sleep
6112-KTHFQ,4,2,2,422,About to Sleep
1852-XEMDW,3,3,3,333,Potential Loyalists
2462-XIIJB,1,1,2,112,Lost Customers
4760-XOHVN,3,1,1,311,About to Sleep
1820-DJFPH,5,5,3,553,Potential Loyalists
9426-SXNHE,3,1,1,311,About to Sleep
9068-FHQHD,5,3,2,532,Potential Loyalists
1269-FOYWN,5,4,2,542,Potential Loyalists
9470-YFUYI,4,5,5,455,Champions
7817-BOQPW,1,1,1,111,Lost Customers
7402-EYFXX,1,3,4,134,At Risk
1853-UDXBW,1,1,1,111,Lost Customers
9895-VFOXH,1,1,1,111,Lost Customers
5458-CQJTA,5,5,5,555,Champions
1230-QAJDW,2,1,1,211,Lost Customers
5701-ZIKJE,3,2,2,322,About to Sleep
5219-YIPTK,1,3,4,134,At Risk
5032-MIYKT,1,1,1,111,Lost Customers
7396-VJUZB,3,1,1,311,About to Sleep
9717-QEBGU,1,1,1,111,Lost Customers
5172-RKOCB,4,5,5,455,Champions
6509-TSGWN,4,3,2,432,Potential Loyalists
3540-RZJYU,2,2,3,223,Lost Customers
3178-CIFOT,4,3,2,432,Potential Loyalists
2091-MJTFX,3,3,3,333,Potential Loyalists
4530-NDRKU,4,4,2,442,Potential Loyalists
5985-TBABQ,4,3,4,434,Loyal Customers
9800-ONTFE,2,3,3,233,At Risk
6743-HHQPF,3,4,3,343,Potential Loyalists
8455-HIRAQ,3,2,2,322,About to Sleep
6616-AALSR,4,5,5,455,Champions
0883-EIBTI,3,1,1,311,About to Sleep
9415-ZNBSX,5,5,5,555,Champions
4018-KJYUY,4,3,2,432,Potential Loyalists
0722-TROQR,1,1,2,112,Lost Customers
7571-YXDAD,1,1,1,111,Lost Customers
3884-UEBXB,5,5,4,554,Champions
8780-RSYYU,4,3,2,432,Potential Loyalists
5537-UXXVS,4,2,2,422,About to Sleep
1791-PQHBB,2,1,1,211,Lost Customers
8701-DGLVH,5,4,3,543,Potential Loyalists
8741-LQOBK,4,4,3,443,Potential Loyalists
3393-FMZPV,1,3,4,134,At Risk
8082-GHXOP,3,2,2,322,About to Sleep
6402-ZFPPI,2,3,4,234,At Risk
0980-FEXWF,4,3,3,433,Potential Loyalists
7486-KSRVI,2,4,4,244,At Risk
3011-WQKSZ,3,2,2,322,About to Sleep
8443-WVPSS,1,2,3,123,Lost Customers
3006-XIMLN,1,1,1,111,Lost Customers
8218-FFJDS,5,5,5,555,Champions
1986-PHGZF,3,2,3,323,About to Sleep
9965-YOKZB,1,2,2,122,Lost Customers
0504-HHAPI,2,3,4,234,At Risk
9360-OMDZZ,1,3,4,134,At Risk
6305-YLBMM,3,5,5,355,Loyal Customers
0345-XMMUG,3,4,5,345,Loyal Customers
8024-XNAFQ,4,5,5,455,Champions
3647-GMGDH,1,3,3,133,At Risk
2988-GBIVW,2,5,5,255,At Risk
2832-SCUCO,3,1,1,311,About to Sleep
7036-ZZKBD,3,3,3,333,Potential Loyalists
3791-LGQCY,2,4,5,245,At Risk
0265-PSUAE,2,2,3,223,Lost Customers
0463-TXOAK,5,4,3,543,Potential Loyalists
0594-UFTUL,4,2,1,421,About to Sleep
9509-MPYOD,5,3,2,532,Potential Loyalists
9128-CPXKI,4,4,5,445,Champions
0129-KPTWJ,2,5,5,255,At Risk
8166-ZZTFS,4,5,5,455,Champions
5855-EIBDE,4,4,5,445,Champions
5365-LLFYV,2,1,1,211,Lost Customers
5956-YHHRX,1,3,4,134,At Risk
6008-NAIXK,3,4,4,344,Loyal Customers
2956-GGUCQ,2,3,3,233,At Risk
1928-BXYIV,2,1,1,211,Lost Customers
5760-FXFVO,2,1,2,212,Lost Customers
6595-COKXZ,1,1,1,111,Lost Customers
0961-ZWLVI,3,4,5,345,Loyal Customers
5181-OABFK,5,4,4,544,Champions
4007-NHVHI,2,4,5,245,At Risk
7816-VGHTO,4,1,1,411,About to Sleep
5871-DGTXZ,5,3,2,532,Potential Loyalists
7550-WIQVA,3,4,5,345,Loyal Customers
7544-ZVIKX,3,4,5,345,Loyal Customers
0016-QLJIS,5,5,5,555,Champions
7508-DQAKK,5,5,5,555,Champions
5176-OLSKT,5,5,4,554,Champions
9356-AXGMP,2,3,4,234,At Risk
3556-BVQGL,4,2,2,422,About to Sleep
0362-ZBZWJ,1,3,4,134,At Risk
8979-CAMGB,3,5,5,355,Loyal Customers
4211-MMAZN,3,1,1,311,About to Sleep
7581-EBBOU,4,4,4,444,Champions
4274-OWWYO,1,1,1,111,Lost Customers
5073-RZGBK,4,4,4,444,Champions
1541-ETJZO,2,1,1,211,Lost Customers
2192-CKRLV,4,5,4,454,Champions
3154-HMWUU,5,4,3,543,Potential Loyalists
6119-SPUDB,5,4,3,543,Potential Loyalists
6522-OIQSX,4,5,4,454,Champions
7813-ZGGAW,2,3,4,234,At Risk
8748-HFWBO,5,2,2,522,About to Sleep
1052-QJIBV,5,5,3,553,Potential Loyalists
1319-YLZJG,2,2,3,223,Lost Customers
4106-HADHQ,4,3,4,434,Loyal Customers
0723-FDLAY,4,4,4,444,Champions
3050-RLLXC,5,4,5,545,Champions
9298-WGMRW,4,5,5,455,Champions
2369-UAPKZ,1,1,2,112,Lost Customers
3088-LHEFH,2,2,2,222,Lost Customers
2778-OCLGR,3,3,3,333,Potential Loyalists
6583-KQJLK,1,2,3,123,Lost Customers
8544-JNBOX,5,5,3,553,Potential Loyalists
6681-ZSEXG,5,4,4,544,Champions
6139-ZZRBQ,5,5,3,553,Potential Loyalists
6116-RFVHN,1,3,4,134,At Risk
0637-KVDLV,1,1,1,111,Lost Customers
8884-FEEWR,5,3,2,532,Potential Loyalists
3125-RAHBV,4,3,2,432,Potential Loyalists
6633-MPWBS,2,1,1,211,Lost Customers
0373-AIVNJ,4,2,2,422,About to Sleep
8785-EPNCG,3,2,1,321,About to Sleep
1682-VCOIO,5,3,2,532,Potential Loyalists
5729-KLZAR,1,1,2,112,Lost Customers
2072-ZVJJX,5,5,3,553,Potential Loyalists
8849-AYPTR,2,3,4,234,At Risk
9518-IMLHK,4,3,4,434,Loyal Customers
1582-RAFML,2,1,1,211,Lost Customers
3646-ITDGM,5,4,3,543,Potential Loyalists
8740-CRYFY,1,1,1,111,Lost Customers
3569-VLDHH,4,5,5,455,Champions
8224-KDLKN,5,5,3,553,Potential Loyalists
7594-LZNWR,3,3,4,334,Loyal Customers
4001-TSBTV,2,4,5,245,At Risk
2962-XPMCQ,1,1,1,111,Lost Customers
8727-XDPUD,4,3,3,433,Potential Loyalists
1043-UXOVO,4,5,5,455,Champions
1064-FBXNK,3,1,1,311,About to Sleep
3996-ZNWYK,5,5,3,553,Potential Loyalists
2878-DHMIN,5,3,2,532,Potential Loyalists
7762-ONLJY,4,1,1,411,About to Sleep
1678-FYZOW,1,1,1,111,Lost Customers
5795-BKOYE,5,5,4,554,Champions
8627-EHGIP,3,4,4,344,Loyal Customers
7402-PWYJJ,3,4,5,345,Loyal Customers
5480-TBGPH,2,3,4,234,At Risk
0018-NYROU,1,1,2,112,Lost Customers
7501-VTYLJ,3,1,1,311,About to Sleep
7608-RGIRO,5,5,3,553,Potential Loyalists
0480-BIXDE,1,2,3,123,Lost Customers
5895-QSXOD,2,2,2,222,Lost Customers
9814-AOUDH,5,4,3,543,Potential Loyalists
6175-IRFIT,1,1,2,112,Lost Customers
8760-ZRHKE,4,5,5,455,Champions
1622-HSHSF,2,1,1,211,Lost Customers
8854-CCVSQ,2,2,3,223,Lost Customers
6749-UTDVX,3,5,5,355,Loyal Customers
5542-DHSXL,3,1,1,311,About to Sleep
9102-OXKFY,5,4,4,544,Champions
0511-JTEOY,1,1,1,111,Lost Customers
5216-WASFJ,1,3,4,134,At Risk
7808-DVWEP,3,1,1,311,About to Sleep
7067-KSAZT,2,5,5,255,At Risk
2284-VFLKH,3,4,5,345,Loyal Customers
0366-NQSHS,3,1,1,311,About to Sleep
6532-YLWSI,5,4,3,543,Potential Loyalists
3807-BPOMJ,3,4,5,345,Loyal Customers
3892-NXAZG,4,5,5,455,Champions
4948-WBBKL,2,3,4,234,At Risk
4182-BGSIQ,3,2,1,321,About to Sleep
9300-AGZNL,1,1,1,111,Lost Customers
0988-AADSA,5,5,5,555,Champions
9972-NKTFD,4,3,3,433,Potential Loyalists
3717-LNXKW,3,3,4,334,Loyal Customers
5734-EJKXG,3,5,5,355,Loyal Customers
2207-RYYRL,5,4,3,543,Potential Loyalists
6729-FZWSY,5,5,3,553,Potential Loyalists
9695-IDRZR,4,3,4,434,Loyal Customers
8144-DGHXP,5,4,4,544,Champions
7814-LEEVE,2,1,1,211,Lost Customers
1112-CUNAO,1,2,3,123,Lost Customers
5175-AOBHI,2,1,1,211,Lost Customers
5174-RNGBH,3,2,2,322,About to Sleep
8631-WUXGY,2,4,4,244,At Risk
7270-BDIOA,1,3,3,133,At Risk
9565-JSNFM,3,3,4,334,Loyal Customers
5906-DVAPM,4,4,4,444,Champions
6654-QGBZZ,3,1,1,311,About to Sleep
8348-JLBUG,4,5,5,455,Champions
0607-DAAHE,5,4,3,543,Potential Loyalists
5641-DMBFJ,4,4,5,445,Champions
9200-NLNPD,3,4,4,344,Loyal Customers
2664-XJZNO,4,5,5,455,Champions
9732-KPKBW,2,1,1,211,Lost Customers
3339-EAQNV,3,5,5,355,Loyal Customers
0921-OHLVP,1,3,3,133,At Risk
3389-YGYAI,1,2,2,122,Lost Customers
9560-ARGQJ,2,2,3,223,Lost Customers
8350-NYMVI,4,3,3,433,Potential Loyalists
1600-DILPE,3,2,2,322,About to Sleep
0536-ESJEP,5,4,4,544,Champions
4654-GGUII,4,2,2,422,About to Sleep
6478-HRRCZ,4,3,4,434,Loyal Customers
8510-BBWMU,5,4,2,542,Potential Loyalists
6857-TKDJV,5,5,3,553,Potential Loyalists
2360-RDGRO,2,5,5,255,At Risk
0584-BJQGZ,3,3,3,333,Potential Loyalists
5134-IKDAY,1,1,1,111,Lost Customers
1360-XFJMR,3,5,5,355,Loyal Customers
3070-DVEYC,1,2,2,122,Lost Customers
5730-RIITO,3,4,3,343,Potential Loyalists
9058-MJLZC,2,3,4,234,At Risk
5707-ORNDZ,2,2,2,222,Lost Customers
0902-XKXPN,5,5,3,553,Potential Loyalists
5177-RVZNU,5,3,2,532,Potential Loyalists
0056-EPFBG,4,2,2,422,About to Sleep
8993-IZEUX,2,2,2,222,Lost Customers
8696-JKZNU,2,3,4,234,At Risk
5380-AFSSK,1,1,2,112,Lost Customers
8190-ZTQFB,3,4,4,344,Loyal Customers
0931-MHTEM,3,4,5,345,Loyal Customers
2055-PDADH,1,1,1,111,Lost Customers
7515-LODFU,5,5,3,553,Potential Loyalists
0440-UEDAI,3,4,5,345,Loyal Customers
1337-BOZWO,3,2,2,322,About to Sleep
0868-VJRDR,4,5,5,455,Champions
8714-EUHJO,2,3,4,234,At Risk
6344-SFJVH,3,2,2,322,About to Sleep
3950-VPYJB,5,4,4,544,Champions
8041-TMEID,4,5,5,455,Champions
7321-ZNSLA,5,2,2,522,About to Sleep
6941-KXRRV,4,4,4,444,Champions
3721-CNEYS,1,1,1,111,Lost Customers
8727-JQFHV,5,4,3,543,Potential Loyalists
9475-NNDGC,3,5,5,355,Loyal Customers
1355-KUSBG,2,2,2,222,Lost Customers
3688-FTHLT,2,2,3,223,Lost Customers
0899-LIIBW,1,3,4,134,At Risk
2568-OIADY,1,3,4,134,At Risk
1384-RCUXW,2,2,3,223,Lost Customers
5825-XJOCM,4,4,4,444,Champions
6848-YLDFR,4,4,4,444,Champions
8125-QPFJD,5,5,5,555,Champions
2320-YKQBO,3,2,1,321,About to Sleep
1193-RTSLK,3,3,4,334,Loyal Customers
2302-ANTDP,2,4,5,245,At Risk
5923-GXUOC,1,2,3,123,Lost Customers
4973-RLZVI,4,3,4,434,Loyal Customers
7869-ZYDST,3,3,3,333,Potential Loyalists
4501-UYKBC,4,4,4,444,Champions
1215-EXRMO,5,4,3,543,Potential Loyalists
2305-MRGLV,3,3,4,334,Loyal Customers
8404-VIOMB,5,5,4,554,Champions
5233-GEEAX,1,2,1,121,Lost Customers
2359-KLTEK,2,4,4,244,At Risk
5304-EFJLP,4,5,5,455,Champions
2673-ZALNP,4,2,1,421,About to Sleep
9184-GALIL,4,3,2,432,Potential Loyalists
4393-RYCRE,3,4,5,345,Loyal Customers
9746-MDMBK,3,4,5,345,Loyal Customers
3162-ZJZFU,3,4,5,345,Loyal Customers
8404-GFGCZ,1,1,1,111,Lost Customers
8875-AKBYH,1,2,3,123,Lost Customers
4432-ADRLB,2,1,1,211,Lost Customers
0533-UCAAU,3,4,4,344,Loyal Customers
1394-SUIUH,3,4,4,344,Loyal Customers
3521-MNKLV,3,3,3,333,Potential Loyalists
2533-TIBIX,3,2,2,322,About to Sleep
8993-PHFWD,1,1,1,111,Lost Customers
1565-RHDJD,2,1,2,212,Lost Customers
7137-RYLPP,1,3,4,134,At Risk
3765-JXVKY,1,1,1,111,Lost Customers
5092-STPKP,4,3,3,433,Potential Loyalists
7330-WZLNC,1,1,2,112,Lost Customers
0114-PEGZZ,2,3,4,234,At Risk
3359-DSRKA,5,4,3,543,Potential Loyalists
8639-NHQEI,4,5,5,455,Champions
7161-DFHUF,5,5,3,553,Potential Loyalists
3957-LXOLK,1,3,4,134,At Risk
3720-DBRWL,5,4,4,544,Champions
6635-MYYYZ,4,3,4,434,Loyal Customers
8565-WUXZU,5,5,5,555,Champions
5281-BUZGT,2,3,4,234,At Risk
4994-OBRSZ,5,2,3,523,About to Sleep
0562-FGDCR,5,5,5,555,Champions
2436-QBZFP,3,3,2,332,Potential Loyalists
3420-YJLQT,1,1,1,111,Lost Customers
6040-CGACY,4,2,2,422,About to Sleep
6582-PLFUU,5,4,3,543,Potential Loyalists
8242-PDSGJ,5,5,4,554,Champions
0264-CNITK,5,5,3,553,Potential Loyalists
0089-IIQKO,2,3,4,234,At Risk
7839-NUIAA,4,5,4,454,Champions
6075-QMNRR,4,4,4,444,Champions
5378-IKEEG,1,1,1,111,Lost Customers
5966-EMAZU,3,5,5,355,Loyal Customers
0440-EKDCF,5,5,4,554,Champions
4774-HHGGS,5,3,2,532,Potential Loyalists
2718-GAXQD,2,1,1,211,Lost Customers
2055-BFOCC,4,5,5,455,Champions
8180-AKMJV,1,1,1,111,Lost Customers
4298-OYIFC,1,2,3,123,Lost Customers
5566-SOEZD,4,3,4,434,Loyal Customers
9842-EFSYY,2,1,1,211,Lost Customers
2272-WUSPA,4,5,5,455,Champions
4584-LBNMK,4,4,3,443,Potential Loyalists
3898-GUYTS,2,4,4,244,At Risk
0930-EHUZA,4,3,4,434,Loyal Customers
6413-XKKPU,2,2,3,223,Lost Customers
9975-SKRNR,3,1,1,311,About to Sleep
3703-KBKZP,2,2,3,223,Lost Customers
1449-XQEMT,3,1,1,311,About to Sleep
2626-URJFX,2,1,1,211,Lost Customers
4973-MGTON,5,5,5,555,Champions
3682-YEUWS,3,2,1,321,About to Sleep
1223-UNPKS,5,2,2,522,About to Sleep
2612-RRIDN,1,1,2,112,Lost Customers
4735-ASGMA,1,3,4,134,At Risk
3446-QDSZF,2,1,1,211,Lost Customers
3669-LVWZB,2,1,2,212,Lost Customers
6892-EZDTG,1,1,2,112,Lost Customers
5117-IFGPS,1,3,4,134,At Risk
7379-FNIUJ,1,1,1,111,Lost Customers
1627-AFWVJ,5,3,2,532,Potential Loyalists
9725-SCPZG,1,1,1,111,Lost Customers
5884-GCYMI,1,1,1,111,Lost Customers
3217-FZDMN,1,2,2,122,Lost Customers
4486-EFAEB,3,2,1,321,About to Sleep
0060-FUALY,2,4,5,245,At Risk
7853-GVUDZ,2,1,1,211,Lost Customers
7480-QNVZJ,1,4,5,145,At Risk
6954-OOYZZ,3,2,2,322,About to Sleep
7088-FBAWU,3,2,3,323,About to Sleep
8313-AFGBW,4,4,4,444,Champions
3943-KDREE,2,3,3,233,At Risk
9239-ZBZZV,1,1,2,112,Lost Customers
3097-IDVPU,3,2,2,322,About to Sleep
4398-HSCJH,1,1,1,111,Lost Customers
2197-OMWGI,4,5,4,454,Champions
2303-PJYHN,3,1,1,311,About to Sleep
9795-VOWON,2,2,1,221,Lost Customers
1237-WIYYZ,4,2,2,422,About to Sleep
1987-AUELQ,5,5,3,553,Potential Loyalists
7852-LECYP,2,2,3,223,Lost Customers
4430-UZIPO,2,1,1,211,Lost Customers
4822-LPTYJ,4,5,5,455,Champions
8165-CBKXO,4,5,4,454,Champions
6527-PZFPV,4,3,2,432,Potential Loyalists
4855-SNKMY,1,1,1,111,Lost Customers
9593-CVZKR,5,4,3,543,Potential Loyalists
8595-SIZNC,4,3,2,432,Potential Loyalists
8008-HAWED,1,2,2,122,Lost Customers
7124-UGSUR,3,5,5,355,Loyal Customers
1862-SKORY,2,3,3,233,At Risk
5236-XMZJY,4,4,4,444,Champions
4827-DPADN,5,5,5,555,Champions
2694-CIUMO,2,2,3,223,Lost Customers
5846-ABOBJ,5,5,3,553,Potential Loyalists
1439-LCGVL,5,3,2,532,Potential Loyalists
0909-SDHNU,3,2,1,321,About to Sleep
4647-XXZAM,3,1,2,312,About to Sleep
1502-XFCVR,3,4,5,345,Loyal Customers
7740-KKCXF,3,4,3,343,Potential Loyalists
5360-XGYAZ,5,5,5,555,Champions
9692-TUSXH,1,2,3,123,Lost Customers
7912-SYRQT,1,2,2,122,Lost Customers
3557-HTYWR,5,4,4,544,Champions
4816-JBHOV,1,1,1,111,Lost Customers
8920-NAVAY,3,5,5,355,Loyal Customers
1699-TLDLZ,5,2,2,522,About to Sleep
5600-PDUJF,3,1,2,312,About to Sleep
8292-TYSPY,3,2,3,323,About to Sleep
0567-XRHCU,5,5,4,554,Champions
1867-BDVFH,1,2,2,122,Lost Customers
2067-QYTCF,2,5,5,255,At Risk
2359-QWQUL,3,3,4,334,Loyal Customers
9103-TCIHJ,3,2,2,322,About to Sleep
7407-SUJIZ,4,3,2,432,Potential Loyalists
9150-KPBJQ,5,1,1,511,About to Sleep
0052-DCKON,4,5,5,455,Champions
3654-ARMGP,5,5,5,555,Champions
9699-UBQFS,2,4,4,244,At Risk
9367-TCUYN,4,2,1,421,About to Sleep
1261-FWTTE,2,3,2,232,At Risk
3528-HFRIQ,3,5,4,354,Loyal Customers
0708-SJDIS,3,3,4,334,Loyal Customers
4140-WJAWW,3,1,1,311,About to Sleep
2073-QBVBI,4,4,3,443,Potential Loyalists
6928-ONTRW,5,5,3,553,Potential Loyalists
3320-VEOYC,1,2,3,123,Lost Customers
5231-FIQPA,5,4,2,542,Potential Loyalists
6617-WLBQC,3,3,3,333,Potential Loyalists
2599-CIPQE,5,5,5,555,Champions
6653-CBBOM,1,1,1,111,Lost Customers
8774-GSBUN,5,5,3,553,Potential Loyalists
7326-RIGQZ,1,1,2,112,Lost Customers
1401-FTHFQ,4,3,2,432,Potential Loyalists
3247-ZVOUO,1,2,2,122,Lost Customers
0254-FNMCI,4,5,5,455,Champions
1848-LBZHY,3,2,2,322,About to Sleep
6101-IMRMM,1,1,2,112,Lost Customers
8118-TJAFG,1,2,2,122,Lost Customers
5429-LWCMV,1,2,3,123,Lost Customers
7298-IZWLY,2,1,1,211,Lost Customers
9758-MFWGD,4,4,3,443,Potential Loyalists
3955-JBZZM,2,2,3,223,Lost Customers
1268-ASBGA,1,2,3,123,Lost Customers
8943-URTMR,1,1,1,111,Lost Customers
4815-TUMEQ,4,2,1,421,About to Sleep
4713-LZDRV,1,1,1,111,Lost Customers
9909-IDLEK,2,2,3,223,Lost Customers
4092-OFQZS,4,2,2,422,About to Sleep
1561-BWHIN,5,2,2,522,About to Sleep
4325-NFSKC,1,2,3,123,Lost Customers
9927-DSWDF,2,3,4,234,At Risk
9500-LTVBP,3,3,4,334,Loyal Customers
7252-NTGSS,2,1,1,211,Lost Customers
8149-AIQCG,2,3,4,234,At Risk
1360-JYXKQ,2,4,5,245,At Risk
2955-PSXOE,2,1,1,211,Lost Customers
7762-URZQH,4,5,5,455,Champions
0899-WZRSD,2,4,5,245,At Risk
3255-GRXMG,3,2,2,322,About to Sleep
4828-FAZPK,2,2,3,223,Lost Customers
6094-ZIVKX,4,5,4,454,Champions
6925-BAYGL,5,4,3,543,Potential Loyalists
3262-EIDHV,5,5,5,555,Champions
7354-OIJLX,1,2,2,122,Lost Customers
1376-HHBDV,4,3,3,433,Potential Loyalists
6907-NZZIJ,1,3,4,134,At Risk
6133-OZILE,2,2,2,222,Lost Customers
4135-FRWKJ,4,4,4,444,Champions
2911-UREFD,3,3,4,334,Loyal Customers
3744-ZRRDZ,2,3,3,233,At Risk
5673-TIYIB,2,1,1,211,Lost Customers
6551-ZCOTS,4,3,2,432,Potential Loyalists
7191-ADRGF,4,4,4,444,Champions
5018-LXQQG,4,3,3,433,Potential Loyalists
6892-BOGQE,5,5,3,553,Potential Loyalists
1602-IJQQE,1,1,2,112,Lost Customers
4628-WQCQQ,3,3,4,334,Loyal Customers
1746-TGTWV,1,1,1,111,Lost Customers
5995-SNNEW,1,3,4,134,At Risk
8050-WYBND,3,3,3,333,Potential Loyalists
2821-WARNZ,5,4,2,542,Potential Loyalists
4879-GZLFH,2,4,4,244,At Risk
1644-IRKSF,2,3,4,234,At Risk
8314-HTWVE,5,2,1,521,About to Sleep
9402-ROUMJ,4,5,5,455,Champions
2507-QZPQS,2,2,3,223,Lost Customers
7159-NOKYQ,4,5,5,455,Champions
5707-ZMDJP,5,4,4,544,Champions
8779-YIQQA,5,3,2,532,Potential Loyalists
7136-IHZJA,4,3,4,434,Loyal Customers
8966-OIQHG,5,3,2,532,Potential Loyalists
7074-STDCN,3,3,3,333,Potential Loyalists
3705-PSNGL,4,4,2,442,Potential Loyalists
8739-QOTTN,3,1,1,311,About to Sleep
1399-OUPJN,5,4,3,543,Potential Loyalists
0277-BKSQP,2,2,2,222,Lost Customers
6502-HCJTI,1,2,2,122,Lost Customers
2606-RMDHZ,2,1,1,211,Lost Customers
5774-XZTQC,4,2,1,421,About to Sleep
2676-SSLTO,4,4,4,444,Champions
6266-QHOJZ,4,5,5,455,Champions
7269-JISCY,4,4,4,444,Champions
0363-SVHYR,5,5,5,555,Champions
8547-NSBBO,3,3,4,334,Loyal Customers
8258-GSTJK,1,1,1,111,Lost Customers
6861-OKBCE,4,2,1,421,About to Sleep
9940-RHLFB,1,1,1,111,Lost Customers
6591-QGOYB,2,2,3,223,Lost Customers
9070-BCKQP,4,5,5,455,Champions
6421-SZVEM,3,3,4,334,Loyal Customers
1328-EUZHC,5,2,2,522,About to Sleep
2995-UPRYS,3,3,4,334,Loyal Customers
8878-RYUKI,3,4,4,344,Loyal Customers
9633-DENPU,3,4,4,344,Loyal Customers
7811-JIVPF,3,3,3,333,Potential Loyalists
7113-HIPFI,5,5,4,554,Champions
8541-QVFKM,1,2,2,122,Lost Customers
6686-YPGHK,3,4,4,344,Loyal Customers
1383-EZRWL,4,2,1,421,About to Sleep
9258-CNWAC,4,5,5,455,Champions
5371-VYLSX,2,4,4,244,At Risk
6374-AFWOX,5,4,4,544,Champions
4759-TRPLW,1,1,1,111,Lost Customers
5317-FLPJF,5,5,4,554,Champions
7621-VPNET,2,4,4,244,At Risk
6034-YMTOB,2,1,2,212,Lost Customers
8563-IIOXK,3,2,2,322,About to Sleep
4903-CNOZC,4,3,3,433,Potential Loyalists
4353-HYOJD,4,3,3,433,Potential Loyalists
8020-BWHYL,2,2,3,223,Lost Customers
7267-FRMJW,5,3,2,532,Potential Loyalists
2982-VPSGI,1,2,3,123,Lost Customers
4188-FRABG,2,4,5,245,At Risk
8199-ZLLSA,3,5,5,355,Loyal Customers
4128-ETESU,1,4,5,145,At Risk
0620-DLSLK,2,2,3,223,Lost Customers
4625-EWPTF,2,2,1,221,Lost Customers
5980-NOPLP,1,4,4,144,At Risk
3850-OKINF,4,5,5,455,Champions
6892-XPFPU,1,3,4,134,At Risk
8010-EZLOU,1,2,3,123,Lost Customers
1156-ZFYDO,2,1,1,211,Lost Customers
3295-YVUSR,1,1,1,111,Lost Customers
8016-NCFVO,2,4,5,245,At Risk
4119-ZYPZY,3,5,5,355,Loyal Customers
5549-ZGHFB,5,4,3,543,Potential Loyalists
7577-SWIFR,1,1,1,111,Lost Customers
0303-WMMRN,3,1,1,311,About to Sleep
6408-OTUBZ,4,5,5,455,Champions
5204-HMGYF,4,4,4,444,Champions
1078-TDCRN,1,1,1,111,Lost Customers
3727-OVPRY,5,5,3,553,Potential Loyalists
3797-FKOGQ,1,2,2,122,Lost Customers
7622-NXQZR,3,3,2,332,Potential Loyalists
6196-HBOBZ,4,5,5,455,Champions
3970-XGJDU,5,5,3,553,Potential Loyalists
7017-VFULY,3,1,1,311,About to Sleep
5562-YJQGT,3,1,1,311,About to Sleep
8807-OPMBM,5,4,3,543,Potential Loyalists
5439-WIKXB,1,4,4,144,At Risk
9874-QLCLH,1,2,3,123,Lost Customers
8294-UIMBA,3,3,4,334,Loyal Customers
8109-YUOHE,4,2,3,423,About to Sleep
5840-NVDCG,5,2,3,523,About to Sleep
8092-NLTGF,5,5,3,553,Potential Loyalists
5928-QLDHB,1,2,2,122,Lost Customers
9840-EFJQB,1,1,1,111,Lost Customers
0696-UKTOX,4,3,3,433,Potential Loyalists
4801-KFYKL,4,2,1,421,About to Sleep
3472-OAOOR,3,2,2,322,About to Sleep
6135-OZQVA,2,2,2,222,Lost Customers
8062-YBDOE,1,1,1,111,Lost Customers
2252-JHJGE,3,5,5,355,Loyal Customers
4188-PCPIG,5,4,4,544,Champions
6000-APYLU,1,2,2,122,Lost Customers
7105-BENQF,4,2,3,423,About to Sleep
7721-DVEKZ,3,1,1,311,About to Sleep
3566-VVORZ,3,2,2,322,About to Sleep
9507-HSMMZ,5,4,3,543,Potential Loyalists
2480-SQIOB,2,1,1,211,Lost Customers
0947-IDHRQ,1,2,2,122,Lost Customers
7813-TKCVO,4,2,2,422,About to Sleep
0128-MKWSG,4,3,3,433,Potential Loyalists
3672-YITQD,1,3,4,134,At Risk
4350-ZTLPI,3,4,5,345,Loyal Customers
9048-JVYVF,1,1,1,111,Lost Customers
0361-HJRDX,5,5,5,555,Champions
5727-MYATE,5,5,5,555,Champions
3823-KYNQY,4,2,2,422,About to Sleep
8988-ECPJR,2,3,4,234,At Risk
7570-WELNY,4,5,5,455,Champions
3021-VLNRJ,4,4,4,444,Champions
3776-EKTKM,1,1,1,111,Lost Customers
2080-CAZNM,1,4,4,144,At Risk
1028-FFNJK,1,3,4,134,At Risk
6907-FLBER,1,1,1,111,Lost Customers
3001-UNBTL,1,3,4,134,At Risk
5982-PSMKW,4,3,4,434,Loyal Customers
3507-GASNP,5,4,3,543,Potential Loyalists
7096-ZNBZI,5,5,3,553,Potential Loyalists
1902-XBTFB,2,3,3,233,At Risk
1676-MQAOA,5,5,5,555,Champions
0786-IVLAW,3,5,5,355,Loyal Customers
7566-DSRLQ,4,5,5,455,Champions
0643-OKLRP,2,4,4,244,At Risk
7245-JMTTQ,2,4,5,245,At Risk
6050-IJRHS,3,5,5,355,Loyal Customers
6202-JVYEU,4,2,1,421,About to Sleep
8591-TKMZH,4,4,5,445,Champions
0734-OXWBT,2,1,1,211,Lost Customers
4282-ACRXS,2,3,3,233,At Risk
0365-TRTPY,3,3,4,334,Loyal Customers
7349-ALMUX,5,3,4,534,Loyal Customers
9381-NDKME,2,3,2,232,At Risk
6502-KUGLL,4,2,2,422,About to Sleep
1841-YSJGV,4,5,5,455,Champions
2794-XIMMO,3,4,4,344,Loyal Customers
8382-SHQEH,1,2,2,122,Lost Customers
3511-BFTJW,5,5,4,554,Champions
7668-XCFYV,1,2,3,123,Lost Customers
2983-ZANRP,1,1,1,111,Lost Customers
7845-URHJN,3,2,1,321,About to Sleep
3034-ZBEQN,4,4,3,443,Potential Loyalists
5018-HEKFO,3,2,2,322,About to Sleep
2923-ARZLG,2,1,1,211,Lost Customers
3976-NLDEZ,3,1,1,311,About to Sleep
2282-YGNOR,4,3,3,433,Potential Loyalists
5336-UFNZP,3,5,5,355,Loyal Customers
6854-EXGSF,3,2,2,322,About to Sleep
1241-EZFMJ,5,5,3,553,Potential Loyalists
9233-PSYHO,2,4,4,244,At Risk
5376-PCKNB,3,5,5,355,Loyal Customers
8044-BGWPI,3,2,2,322,About to Sleep
4060-LDNLU,1,2,2,122,Lost Customers
3589-PPVKW,2,2,2,222,Lost Customers
8327-LZKAS,2,4,5,245,At Risk
5887-IKKYO,4,4,5,445,Champions
1075-BGWOH,1,2,3,123,Lost Customers
1755-RMCXH,3,1,1,311,About to Sleep
0302-JOIVN,1,2,2,122,Lost Customers
3858-XHYJO,3,3,4,334,Loyal Customers
4299-SIMNS,1,2,2,122,Lost Customers
7025-IWFHT,3,4,4,344,Loyal Customers
6261-LHRTG,3,3,3,333,Potential Loyalists
7841-FCRQD,4,3,3,433,Potential Loyalists
2056-EVGZL,4,5,5,455,Champions
8777-MBMTS,4,5,5,455,Champions
7753-USQYQ,4,4,4,444,Champions
5366-IJEQJ,1,2,3,123,Lost Customers
7661-CPURM,3,2,3,323,About to Sleep
6233-HXJMX,2,4,4,244,At Risk
5902-WBLSE,5,5,3,553,Potential Loyalists
1981-INRFU,1,1,1,111,Lost Customers
4971-PUYQO,1,3,4,134,At Risk
3239-TPHPZ,4,2,1,421,About to Sleep
5115-GZDEL,5,5,5,555,Champions
3338-CVVEH,1,2,3,123,Lost Customers
8485-GJCDN,1,1,2,112,Lost Customers
2615-YVMYX,2,5,5,255,At Risk
2851-STERV,3,3,4,334,Loyal Customers
4393-GEADV,4,5,5,455,Champions
8486-AYEQH,2,3,4,234,At Risk
1527-SXDPN,4,4,5,445,Champions
6029-WTIPC,1,3,4,134,At Risk
8634-CILSZ,3,5,5,355,Loyal Customers
5419-JKZNQ,2,3,4,234,At Risk
2495-KZNFB,2,3,4,234,At Risk
1409-PHXTF,3,4,5,345,Loyal Customers
4560-WQAQW,4,4,4,444,Champions
9591-YVTEB,3,4,4,344,Loyal Customers
9309-BZGNT,4,5,4,454,Champions
4274-DRSQT,3,5,5,355,Loyal Customers
2027-DNKIV,4,3,4,434,Loyal Customers
8075-GXIUB,4,2,1,421,About to Sleep
2885-HIJDH,5,5,5,555,Champions
5424-RLQLC,2,2,2,222,Lost Customers
6682-QJDGB,4,3,4,434,Loyal Customers
6507-DTJZV,3,2,2,322,About to Sleep
8780-IXSTS,1,1,2,112,Lost Customers
7673-BQGKU,5,5,3,553,Potential Loyalists
6723-WSNTY,3,5,5,355,Loyal Customers
9530-EHPOH,2,2,2,222,Lost Customers
2725-IWWBA,5,4,4,544,Champions
0345-HKJVM,1,1,2,112,Lost Customers
1061-PNTHC,2,4,5,245,At Risk
0394-YONDK,5,5,3,553,Potential Loyalists
6574-MCOEH,3,3,4,334,Loyal Customers
7399-QHBJS,5,5,5,555,Champions
3049-SOLAY,1,1,2,112,Lost Customers
0997-YTLNY,4,2,3,423,About to Sleep
3317-HRTNN,1,1,1,111,Lost Customers
9479-HYNYL,5,5,5,555,Champions
3235-ETOOB,2,2,2,222,Lost Customers
9708-KFDBY,3,1,1,311,About to Sleep
8058-INTPH,1,1,1,111,Lost Customers
3642-GKTCT,3,5,5,355,Loyal Customers
0774-RMNUW,5,5,4,554,Champions
1334-PDUKM,4,5,5,455,Champions
0756-MPZRL,4,4,3,443,Potential Loyalists
2242-MFOTG,3,3,4,334,Loyal Customers
2927-CVULT,4,4,5,445,Champions
2144-BFDSO,2,4,5,245,At Risk
8745-PVESG,4,4,4,444,Champions
7647-GYYKX,5,4,3,543,Potential Loyalists
5647-FXOTP,1,4,5,145,At Risk
5569-OUICF,2,3,4,234,At Risk
8821-XNHVZ,1,1,1,111,Lost Customers
2082-OJVTK,2,3,4,234,At Risk
9700-ISPUP,2,2,2,222,Lost Customers
9839-ETQOE,3,4,3,343,Potential Loyalists
6078-VESFR,2,2,2,222,Lost Customers
9027-TMATR,4,4,4,444,Champions
5940-NFXKV,1,2,3,123,Lost Customers
1941-HOSAM,1,1,1,111,Lost Customers
9110-HSGTV,5,5,5,555,Champions
0704-VCUMB,5,5,3,553,Potential Loyalists
6171-ZTVYB,4,4,4,444,Champions
8053-WWDRO,3,1,1,311,About to Sleep
9564-KCLHR,2,1,1,211,Lost Customers
1935-IMVBB,2,4,5,245,At Risk
2535-PBCGC,5,5,5,555,Champions
2082-CEFLT,1,1,1,111,Lost Customers
1470-PSXNM,3,4,5,345,Loyal Customers
1213-NGCUN,3,1,2,312,About to Sleep
2498-XLDZR,5,3,4,534,Loyal Customers
9866-OCCKE,4,5,5,455,Champions
5338-YHWYT,5,3,4,534,Loyal Customers
7718-UPSKJ,4,5,5,455,Champions
8731-WBBMB,3,3,4,334,Loyal Customers
1448-CYWKC,3,4,5,345,Loyal Customers
7901-IIDQV,4,3,3,433,Potential Loyalists
2690-DVRVK,4,1,1,411,About to Sleep
5688-KZTSN,3,2,2,322,About to Sleep
1270-XKUCC,5,3,2,532,Potential Loyalists
0334-ZFJSR,4,4,4,444,Champions
2894-QOJRX,2,3,2,232,At Risk
5747-PMBSQ,2,2,2,222,Lost Customers
5583-EJXRD,5,4,4,544,Champions
4565-EVZMJ,5,4,4,544,Champions
3143-JQEGI,1,2,3,123,Lost Customers
6386-SZZKH,4,4,5,445,Champions
3327-YBAKM,3,5,5,355,Loyal Customers
9441-QHEVC,3,1,1,311,About to Sleep
6705-LNMDD,3,2,3,323,About to Sleep
2580-ASVVY,4,3,3,433,Potential Loyalists
3370-GQEAL,2,3,4,234,At Risk
5032-USPKF,4,3,4,434,Loyal Customers
2982-IHMFT,1,1,1,111,Lost Customers
3521-SYVOR,2,3,4,234,At Risk
4254-QPEDE,5,4,4,544,Champions
6283-GITPX,5,5,5,555,Champions
9526-JAWYF,2,3,4,234,At Risk
0771-CHWSK,5,5,5,555,Champions
9788-HNGUT,4,5,5,455,Champions
9495-REDIY,4,3,3,433,Potential Loyalists
5375-XLDOF,4,5,5,455,Champions
1172-VIYBP,5,4,4,544,Champions
5649-VUKMC,2,2,3,223,Lost Customers
6559-PDZLR,2,3,4,234,At Risk
8992-OBVDG,3,3,3,333,Potential Loyalists
4273-MBHYA,1,1,1,111,Lost Customers
4724-WXVWF,2,4,4,244,At Risk
5701-GUXDC,4,3,3,433,Potential Loyalists
1460-UZPRJ,5,4,3,543,Potential Loyalists
6082-GLJIX,4,2,2,422,About to Sleep
5143-EGQFK,2,2,2,222,Lost Customers
4919-IKATY,1,1,2,112,Lost Customers
2495-TTHBQ,4,1,1,411,About to Sleep
0485-ZBSLN,5,5,3,553,Potential Loyalists
3810-PJUHR,5,5,3,553,Potential Loyalists
9050-QLROH,1,2,3,123,Lost Customers
0847-HGRML,5,5,3,553,Potential Loyalists
8232-CTLKO,5,5,4,554,Champions
9227-YBAXE,5,5,5,555,Champions
6168-WFVVF,1,1,1,111,Lost Customers
9860-LISIZ,4,3,2,432,Potential Loyalists
0112-QAWRZ,2,2,3,223,Lost Customers
0877-SDMBN,3,4,5,345,Loyal Customers
2786-GCDPI,1,4,5,145,At Risk
4043-MKDTV,4,5,5,455,Champions
8065-YKXKD,1,2,2,122,Lost Customers
9637-EIHEQ,1,1,1,111,Lost Customers
9229-RQABD,4,2,2,422,About to Sleep
8313-KTIHG,2,1,1,211,Lost Customers
5320-BRKGK,5,4,4,544,Champions
6284-KMNUF,2,4,5,245,At Risk
9689-PTNPG,1,1,1,111,Lost Customers
9465-RWMXL,2,3,4,234,At Risk
6229-UOLQL,4,4,4,444,Champions
2362-IBOOY,1,3,4,134,At Risk
3137-LUPIX,2,1,1,211,Lost Customers
0843-WTBXE,2,4,5,245,At Risk
6143-JQKEA,3,2,2,322,About to Sleep
8676-OOQEJ,2,1,1,211,Lost Customers
5515-IDEJJ,3,1,1,311,About to Sleep
9701-CDXHR,3,4,4,344,Loyal Customers
7450-NWRTR,1,2,3,123,Lost Customers
8124-NZVGJ,2,1,1,211,Lost Customers
2162-FRZAA,5,5,4,554,Champions
5376-DEQCP,1,1,1,111,Lost Customers
5118-MUEYH,2,4,5,245,At Risk
9095-HFAFX,1,1,2,112,Lost Customers
5627-TVBPP,5,3,2,532,Potential Loyalists
2379-ENZGV,1,1,2,112,Lost Customers
3936-QQFLL,3,1,1,311,About to Sleep
2589-AYCRP,5,4,3,543,Potential Loyalists
4067-HLYQI,2,3,4,234,At Risk
5124-EOGYE,5,3,2,532,Potential Loyalists
5057-RKGLH,5,2,1,521,About to Sleep
0292-WEGCH,3,4,5,345,Loyal Customers
8910-ICHIU,3,4,5,345,Loyal Customers
4097-YODCF,2,3,4,234,At Risk
9715-WZCLW,4,5,5,455,Champions
9786-YWNHU,5,5,4,554,Champions
6407-GSJNL,5,4,3,543,Potential Loyalists
6005-OBZPH,1,3,4,134,At Risk
4049-ZPALD,4,5,5,455,Champions
7932-WPTDS,1,1,1,111,Lost Customers
3733-UOCWF,3,5,5,355,Loyal Customers
6833-JMZYP,1,2,3,123,Lost Customers
2722-VOJQL,3,5,5,355,Loyal Customers
1310-QRITU,2,2,2,222,Lost Customers
8961-QDZZJ,3,4,5,345,Loyal Customers
9715-SBVSU,4,2,2,422,About to Sleep
8490-BXHEO,2,2,3,223,Lost Customers
7173-TETGO,4,5,5,455,Champions
7929-SKFGK,4,5,5,455,Champions
2300-RQGOI,5,3,2,532,Potential Loyalists
3563-SVYLG,5,5,4,554,Champions
5228-EXCET,1,2,3,123,Lost Customers
6435-VWCCY,4,5,5,455,Champions
4998-IKFSE,1,3,4,134,At Risk
8630-QSGXK,4,4,4,444,Champions
2455-USLMV,2,3,4,234,At Risk
7394-FKDNK,1,2,2,122,Lost Customers
9488-FVZCC,5,5,5,555,Champions
6331-LWDTQ,2,2,2,222,Lost Customers
5995-WWKKG,4,3,2,432,Potential Loyalists
1597-FZREH,1,1,1,111,Lost Customers
7879-CGSFV,3,4,5,345,Loyal Customers
9921-EZKBY,2,3,4,234,At Risk
7432-FFVAR,4,4,4,444,Champions
7246-ZGQDF,2,1,1,211,Lost Customers
7000-WCEVQ,2,2,3,223,Lost Customers
0727-IWKVK,1,2,2,122,Lost Customers
5959-BELXA,1,3,4,134,At Risk
4456-RHSNB,3,2,3,323,About to Sleep
3512-IZIKN,5,5,5,555,Champions
2481-SBOYW,5,5,3,553,Potential Loyalists
7109-MFBYV,3,3,3,333,Potential Loyalists
1833-TCXKK,2,4,5,245,At Risk
1832-PEUTS,4,5,5,455,Champions
6141-OOXUQ,3,1,1,311,About to Sleep
8660-BUETV,2,1,1,211,Lost Customers
0580-PIQHM,3,4,4,344,Loyal Customers
5696-CEIQJ,4,5,5,455,Champions
7503-ZGUZJ,1,1,1,111,Lost Customers
1696-HXOWK,4,5,5,455,Champions
3026-ATZYV,4,3,4,434,Loyal Customers
4012-YCFAI,5,4,4,544,Champions
2506-TNFCO,1,1,1,111,Lost Customers
9970-QBCDA,3,1,1,311,About to Sleep
8718-PTMEZ,2,2,2,222,Lost Customers
9496-IVVRP,3,2,2,322,About to Sleep
2207-OBZNX,3,2,2,322,About to Sleep
2657-VPXTA,1,2,2,122,Lost Customers
6551-VLJMV,5,3,2,532,Potential Loyalists
1221-GHZEP,5,5,4,554,Champions
9289-LBQVU,4,5,5,455,Champions
6142-VSJQO,2,1,1,211,Lost Customers
3458-IDMFK,5,3,2,532,Potential Loyalists
6933-FHBZC,4,3,3,433,Potential Loyalists
0221-NAUXK,4,2,1,421,About to Sleep
9770-KXGQU,3,4,5,345,Loyal Customers
6437-UKHMV,1,2,2,122,Lost Customers
6538-POCHL,3,3,4,334,Loyal Customers
6726-NNFWD,4,5,5,455,Champions
3002-WQZWT,2,3,3,233,At Risk
4277-UDIEF,3,3,3,333,Potential Loyalists
1208-NBVFH,3,2,3,323,About to Sleep
4912-PIGUY,1,1,1,111,Lost Customers
1114-CENIM,3,4,4,344,Loyal Customers
6060-DRTNL,1,1,2,112,Lost Customers
2725-TTRIQ,5,5,5,555,Champions
3374-TTZTK,4,4,5,445,Champions
8990-ZXLSU,2,2,2,222,Lost Customers
2275-RBYQS,1,1,1,111,Lost Customers
8473-VUVJN,1,1,1,111,Lost Customers
6289-CPNLD,4,3,4,434,Loyal Customers
5536-SLHPM,2,4,4,244,At Risk
4419-UJMUS,4,5,5,455,Champions
7794-JASDG,2,1,1,211,Lost Customers
7609-YBPXG,5,4,5,545,Champions
5519-TEEUH,5,3,2,532,Potential Loyalists
7856-GANIL,3,4,5,345,Loyal Customers
0804-XBFBV,2,2,2,222,Lost Customers
2676-OXPPQ,3,1,2,312,About to Sleep
3703-TTEPD,3,3,3,333,Potential Loyalists
2799-TSLAG,5,5,3,553,Potential Loyalists
0196-VULGZ,1,1,2,112,Lost Customers
8837-VVWLQ,2,2,2,222,Lost Customers
2696-NARTR,2,2,2,222,Lost Customers
2208-NKVVH,5,4,3,543,Potential Loyalists
7614-QVWQL,3,4,4,344,Loyal Customers
1976-CFOCS,1,1,1,111,Lost Customers
4631-OACRM,1,2,3,123,Lost Customers
7139-JZFVG,5,4,4,544,Champions
4987-GQWPO,3,2,2,322,About to Sleep
3755-JBMNH,2,2,3,223,Lost Customers
1757-TCATG,5,3,2,532,Potential Loyalists
6345-ULYRW,3,4,4,344,Loyal Customers
4776-XSKYQ,4,2,2,422,About to Sleep
8048-DSDFQ,3,1,1,311,About to Sleep
5753-QQWPW,4,3,3,433,Potential Loyalists
6010-DDPPW,5,5,3,553,Potential Loyalists
1809-DMJHQ,3,1,1,311,About to Sleep
6693-FRIRW,2,2,3,223,Lost Customers
6586-MYGKD,5,5,5,555,Champions
3173-NVMPX,3,2,2,322,About to Sleep
0248-PGHBZ,4,5,5,455,Champions
0623-GDISB,2,1,1,211,Lost Customers
2892-GESUL,5,2,2,522,About to Sleep
6923-EFPNL,2,1,1,211,Lost Customers
7472-EQOAV,4,5,5,455,Champions
9574-RKJIF,2,3,4,234,At Risk
2043-WVTQJ,2,1,1,211,Lost Customers
8034-RYTVV,3,4,5,345,Loyal Customers
3863-QSTYI,3,4,4,344,Loyal Customers
2619-WFQWU,1,1,1,111,Lost Customers
5044-LRQAQ,2,2,2,222,Lost Customers
1716-LSAMB,5,4,4,544,Champions
1333-PBMXB,5,4,3,543,Potential Loyalists
6546-OPBBH,4,4,3,443,Potential Loyalists
5985-BEHZK,3,5,5,355,Loyal Customers
9127-QRZMH,4,4,4,444,Champions
5919-VCZYM,3,1,1,311,About to Sleep
9644-KVCNC,3,5,5,355,Loyal Customers
2137-DQMEV,4,5,4,454,Champions
8174-LNWMW,5,3,2,532,Potential Loyalists
9279-CJEOJ,1,3,3,133,At Risk
7964-VEXDG,2,3,3,233,At Risk
2404-JIBFC,5,4,5,545,Champions
0778-NELLA,2,2,2,222,Lost Customers
8029-XYPWT,4,5,5,455,Champions
4614-NUVZD,1,1,1,111,Lost Customers
4632-PAOYU,5,3,2,532,Potential Loyalists
3803-KMQFW,3,1,1,311,About to Sleep
6804-GDMOI,3,5,5,355,Loyal Customers
2990-OGYTD,5,5,5,555,Champions
6646-JPPHA,2,2,3,223,Lost Customers
9572-MTILT,2,4,5,245,At Risk
7658-UYUQS,2,3,3,233,At Risk
7880-XSOJX,3,1,1,311,About to Sleep
9611-CTWIH,1,1,1,111,Lost Customers
4589-IUAJB,5,5,3,553,Potential Loyalists
0329-GTIAJ,1,1,2,112,Lost Customers
8746-BFOAJ,4,3,2,432,Potential Loyalists
8457-XIGKN,4,2,2,422,About to Sleep
6072-NUQCB,5,3,2,532,Potential Loyalists
6629-CZTTH,1,1,1,111,Lost Customers
8838-GPHZP,5,5,3,553,Potential Loyalists
8750-QWZAJ,5,5,3,553,Potential Loyalists
5364-EVNIB,2,2,3,223,Lost Customers
6918-UMQCG,1,1,2,112,Lost Customers
0675-NCDYU,4,5,5,455,Champions
6339-DKLMK,2,2,2,222,Lost Customers
1346-PJWTK,3,5,5,355,Loyal Customers
5088-QZLRL,2,1,1,211,Lost Customers
8023-QHAIO,2,4,4,244,At Risk
4397-FRLTA,3,1,1,311,About to Sleep
3057-VJJQE,5,3,3,533,Potential Loyalists
5087-SUURX,2,2,2,222,Lost Customers
2302-OUZXB,5,5,5,555,Champions
8133-ANHHJ,3,4,5,345,Loyal Customers
2270-CHBFN,3,4,4,344,Loyal Customers
0013-EXCHZ,1,1,2,112,Lost Customers
5982-FPVQN,2,3,4,234,At Risk
9107-UKCKY,3,5,5,355,Loyal Customers
4654-ULTTN,5,5,5,555,Champions
5550-VFRLC,1,1,1,111,Lost Customers
5546-BYZSM,4,4,2,442,Potential Loyalists
1492-KGETH,5,5,5,555,Champions
4929-BSTRX,1,1,1,111,Lost Customers
4163-HFTUK,5,4,3,543,Potential Loyalists
8215-NGSPE,5,4,2,542,Potential Loyalists
2225-ZRGSG,5,5,5,555,Champions
8859-YSTWS,5,4,3,543,Potential Loyalists
5271-YNWVR,4,5,5,455,Champions
7601-DHFWZ,5,4,3,543,Potential Loyalists
2657-ALMWY,2,3,4,234,At Risk
6330-JKLPC,2,2,2,222,Lost Customers
4667-OHGKG,2,1,1,211,Lost Customers
1998-VHJHK,5,3,2,532,Potential Loyalists
1707-HABPF,3,4,4,344,Loyal Customers
1660-HSOOQ,1,1,1,111,Lost Customers
7253-UVNDW,5,4,4,544,Champions
0487-VVUVK,4,3,2,432,Potential Loyalists
7228-OMTPN,1,1,2,112,Lost Customers
5063-IUOKK,5,2,2,522,About to Sleep
4508-OEBEY,4,3,4,434,Loyal Customers
0027-KWYKW,1,3,3,133,At Risk
2308-STERM,3,1,1,311,About to Sleep
5982-XMDEX,5,5,3,553,Potential Loyalists
6284-AHOOQ,2,3,3,233,At Risk
6051-PTVNS,5,4,3,543,Potential Loyalists
2344-JMOGN,2,2,2,222,Lost Customers
3799-ISUZQ,2,2,2,222,Lost Customers
2877-VDUER,4,3,3,433,Potential Loyalists
9152-AMKAK,4,1,2,412,About to Sleep
1794-HBQTJ,2,1,1,211,Lost Customers
9432-VOFYX,2,2,3,223,Lost Customers
8049-WJCLQ,3,2,2,322,About to Sleep
6586-PSJOX,4,2,2,422,About to Sleep
2460-FPSYH,2,3,4,234,At Risk
9705-ZJBCG,4,2,2,422,About to Sleep
4818-DRBQT,2,3,4,234,At Risk
1320-HTRDR,1,1,1,111,Lost Customers
6847-KJLTS,2,4,5,245,At Risk
9670-BPNXF,5,4,4,544,Champions
3913-FCUUW,5,5,5,555,Champions
3301-VKTGC,4,5,5,455,Champions
1493-AMTIE,2,1,1,211,Lost Customers
9555-SAHUZ,4,3,4,434,Loyal Customers
0816-TSPHQ,3,1,1,311,About to Sleep
9932-WBWIK,4,2,1,421,About to Sleep
4619-EVPHY,2,2,3,223,Lost Customers
5286-YHCVC,4,5,5,455,Champions
6424-ELEYH,1,1,1,111,Lost Customers
4391-RESHN,1,3,4,134,At Risk
9115-YQHGA,3,3,4,334,Loyal Customers
4462-CYWMH,2,5,5,255,At Risk
8963-MQVYN,4,3,2,432,Potential Loyalists
2458-EOMRE,3,2,2,322,About to Sleep
9334-GWGOW,1,2,2,122,Lost Customers
6821-BUXUX,1,2,3,123,Lost Customers
5028-HTLJB,2,1,1,211,Lost Customers
9801-GDWGV,1,3,4,134,At Risk
6542-LWGXJ,2,1,1,211,Lost Customers
5567-GZKQY,5,4,3,543,Potential Loyalists
1222-LRYKO,3,1,1,311,About to Sleep
2320-JRSDE,2,1,1,211,Lost Customers
2087-QAREY,3,3,3,333,Potential Loyalists
0601-WZHJF,2,2,2,222,Lost Customers
4423-JWZJN,3,5,5,355,Loyal Customers
5143-WMWOG,2,1,1,211,Lost Customers
6490-FGZAT,3,1,1,311,About to Sleep
5393-RXQSZ,1,1,1,111,Lost Customers
7452-FOLON,5,3,3,533,Potential Loyalists
2320-TZRRH,4,2,2,422,About to Sleep
0231-LXVAP,1,1,1,111,Lost Customers
9444-JTXHZ,1,1,1,111,Lost Customers
4942-VZZOM,4,5,4,454,Champions
5510-BOIUJ,3,1,1,311,About to Sleep
7502-BNYGS,3,4,4,344,Loyal Customers
4291-HYEBC,3,3,3,333,Potential Loyalists
6147-CBCRA,4,3,2,432,Potential Loyalists
6047-SUHPR,4,3,4,434,Loyal Customers
4471-KXAUH,2,4,4,244,At Risk
9752-ZNQUT,1,1,1,111,Lost Customers
7638-QVMVY,1,2,2,122,Lost Customers
1576-PFZIW,4,5,5,455,Champions
5666-MBJPT,5,5,3,553,Potential Loyalists
7312-XSBAT,2,1,1,211,Lost Customers
3096-GKWEB,1,2,3,123,Lost Customers
2371-JQHZZ,1,3,4,134,At Risk
0674-GCDXG,5,5,5,555,Champions
1121-QSIVB,4,4,4,444,Champions
4396-KLSEH,2,1,1,211,Lost Customers
3244-DCJWY,1,1,1,111,Lost Customers
2824-MYYBN,1,3,4,134,At Risk
0875-CABNR,1,2,2,122,Lost Customers
6345-HOVES,3,3,2,332,Potential Loyalists
8318-LCNBW,4,3,3,433,Potential Loyalists
6469-QJKZW,3,1,1,311,About to Sleep
0147-ESWWR,1,3,4,134,At Risk
1217-VASWC,3,4,4,344,Loyal Customers
7812-FZHPE,4,2,2,422,About to Sleep
6370-ZVHDV,5,5,3,553,Potential Loyalists
5915-DGNVC,4,4,4,444,Champions
6260-XLACS,4,1,1,411,About to Sleep
3566-CAAYU,5,5,4,554,Champions
4983-CCWMC,1,1,1,111,Lost Customers
9103-CXVOK,2,1,1,211,Lost Customers
2896-TBNBE,3,3,4,334,Loyal Customers
4797-AXPXK,2,1,1,211,Lost Customers
5229-PRWKT,1,2,2,122,Lost Customers
6982-UQZLY,2,1,1,211,Lost Customers
2522-WLNSF,4,3,4,434,Loyal Customers
3841-CONLJ,1,1,1,111,Lost Customers
5057-LCOUI,2,3,3,233,At Risk
0193-ESZXP,3,4,5,345,Loyal Customers
4475-NVTLU,5,4,2,542,Potential Loyalists
4369-HTUIF,1,1,2,112,Lost Customers
9386-LDCZR,4,4,4,444,Champions
9585-KKMFD,5,4,2,542,Potential Loyalists
5399-ZIMKF,1,1,2,112,Lost Customers
0336-KXKFK,5,5,4,554,Champions
5619-XZZKR,4,1,1,411,About to Sleep
3948-FVVRP,3,2,2,322,About to Sleep
5327-XOKKY,4,5,5,455,Champions
0983-TATYJ,4,3,3,433,Potential Loyalists
1813-JYWTO,5,5,5,555,Champions
0156-FVPTA,3,3,3,333,Potential Loyalists
1984-FCOWB,3,5,5,355,Loyal Customers
0654-HMSHN,1,3,4,134,At Risk
6719-OXYBR,2,2,3,223,Lost Customers
3312-ZWLGF,2,3,4,234,At Risk
6476-YHMGA,3,2,3,323,About to Sleep
5287-QWLKY,3,5,5,355,Loyal Customers
0795-XCCTE,5,5,3,553,Potential Loyalists
0168-XZKBB,1,2,3,123,Lost Customers
3785-NRHYR,3,1,1,311,About to Sleep
5196-SGOAK,1,1,1,111,Lost Customers
4537-DKTAL,2,1,1,211,Lost Customers
7072-MBHEV,1,2,2,122,Lost Customers
5602-BVFMK,4,2,1,421,About to Sleep
6297-NOOPG,4,5,5,455,Champions
1891-UAWWU,1,2,3,123,Lost Customers
8204-TIFGJ,4,3,2,432,Potential Loyalists
8050-DVOJX,5,4,4,544,Champions
6108-OQZDQ,1,1,2,112,Lost Customers
0363-QJVFX,2,3,4,234,At Risk
8903-XEBGX,1,1,1,111,Lost Customers
8169-SAEJD,5,5,4,554,Champions
9840-DVNDC,1,1,2,112,Lost Customers
1089-XZWHH,5,3,2,532,Potential Loyalists
2325-WINES,2,3,4,234,At Risk
6064-ZATLR,5,3,3,533,Potential Loyalists
3096-JRDSO,2,3,4,234,At Risk
7824-PANSQ,3,4,5,345,Loyal Customers
8042-JVNFH,1,1,1,111,Lost Customers
9648-BCHKM,5,2,2,522,About to Sleep
2888-ADFAO,5,4,3,543,Potential Loyalists
8707-HOEDG,4,5,5,455,Champions
3374-LXDEV,2,2,3,223,Lost Customers
4072-IPYLT,4,3,3,433,Potential Loyalists
7167-PCEYD,5,5,3,553,Potential Loyalists
4936-YPJNK,3,2,1,321,About to Sleep
1580-BMCMR,2,2,3,223,Lost Customers
4817-KEQSP,5,5,3,553,Potential Loyalists
6408-WHTEF,5,5,5,555,Champions
9251-AWQGT,5,4,2,542,Potential Loyalists
8749-CLJXC,3,1,1,311,About to Sleep
7989-VCQOH,3,2,3,323,About to Sleep
5049-GLYVG,3,1,1,311,About to Sleep
4199-QHJNM,4,5,5,455,Champions
8882-TLVRW,5,5,4,554,Champions
5883-GTGVD,1,2,3,123,Lost Customers
5135-GRQJV,4,5,5,455,Champions
2384-OVPSA,5,3,2,532,Potential Loyalists
1371-WEPDS,4,3,4,434,Loyal Customers
3580-GICBM,5,5,3,553,Potential Loyalists
4817-QRJSX,2,2,2,222,Lost Customers
9730-DRTMJ,4,3,4,434,Loyal Customers
4686-UXDML,1,3,3,133,At Risk
3349-ANQNH,2,4,5,245,At Risk
2398-YPMUR,1,2,2,122,Lost Customers
0932-YIXYU,5,4,3,543,Potential Loyalists
7480-SPLEF,5,5,3,553,Potential Loyalists
7636-XUHWW,3,1,1,311,About to Sleep
1431-CYWMH,4,3,2,432,Potential Loyalists
5937-EORGB,1,2,3,123,Lost Customers
6349-JDHQP,5,4,3,543,Potential Loyalists
5539-HIVAK,4,3,2,432,Potential Loyalists
5847-MXBEO,5,3,2,532,Potential Loyalists
9985-MWVIX,1,1,1,111,Lost Customers
4583-PARNH,1,2,3,123,Lost Customers
1116-FRYVH,5,4,3,543,Potential Loyalists
1421-HCERK,2,3,4,234,At Risk
9633-XQABV,1,1,1,111,Lost Customers
0716-BQNDX,4,4,5,445,Champions
1265-XTECC,3,5,5,355,Loyal Customers
1183-CANVH,4,3,3,433,Potential Loyalists
1972-XMUWV,5,5,4,554,Champions
8679-LZBMD,3,4,4,344,Loyal Customers
3407-JMJQQ,4,5,5,455,Champions
6252-DFGTK,4,3,4,434,Loyal Customers
1539-LNKHM,4,2,2,422,About to Sleep
8645-KOMJQ,5,5,5,555,Champions
0289-IVARM,4,3,3,433,Potential Loyalists
9761-XUJWD,2,1,2,212,Lost Customers
4057-FKCZK,4,4,5,445,Champions
4291-TPNFG,5,5,5,555,Champions
6087-YPWHO,5,5,5,555,Champions
3090-QFUVD,3,1,1,311,About to Sleep
2237-ZFSMY,3,3,4,334,Loyal Customers
1722-LDZJS,5,4,3,543,Potential Loyalists
1818-ESQMW,2,3,4,234,At Risk
4871-JTKJF,1,1,1,111,Lost Customers
1415-YFWLT,1,1,1,111,Lost Customers
7401-RUBNK,2,2,3,223,Lost Customers
0506-YLVKJ,5,4,2,542,Potential Loyalists
8661-BOYNW,5,5,5,555,Champions
6711-VTNRE,2,3,4,234,At Risk
4815-GBTCD,1,1,1,111,Lost Customers
2805-AUFQN,5,3,2,532,Potential Loyalists
0980-PVMRC,2,3,3,233,At Risk
7233-DRTRF,2,5,5,255,At Risk
3500-RMZLT,2,2,3,223,Lost Customers
3873-NFTGI,3,2,2,322,About to Sleep
1162-ECVII,4,5,5,455,Champions
7048-GXDAY,2,3,4,234,At Risk
8571-ZCMCX,4,4,4,444,Champions
1169-WCVAK,2,2,3,223,Lost Customers
4548-SDBKE,1,1,2,112,Lost Customers
8066-POXGX,2,2,2,222,Lost Customers
7129-CAKJW,2,2,3,223,Lost Customers
8695-ARGXZ,2,3,4,234,At Risk
3570-YUEKJ,3,4,4,344,Loyal Customers
4143-OOBWZ,1,1,2,112,Lost Customers
1555-HAPSU,5,5,3,553,Potential Loyalists
1697-NVVGY,3,2,3,323,About to Sleep
7854-EKTJL,2,1,1,211,Lost Customers
8464-EETCQ,5,4,3,543,Potential Loyalists
2419-FSORS,3,5,5,355,Loyal Customers
8132-YPVBX,1,1,2,112,Lost Customers
9102-IAYHT,1,2,3,123,Lost Customers
6754-LZUKA,4,5,5,455,Champions
3422-LYEPQ,1,1,1,111,Lost Customers
8099-MZPUJ,4,4,5,445,Champions
0787-LHDYT,4,2,2,422,About to Sleep
2642-DTVCO,1,2,2,122,Lost Customers
0374-IOEGQ,2,1,1,211,Lost Customers
4361-JEIVL,1,1,1,111,Lost Customers
3197-NNYNB,4,5,5,455,Champions
3396-DKDEL,4,5,5,455,Champions
1752-OZXFY,4,4,4,444,Champions
9066-QRSDU,4,5,3,453,Potential Loyalists
9112-WSNPU,2,3,4,234,At Risk
9867-NNXLC,4,3,2,432,Potential Loyalists
5321-NTRKC,5,5,5,555,Champions
1363-TXLSL,1,1,1,111,Lost Customers
9507-EXLTT,1,1,1,111,Lost Customers
3161-GETRM,2,3,4,234,At Risk
0402-OAMEN,5,5,3,553,Potential Loyalists
6933-VLYFX,4,3,3,433,Potential Loyalists
6754-WKSHP,5,3,2,532,Potential Loyalists
9846-GKXAS,1,2,2,122,Lost Customers
6017-PPLPX,2,2,3,223,Lost Customers
4976-LNFVV,2,2,2,222,Lost Customers
5055-MGMGF,2,5,5,255,At Risk
4641-FROLU,5,3,2,532,Potential Loyalists
2862-JVEOY,4,1,1,411,About to Sleep
2969-QWUBZ,1,1,1,111,Lost Customers
9822-BIIGN,4,4,4,444,Champions
2077-MPJQO,1,2,2,122,Lost Customers
1534-OULXE,5,5,4,554,Champions
7136-RVDTZ,3,5,4,354,Loyal Customers
2971-SGAFL,2,2,3,223,Lost Customers
1480-IVEVR,3,3,4,334,Loyal Customers
2905-KFQUV,1,1,1,111,Lost Customers
4581-SSPWD,1,1,1,111,Lost Customers
3370-HXOPH,1,1,1,111,Lost Customers
9391-YZEJW,3,5,5,355,Loyal Customers
9958-MEKUC,5,5,5,555,Champions
0281-CNTZX,5,5,3,553,Potential Loyalists
6927-WTFIV,2,2,3,223,Lost Customers
4118-CEVPF,3,3,4,334,Loyal Customers
3398-ZOUAA,2,3,3,233,At Risk
9114-VEPUF,3,5,5,355,Loyal Customers
7876-BEUTG,2,2,2,222,Lost Customers
2338-BQEZT,4,4,4,444,Champions
9873-MNDKV,3,2,2,322,About to Sleep
0378-NHQXU,2,2,3,223,Lost Customers
8241-JUIQO,5,5,3,553,Potential Loyalists
2194-IIQOF,5,5,5,555,Champions
4512-ZUIYL,1,1,1,111,Lost Customers
9631-RXVJM,5,3,2,532,Potential Loyalists
9584-EXCDZ,2,2,3,223,Lost Customers
7969-AULMZ,1,3,4,134,At Risk
5093-FEGLU,5,4,2,542,Potential Loyalists
2621-UDNLU,3,1,1,311,About to Sleep
7526-IVLYU,3,1,1,311,About to Sleep
2428-HYUNX,5,4,2,542,Potential Loyalists
9214-EKVXR,1,1,1,111,Lost Customers
3410-MHHUM,3,4,4,344,Loyal Customers
0568-ONFPC,3,1,1,311,About to Sleep
0733-VUNUW,3,3,3,333,Potential Loyalists
4550-EVXNY,1,1,1,111,Lost Customers
2122-YWVYA,2,2,3,223,Lost Customers
2968-SSGAA,1,2,3,123,Lost Customers
2296-DKZFP,5,5,4,554,Champions
4844-JJWUY,1,1,1,111,Lost Customers
6777-TGHTM,3,4,5,345,Loyal Customers
8909-BOLNL,4,1,1,411,About to Sleep
6603-YRDCJ,5,3,3,533,Potential Loyalists
3538-WZPHD,1,1,1,111,Lost Customers
3229-USWAR,4,3,4,434,Loyal Customers
2138-VFAPZ,5,2,1,521,About to Sleep
6131-JLWZM,4,2,2,422,About to Sleep
4785-QRJHC,3,4,4,344,Loyal Customers
0269-XFESX,4,3,2,432,Potential Loyalists
1709-EJDOX,5,4,3,543,Potential Loyalists
4316-XCSLJ,3,2,2,322,About to Sleep
8610-WFCJF,2,4,5,245,At Risk
9693-XMUOB,2,4,4,244,At Risk
0383-CLDDA,5,5,5,555,Champions
4905-JEFDW,2,2,2,222,Lost Customers
2709-UQGNP,3,2,2,322,About to Sleep
3549-ZTMNH,5,2,2,522,About to Sleep
7881-INRLC,2,4,5,245,At Risk
8033-ATFAS,3,3,4,334,Loyal Customers
1635-NZATJ,5,5,3,553,Potential Loyalists
0562-HKHML,5,5,3,553,Potential Loyalists
8277-RVRSV,5,3,2,532,Potential Loyalists
9943-VSZUV,3,5,5,355,Loyal Customers
0117-LFRMW,4,3,3,433,Potential Loyalists
6172-FECYY,2,4,4,244,At Risk
7054-ENNGU,3,2,2,322,About to Sleep
1455-HFBXA,4,4,5,445,Champions
9402-CXWPL,3,5,5,355,Loyal Customers
1628-BIZYP,1,1,1,111,Lost Customers
1965-AKTSX,1,2,3,123,Lost Customers
0082-LDZUE,1,1,1,111,Lost Customers
4786-UKSNZ,3,1,1,311,About to Sleep
5343-SGUBI,3,4,4,344,Loyal Customers
0856-NAOES,2,1,2,212,Lost Customers
1976-AZZPJ,3,2,1,321,About to Sleep
7248-VZQLC,2,4,4,244,At Risk
6156-UZDLF,4,3,4,434,Loyal Customers
3099-OONVS,4,3,3,433,Potential Loyalists
9500-WBGRP,5,5,3,553,Potential Loyalists
5183-KLYEM,4,5,5,455,Champions
5144-PQCDZ,3,1,1,311,About to Sleep
8514-VZHEB,5,4,3,543,Potential Loyalists
6625-IUTTT,5,5,4,554,Champions
9355-NPPFS,1,3,3,133,At Risk
0068-FIGTF,4,3,4,434,Loyal Customers
5965-GGPRW,4,5,5,455,Champions
8035-PWSEV,1,1,2,112,Lost Customers
2236-HILPA,5,5,3,553,Potential Loyalists
1840-BIUOG,3,2,3,323,About to Sleep
1356-MKYSK,3,1,2,312,About to Sleep
6080-LNESI,5,4,3,543,Potential Loyalists
1830-IPXVJ,5,5,3,553,Potential Loyalists
5828-DWPIL,2,5,5,255,At Risk
8398-TBIYD,5,5,5,555,Champions
0011-IGKFF,1,2,3,123,Lost Customers
4192-GORJT,1,1,2,112,Lost Customers
6496-SLWHQ,1,1,2,112,Lost Customers
9912-GVSEQ,1,3,4,134,At Risk
2931-FSOHN,2,2,2,222,Lost Customers
9418-RUKPH,5,3,2,532,Potential Loyalists
5383-MMTWC,1,2,2,122,Lost Customers
9971-ZWPBF,1,3,4,134,At Risk
4712-AUQZO,3,2,2,322,About to Sleep
9711-FJTBX,4,4,5,445,Champions
2908-ZTPNF,3,3,3,333,Potential Loyalists
7240-ETPTR,1,2,2,122,Lost Customers
2202-CUYXZ,1,1,1,111,Lost Customers
5995-OIGLP,4,2,2,422,About to Sleep
8421-WZOOW,3,4,5,345,Loyal Customers
6261-RCVNS,4,4,4,444,Champions
7951-QKZPL,5,3,2,532,Potential Loyalists
1414-YADCW,5,5,5,555,Champions
8756-RDDLT,3,5,4,354,Loyal Customers
2862-PFNIK,1,1,1,111,Lost Customers
5816-QVHRX,2,3,4,234,At Risk
4430-YHXGG,3,1,1,311,About to Sleep
6888-SBYAI,2,1,1,211,Lost Customers
7395-XWZOY,3,2,3,323,About to Sleep
7169-YWAMK,5,5,5,555,Champions
3640-PHQXK,1,3,4,134,At Risk
6877-LGWXO,1,2,3,123,Lost Customers
6859-RKMZJ,2,2,2,222,Lost Customers
2729-VNVAP,5,3,2,532,Potential Loyalists
2957-JIRMN,3,5,5,355,Loyal Customers
2049-BAFNW,2,1,1,211,Lost Customers
3842-QTGDL,3,2,3,323,About to Sleep
7163-OCEQI,3,3,3,333,Potential Loyalists
9782-LGXMC,4,4,4,444,Champions
5975-BAICR,4,3,4,434,Loyal Customers
8019-ENHXU,2,4,4,244,At Risk
5167-GBFRE,1,1,1,111,Lost Customers
9033-EOXWV,3,2,2,322,About to Sleep
4673-KKSLS,3,3,4,334,Loyal Customers
4853-OITSN,1,1,2,112,Lost Customers
9800-OUIGR,5,5,3,553,Potential Loyalists
1324-NLTJE,3,2,2,322,About to Sleep
2324-EFHVG,4,5,5,455,Champions
7094-MSZAO,3,2,1,321,About to Sleep
1522-VVDMG,1,2,2,122,Lost Customers
6907-CQGPN,3,3,3,333,Potential Loyalists
0780-XNZFN,5,4,3,543,Potential Loyalists
0239-OXEXL,3,4,4,344,Loyal Customers
2675-IJRGJ,5,4,3,543,Potential Loyalists
7049-GKVZY,4,2,3,423,About to Sleep
8577-QSOCG,5,3,2,532,Potential Loyalists
3721-CNZHX,4,2,2,422,About to Sleep
0212-ISBBF,2,3,3,233,At Risk
9185-TQCVP,1,2,3,123,Lost Customers
3585-YNADK,4,4,4,444,Champions
5271-DBYSJ,1,2,2,122,Lost Customers
1099-GODLO,4,1,1,411,About to Sleep
6828-HMKWP,5,2,1,521,About to Sleep
5567-WSELE,1,1,2,112,Lost Customers
1472-TNCWL,2,3,4,234,At Risk
8063-RJYNF,1,2,3,123,Lost Customers
0687-ZVTHB,4,5,5,455,Champions
2080-GKCWQ,1,1,1,111,Lost Customers
9661-ACXBS,2,4,4,244,At Risk
2193-SFWQW,5,5,5,555,Champions
5656-JAMLX,5,5,3,553,Potential Loyalists
3462-BJQQA,1,1,2,112,Lost Customers
0442-TDYUO,5,4,3,543,Potential Loyalists
6733-LRIZX,3,3,4,334,Loyal Customers
9503-XJUME,5,4,2,542,Potential Loyalists
4367-NHWMM,1,1,1,111,Lost Customers
3727-RJMEO,1,1,2,112,Lost Customers
3779-OSWCF,5,5,5,555,Champions
6736-DHUQI,4,5,5,455,Champions
3915-ODIYG,4,4,4,444,Champions
1360-RCYRT,3,3,2,332,Potential Loyalists
2724-FJDYW,4,3,4,434,Loyal Customers
4451-RWASJ,4,2,1,421,About to Sleep
6646-VRFOL,1,4,5,145,At Risk
3460-TJBWI,5,3,2,532,Potential Loyalists
5917-HBSDW,4,3,2,432,Potential Loyalists
5685-IIXLY,1,1,2,112,Lost Customers
5671-UUNXD,2,4,5,245,At Risk
0956-ACVZC,3,4,5,345,Loyal Customers
2325-NBPZG,1,1,1,111,Lost Customers
4250-ZBWLV,3,5,5,355,Loyal Customers
4482-FTFFX,2,1,2,212,Lost Customers
8859-DZTGQ,5,3,2,532,Potential Loyalists
0440-MOGPM,3,4,4,344,Loyal Customers
0020-JDNXP,4,3,3,433,Potential Loyalists
3752-CQSJI,4,2,1,421,About to Sleep
5025-GOOKI,4,2,2,422,About to Sleep
4698-KVLLG,5,4,3,543,Potential Loyalists
5095-AESKG,1,1,1,111,Lost Customers
2887-JPYLU,4,4,3,443,Potential Loyalists
4770-QAZXN,4,2,1,421,About to Sleep
4896-CPRPF,5,3,2,532,Potential Loyalists
1871-MOWRM,3,2,2,322,About to Sleep
9714-EDSUC,2,1,2,212,Lost Customers
2027-OAQQC,2,4,4,244,At Risk
0282-NVSJS,2,2,2,222,Lost Customers
9090-SGQXL,2,5,5,255,At Risk
6595-YGXIT,1,3,4,134,At Risk
7353-YOWFP,4,2,1,421,About to Sleep
9835-ZIITK,3,5,5,355,Loyal Customers
8008-ESFLK,3,4,5,345,Loyal Customers
7537-CBQUZ,2,5,5,255,At Risk
1555-DJEQW,4,5,5,455,Champions
5649-TJHOV,3,3,3,333,Potential Loyalists
0519-XUZJU,1,1,1,111,Lost Customers
3363-EWLGO,3,1,1,311,About to Sleep
4750-UKWJK,5,3,2,532,Potential Loyalists
6338-AVWCY,1,1,1,111,Lost Customers
1689-YQBYY,1,2,2,122,Lost Customers
4487-ZYJZK,5,3,2,532,Potential Loyalists
2959-FENLU,1,2,2,122,Lost Customers
0708-LGSMF,2,2,2,222,Lost Customers
9253-QXKBE,1,3,4,134,At Risk
7634-HLQJR,5,4,3,543,Potential Loyalists
0487-RPVUM,3,5,5,355,Loyal Customers
4079-ULGFR,4,2,2,422,About to Sleep
2516-XSJKX,5,4,4,544,Champions
0057-QBUQH,5,4,3,543,Potential Loyalists
9445-SZLCH,2,3,4,234,At Risk
6599-SFQVE,2,1,2,212,Lost Customers
8331-ZXFOE,4,4,4,444,Champions
4003-FUSHP,3,2,3,323,About to Sleep
0356-ERHVT,3,2,2,322,About to Sleep
7325-ENZFI,4,3,3,433,Potential Loyalists
4884-ZTHVF,1,2,2,122,Lost Customers
3920-HIHMQ,3,3,3,333,Potential Loyalists
3055-OYMSE,3,4,4,344,Loyal Customers
0613-WUXUM,5,5,3,553,Potential Loyalists
7568-PODML,1,1,1,111,Lost Customers
4458-KVRBJ,5,4,3,543,Potential Loyalists
5349-IECLD,1,1,1,111,Lost Customers
1397-XKKWR,3,2,1,321,About to Sleep
3945-GFWQL,2,2,2,222,Lost Customers
8097-OMULG,4,4,5,445,Champions
6013-BHCAW,5,5,5,555,Champions
0401-WDBXM,4,5,5,455,Champions
3387-PLKUI,4,2,1,421,About to Sleep
6096-EGVTU,5,5,3,553,Potential Loyalists
3797-VTIDR,1,1,1,111,Lost Customers
5081-NWSUP,4,2,2,422,About to Sleep
2580-ATZSQ,5,5,4,554,Champions
8085-MSNLK,4,5,5,455,Champions
9691-HKOVS,4,4,5,445,Champions
9881-VCZEP,3,3,3,333,Potential Loyalists
9526-BIHHD,2,1,1,211,Lost Customers
8757-TFHHJ,2,1,1,211,Lost Customers
4523-WXCEF,2,4,5,245,At Risk
1468-DEFNC,5,5,3,553,Potential Loyalists
5119-KEPFY,1,3,4,134,At Risk
8364-TRMMK,2,1,1,211,Lost Customers
0916-KNFAJ,5,5,4,554,Champions
8319-QBEHW,3,3,3,333,Potential Loyalists
3063-QFSZL,1,1,1,111,Lost Customers
8775-LHDJH,1,1,1,111,Lost Customers
9625-QNLUX,4,5,5,455,Champions
3097-NQYSN,1,1,1,111,Lost Customers
4024-CSNBY,5,5,5,555,Champions
7110-BDTWG,4,5,4,454,Champions
7493-GVFIO,5,4,3,543,Potential Loyalists
0690-SRQID,3,1,1,311,About to Sleep
9605-WGJVW,1,1,1,111,Lost Customers
9114-DPSIA,5,5,5,555,Champions
4700-UBQMV,3,3,3,333,Potential Loyalists
7711-GQBZC,5,5,3,553,Potential Loyalists
3565-UNOCC,1,3,4,134,At Risk
4627-MIHJH,4,5,5,455,Champions
9795-NREXC,5,5,5,555,Champions
8573-CGOCC,4,2,2,422,About to Sleep
7356-AYNJP,3,1,1,311,About to Sleep
9249-FXSCK,3,4,5,345,Loyal Customers
5493-SDRDQ,2,1,1,211,Lost Customers
6286-SUUWT,3,1,1,311,About to Sleep
4819-HJPIW,3,2,2,322,About to Sleep
8654-DHAOW,2,1,1,211,Lost Customers
5438-QMDDL,3,2,3,323,About to Sleep
9812-GHVRI,2,3,4,234,At Risk
5553-AOINX,3,5,5,355,Loyal Customers
1228-ZLNBX,2,3,3,233,At Risk
4226-KKDON,2,2,2,222,Lost Customers
3831-YCPUO,4,5,5,455,Champions
7445-WMRBW,4,4,4,444,Champions
3308-DGHKL,5,5,3,553,Potential Loyalists
9924-JPRMC,4,5,5,455,Champions
0080-EMYVY,4,2,2,422,About to Sleep
6218-KNUBD,2,1,2,212,Lost Customers
7337-CINUD,5,2,1,521,About to Sleep
7609-NRNCA,4,2,2,422,About to Sleep
0623-EJQEG,3,5,5,355,Loyal Customers
7153-CHRBV,5,4,4,544,Champions
0871-URUWO,1,2,3,123,Lost Customers
9190-MFJLN,1,2,3,123,Lost Customers
6198-PNNSZ,3,4,5,345,Loyal Customers
3317-VLGQT,1,2,3,123,Lost Customers
4132-POCZS,3,4,3,343,Potential Loyalists
5614-DNZCE,5,4,4,544,Champions
1095-JUDTC,2,4,5,245,At Risk
3896-RCYYE,3,5,4,354,Loyal Customers
9638-JIQYA,1,1,1,111,Lost Customers
3258-SANFR,2,1,2,212,Lost Customers
3726-TBHQT,4,5,5,455,Champions
3190-ITQXP,5,4,2,542,Potential Loyalists
0870-VEMYL,3,1,1,311,About to Sleep
4833-QTJNO,3,5,5,355,Loyal Customers
3039-MJSLN,3,1,1,311,About to Sleep
0178-CIIKR,3,1,1,311,About to Sleep
5385-SUIRI,1,4,5,145,At Risk
3982-XWFZQ,3,4,4,344,Loyal Customers
5774-QPLTF,5,4,2,542,Potential Loyalists
2322-VCZHZ,2,3,3,233,At Risk
5010-IPEAQ,5,5,4,554,Champions
4009-ALQFH,1,3,4,134,At Risk
6383-ZTSIW,3,3,4,334,Loyal Customers
8990-YOZLV,5,5,5,555,Champions
3069-SSVSN,2,1,1,211,Lost Customers
5222-IMUKT,2,3,4,234,At Risk
3627-FCRDW,2,2,2,222,Lost Customers
7562-GSUHK,2,2,3,223,Lost Customers
6685-XSHHU,5,4,3,543,Potential Loyalists
8901-UPRHR,4,5,5,455,Champions
4903-UYAVB,3,1,1,311,About to Sleep
0118-JPNOY,2,3,4,234,At Risk
6776-TLWOI,3,1,1,311,About to Sleep
3845-FXCYS,2,1,1,211,Lost Customers
5857-XRECV,4,1,1,411,About to Sleep
0725-CXOTM,4,3,4,434,Loyal Customers
4343-EJVQB,2,2,2,222,Lost Customers
9000-PLFUZ,4,4,4,444,Champions
3427-GGZZI,1,2,3,123,Lost Customers
7779-ORAEL,5,4,4,544,Champions
0644-OQMDK,1,1,2,112,Lost Customers
4077-CROMM,2,3,4,234,At Risk
3154-CFSZG,3,4,4,344,Loyal Customers
2868-MZAGQ,1,1,1,111,Lost Customers
4847-QNOKA,1,1,1,111,Lost Customers
2220-IAHLS,3,1,1,311,About to Sleep
1658-XUHBX,2,4,5,245,At Risk
6379-RXJRQ,1,2,2,122,Lost Customers
2378-HTWFW,2,3,4,234,At Risk
8650-RHRKE,1,1,1,111,Lost Customers
4377-VDHYI,3,3,4,334,Loyal Customers
0475-RIJEP,2,4,4,244,At Risk
1260-TTRXI,2,1,1,211,Lost Customers
3719-TDVQB,5,4,3,543,Potential Loyalists
6328-ZPBGN,1,2,3,123,Lost Customers
0201-MIBOL,4,5,5,455,Champions
4937-QPZPO,2,5,5,255,At Risk
2925-VDZHY,5,5,5,555,Champions
6981-TDRFT,3,4,4,344,Loyal Customers
3413-CSSTH,3,4,4,344,Loyal Customers
8033-VCZGH,2,4,5,245,At Risk
4789-KWMXN,3,4,5,345,Loyal Customers
0224-NIJLP,5,2,1,521,About to Sleep
7542-CYDDM,4,2,2,422,About to Sleep
4718-WXBGI,5,5,5,555,Champions
2867-UIMSS,1,1,1,111,Lost Customers
8495-PRWFH,3,4,4,344,Loyal Customers
0439-IFYUN,2,2,3,223,Lost Customers
5716-LIBJC,2,2,3,223,Lost Customers
2868-LLSKM,4,5,5,455,Champions
8111-RKSPX,1,1,2,112,Lost Customers
2988-QRAJY,4,5,5,455,Champions
1585-MQSSU,3,2,2,322,About to Sleep
0071-NDAFP,5,3,2,532,Potential Loyalists
2856-NNASM,2,4,4,244,At Risk
7328-ZJAJO,5,4,3,543,Potential Loyalists
6458-CYIDZ,2,1,2,212,Lost Customers
8559-CIZFV,4,3,3,433,Potential Loyalists
1090-PYKCI,4,5,5,455,Champions
3058-WQDRE,2,2,2,222,Lost Customers
7547-EKNFS,2,4,4,244,At Risk
2279-AXJJK,2,4,5,245,At Risk
6769-DYBQN,2,4,4,244,At Risk
0909-SELIE,5,5,5,555,Champions
3417-TSCIC,3,3,2,332,Potential Loyalists
1042-HFUCW,4,3,3,433,Potential Loyalists
4439-JMPMT,1,1,2,112,Lost Customers
6537-OTKMY,2,2,2,222,Lost Customers
8999-EXMNO,5,2,2,522,About to Sleep
6725-TPKJO,5,4,2,542,Potential Loyalists
2446-BEGGB,1,1,2,112,Lost Customers
7162-WPHPM,5,4,4,544,Champions
1599-MMYRQ,4,5,5,455,Champions
8821-KVZKQ,4,5,4,454,Champions
1496-GGSUK,1,1,1,111,Lost Customers
6434-TTGJP,4,2,2,422,About to Sleep
0042-JVWOJ,4,3,2,432,Potential Loyalists
0130-SXOUN,3,5,5,355,Loyal Customers
2575-GFSOE,1,2,2,122,Lost Customers
2330-PQGDQ,4,4,4,444,Champions
1452-UZOSF,4,5,5,455,Champions
2097-YVPKN,5,5,3,553,Potential Loyalists
2842-JTCCU,2,1,1,211,Lost Customers
8597-CTXVJ,5,5,5,555,Champions
6631-HMANX,4,5,5,455,Champions
9962-BFPDU,3,1,1,311,About to Sleep
3296-SILRA,1,1,1,111,Lost Customers
9681-OXGVC,1,1,2,112,Lost Customers
6394-HHHZM,3,1,1,311,About to Sleep
5995-LFTLE,5,4,3,543,Potential Loyalists
5180-UCIIQ,3,3,2,332,Potential Loyalists
1932-UEDCX,1,3,4,134,At Risk
7153-OANIO,1,1,1,111,Lost Customers
5188-HGMLP,2,4,4,244,At Risk
0665-XHDJU,3,5,5,355,Loyal Customers
6521-YYTYI,1,1,1,111,Lost Customers
8878-HMWBV,2,1,1,211,Lost Customers
8265-HKSOW,5,5,5,555,Champions
3544-FBCAS,5,5,5,555,Champions
5331-RGMTT,1,4,5,145,At Risk
4759-PXTAN,3,4,5,345,Loyal Customers
7054-DMVAS,5,4,4,544,Champions
3428-MMGUB,3,4,5,345,Loyal Customers
6549-BTYPG,4,4,4,444,Champions
7823-JSOAG,1,1,1,111,Lost Customers
3705-RHRFR,4,5,5,455,Champions
9374-YOLBJ,2,1,1,211,Lost Customers
9074-KGVOX,3,4,3,343,Potential Loyalists
6128-DAFVY,3,4,4,344,Loyal Customers
9933-QRGTX,4,4,5,445,Champions
4476-OSWTN,3,5,5,355,Loyal Customers
3751-KTZEL,1,1,1,111,Lost Customers
1977-STDKI,1,1,1,111,Lost Customers
5066-GFJMM,3,1,1,311,About to Sleep
2661-GKBTK,5,4,5,545,Champions
0458-HEUZG,4,2,2,422,About to Sleep
7268-WNTCP,5,5,3,553,Potential Loyalists
0824-VWDPO,3,4,4,344,Loyal Customers
8409-WQJUX,3,3,3,333,Potential Loyalists
2578-JQPHZ,4,4,4,444,Champions
3278-FSIXX,2,1,1,211,Lost Customers
5813-UECBU,2,3,4,234,At Risk
0328-GRPMV,1,1,1,111,Lost Customers
9746-UGFAC,5,3,2,532,Potential Loyalists
2946-KIQSP,3,3,3,333,Potential Loyalists
0625-AFOHS,5,3,2,532,Potential Loyalists
6726-WEXXK,3,3,4,334,Loyal Customers
4636-OLWOE,4,4,4,444,Champions
4342-HENTK,1,1,1,111,Lost Customers
4685-ERGHK,2,4,5,245,At Risk
0885-HMGPY,5,5,4,554,Champions
5003-OKNNK,5,2,2,522,About to Sleep
4195-SMMNX,3,1,1,311,About to Sleep
7208-PSIHR,4,5,5,455,Champions
4012-ZTHBR,3,3,2,332,Potential Loyalists
0489-WMEMG,4,3,3,433,Potential Loyalists
7435-ZNUYY,4,1,1,411,About to Sleep
1354-YZFNB,5,1,1,511,About to Sleep
6956-SMUCM,1,1,2,112,Lost Customers
2985-FMWYF,1,3,4,134,At Risk
2812-ENYMO,4,3,3,433,Potential Loyalists
2717-HVIZY,4,2,1,421,About to Sleep
3223-WZWJM,1,3,4,134,At Risk
3422-GALYP,1,1,1,111,Lost Customers
9053-JZFKV,4,5,5,455,Champions
2530-ENDWQ,4,5,5,455,Champions
2890-WFBHU,4,4,5,445,Champions
0327-WFZSY,2,3,4,234,At Risk
7977-HXJKU,5,3,2,532,Potential Loyalists
6615-ZGEDR,3,1,1,311,About to Sleep
7033-CLAMM,5,4,3,543,Potential Loyalists
4023-RTIQM,3,3,3,333,Potential Loyalists
0864-FVJNJ,3,5,5,355,Loyal Customers
7356-IWLFW,3,4,4,344,Loyal Customers
9541-PWTWO,4,4,4,444,Champions
3967-VQOGC,5,5,3,553,Potential Loyalists
7872-RDDLZ,3,5,4,354,Loyal Customers
9250-WYPLL,1,1,2,112,Lost Customers
6308-CQRBU,4,5,5,455,Champions
2754-XBHTB,1,2,2,122,Lost Customers
1597-LHYNC,2,3,4,234,At Risk
0186-CAERR,3,5,5,355,Loyal Customers
3043-SUDUA,4,3,2,432,Potential Loyalists
5442-BHQNG,1,1,1,111,Lost Customers
2169-RRLFW,5,5,3,553,Potential Loyalists
5872-OEQNH,3,4,4,344,Loyal Customers
3162-KKZXO,2,4,5,245,At Risk
7055-VKGDA,3,4,5,345,Loyal Customers
0754-UKWQP,1,1,1,111,Lost Customers
8873-GLDMH,1,1,2,112,Lost Customers
5696-JVVQY,5,4,4,544,Champions
8946-BFWSG,5,5,3,553,Potential Loyalists
7493-TPUWZ,1,1,1,111,Lost Customers
0547-HURJB,4,2,1,421,About to Sleep
8904-OPDCK,3,4,3,343,Potential Loyalists
8845-LWKGE,4,3,3,433,Potential Loyalists
1577-HKTFG,4,3,2,432,Potential Loyalists
8752-STIVR,1,1,2,112,Lost Customers
0691-NIKRI,3,3,4,334,Loyal Customers
5022-JNQEQ,2,2,2,222,Lost Customers
4558-FANTW,3,2,3,323,About to Sleep
3249-VHRIP,4,5,4,454,Champions
3736-BLEPA,3,3,4,334,Loyal Customers
4701-LKOZD,5,5,5,555,Champions
6603-QWSPR,4,4,5,445,Champions
9921-QFQUL,2,3,4,234,At Risk
1929-ZCBHE,4,4,3,443,Potential Loyalists
4378-MYPGO,4,5,5,455,Champions
8651-ENBZX,2,4,5,245,At Risk
4129-LYCOI,4,5,5,455,Champions
7798-JVXYM,2,2,2,222,Lost Customers
8647-SDTWQ,2,4,4,244,At Risk
2696-ECXKC,3,4,5,345,Loyal Customers
2081-KJSQF,2,1,1,211,Lost Customers
7623-TRNQN,2,1,1,211,Lost Customers
3323-CPBWR,2,3,4,234,At Risk
9330-IJWIO,1,2,3,123,Lost Customers
3384-CTMSF,1,4,5,145,At Risk
0902-RFHOF,5,3,2,532,Potential Loyalists
9286-DOJGF,2,3,4,234,At Risk
6048-QBXKL,2,1,1,211,Lost Customers
9661-MHUMO,2,1,1,211,Lost Customers
7718-RXDGG,2,2,3,223,Lost Customers
1025-FALIX,2,3,3,233,At Risk
3451-VAWLI,5,3,2,532,Potential Loyalists
3407-QGWLG,3,1,1,311,About to Sleep
1842-EZJMK,2,4,5,245,At Risk
2347-WKKAE,2,4,4,244,At Risk
8735-DCXNF,3,2,2,322,About to Sleep
3214-IYUUQ,4,5,5,455,Champions
1936-UAFEH,4,5,5,455,Champions
3587-PMCOY,2,2,3,223,Lost Customers
8079-XRJRS,4,5,5,455,Champions
1027-LKKQQ,5,5,5,555,Champions
7148-XZPHA,3,4,4,344,Loyal Customers
8073-IJDCM,2,1,1,211,Lost Customers
5309-TAIKL,3,2,2,322,About to Sleep
6856-RAURS,1,1,1,111,Lost Customers
8778-LMWTJ,2,2,2,222,Lost Customers
9717-IOAAF,5,3,2,532,Potential Loyalists
8884-ADFVN,1,2,2,122,Lost Customers
2845-KDHVX,5,5,4,554,Champions
0848-SOMKO,5,5,4,554,Champions
2720-WGKHP,1,1,1,111,Lost Customers
6734-FQAJX,4,5,5,455,Champions
2869-ADAWR,2,4,4,244,At Risk
1535-VTJOQ,5,3,2,532,Potential Loyalists
6368-TZZDT,5,1,1,511,About to Sleep
0943-ZQPXH,2,4,4,244,At Risk
1293-BSEUN,5,5,3,553,Potential Loyalists
9894-EZEWG,1,1,1,111,Lost Customers
1302-TPUBN,5,5,3,553,Potential Loyalists
7851-FLGGQ,1,1,1,111,Lost Customers
0637-UBJRP,2,2,3,223,Lost Customers
0940-OUQEC,2,2,2,222,Lost Customers
2378-VTKDH,2,5,5,255,At Risk
0927-CNGRH,3,1,1,311,About to Sleep
8608-OZTLB,4,3,4,434,Loyal Customers
2335-GSODA,5,3,2,532,Potential Loyalists
1952-DVVSW,4,2,1,421,About to Sleep
0702-PGIBZ,1,1,2,112,Lost Customers
6656-GULJQ,5,5,5,555,Champions
9853-JFZDU,4,3,3,433,Potential Loyalists
1963-VAUKV,3,1,1,311,About to Sleep
3777-XROBG,5,4,3,543,Potential Loyalists
6994-FGRHH,3,5,5,355,Loyal Customers
4000-VGMQP,4,3,4,434,Loyal Customers
3999-WRNGR,3,4,4,344,Loyal Customers
3466-RITXD,2,3,4,234,At Risk
2680-XKKNJ,4,2,2,422,About to Sleep
3058-HJCUY,2,4,4,244,At Risk
2974-GGUXS,2,3,4,234,At Risk
7994-XIRTR,4,4,4,444,Champions
3259-FDWOY,4,5,5,455,Champions
2101-RANCD,2,4,4,244,At Risk
7921-BEPCI,5,5,4,554,Champions
0807-ZABDG,3,1,1,311,About to Sleep
8510-TMWYB,5,4,4,544,Champions
3258-ZKPAI,4,5,5,455,Champions
1428-IEDPR,3,4,5,345,Loyal Customers
5298-GSTLM,3,4,5,345,Loyal Customers
4450-YOOHP,2,3,3,233,At Risk
6728-CZFEI,4,2,2,422,About to Sleep
5748-RNCJT,4,5,5,455,Champions
3653-NCRDJ,5,4,2,542,Potential Loyalists
6121-TNHBO,5,5,5,555,Champions
5119-NZPTV,1,1,1,111,Lost Customers
6519-ZHPXP,4,5,5,455,Champions
7739-LAXOG,2,3,4,234,At Risk
3472-QPRCH,5,3,3,533,Potential Loyalists
8224-UAXBZ,4,4,4,444,Champions
9610-WCESF,5,5,4,554,Champions
9776-CLUJA,2,4,4,244,At Risk
2486-WYVVE,3,3,4,334,Loyal Customers
3865-ZYKAD,3,5,5,355,Loyal Customers
1422-DGUBX,3,3,4,334,Loyal Customers
2999-AANRQ,5,3,3,533,Potential Loyalists
8668-KNZTI,4,4,4,444,Champions
0480-KYJVA,5,5,3,553,Potential Loyalists
6034-ZRYCV,4,5,4,454,Champions
9746-YKGXB,4,4,4,444,Champions
3926-YZVVX,4,4,3,443,Potential Loyalists
6000-UKLWI,5,4,2,542,Potential Loyalists
2079-FBMZK,1,1,2,112,Lost Customers
6332-FBZRI,5,5,5,555,Champions
2096-XOTMO,4,2,2,422,About to Sleep
3266-FTKHB,5,2,2,522,About to Sleep
8221-EQDGL,4,3,4,434,Loyal Customers
2346-LOCWC,5,4,3,543,Potential Loyalists
6608-QQLVK,1,1,1,111,Lost Customers
0298-XACET,5,4,4,544,Champions
7560-QJAVJ,5,5,5,555,Champions
2995-YWTCD,5,2,2,522,About to Sleep
3551-HUAZH,1,1,1,111,Lost Customers
9137-UIYPG,2,3,4,234,At Risk
2809-ZMYOQ,1,3,4,134,At Risk
5084-OOVCJ,4,2,2,422,About to Sleep
0254-WWRKD,5,5,4,554,Champions
7727-SHVZV,4,2,1,421,About to Sleep
6302-JGYRJ,4,3,4,434,Loyal Customers
5339-PXDVH,1,1,2,112,Lost Customers
2205-LPVGL,4,4,5,445,Champions
8782-NUUOL,4,4,5,445,Champions
3685-YLCMQ,2,4,5,245,At Risk
7601-WFVZV,3,1,1,311,About to Sleep
4609-KNNWG,5,3,2,532,Potential Loyalists
4868-AADLV,3,5,5,355,Loyal Customers
9529-OFXHY,2,2,3,223,Lost Customers
8634-MPHTR,1,4,5,145,At Risk
2669-QVCRG,3,4,4,344,Loyal Customers
2478-EEWWM,2,4,4,244,At Risk
9174-IHETN,4,4,4,444,Champions
2233-TXSIU,4,2,2,422,About to Sleep
9644-UMGQA,2,1,2,212,Lost Customers
3256-EZDBI,3,4,3,343,Potential Loyalists
8761-NSOBC,2,4,4,244,At Risk
0419-YAAPX,2,4,4,244,At Risk
8413-VONUO,1,1,1,111,Lost Customers
0872-CASZJ,4,4,4,444,Champions
4726-DLWQN,3,4,4,344,Loyal Customers
8164-OCKUJ,5,4,3,543,Potential Loyalists
3094-JOJAI,2,2,3,223,Lost Customers
9494-MRNYX,1,2,2,122,Lost Customers
2599-CZABP,3,2,2,322,About to Sleep
7945-PRBVF,5,3,2,532,Potential Loyalists
4544-RXFMG,3,2,2,322,About to Sleep
0859-YGKFW,5,2,2,522,About to Sleep
1150-FTQGN,4,4,5,445,Champions
9223-UCPVT,1,1,1,111,Lost Customers
7196-LIWRH,5,1,1,511,About to Sleep
5448-VWNAM,3,2,3,323,About to Sleep
1177-XZBJL,5,4,4,544,Champions
3518-FSTWG,4,5,5,455,Champions
9330-VOFSZ,4,4,5,445,Champions
4351-QLCSU,1,1,1,111,Lost Customers
0939-EREMR,3,2,2,322,About to Sleep
9389-ACWBI,2,1,2,212,Lost Customers
5419-JPRRN,1,1,1,111,Lost Customers
3644-QXEHN,1,2,3,123,Lost Customers
2911-IJORQ,4,3,4,434,Loyal Customers
5921-NGYRH,3,5,5,355,Loyal Customers
2100-BDNSN,2,1,2,212,Lost Customers
5998-DZLYR,4,5,5,455,Champions
0488-GSLFR,1,1,1,111,Lost Customers
9318-NKNFC,2,1,1,211,Lost Customers
3985-HOYPM,5,3,2,532,Potential Loyalists
9728-FTTVZ,1,1,1,111,Lost Customers
9548-LERKT,5,3,2,532,Potential Loyalists
6576-FBXOJ,3,2,2,322,About to Sleep
4310-KEDTB,3,3,2,332,Potential Loyalists
7254-IQWOZ,1,1,1,111,Lost Customers
2474-BRUCM,2,3,4,234,At Risk
4062-HBMOS,1,4,5,145,At Risk
0742-NXBGR,1,1,1,111,Lost Customers
2676-ISHSF,3,1,1,311,About to Sleep
9236-NDUCW,5,3,2,532,Potential Loyalists
4753-PADAS,3,5,5,355,Loyal Customers
6103-QCKFX,4,4,4,444,Champions
7781-EWARA,4,5,4,454,Champions
6110-OHIHY,1,1,2,112,Lost Customers
7018-FPXHH,5,4,4,544,Champions
5889-LFOLL,1,2,3,123,Lost Customers
5708-EVONK,3,4,5,345,Loyal Customers
8708-XPXHZ,1,4,4,144,At Risk
0616-ATFGB,1,1,1,111,Lost Customers
0572-ZJKLT,4,4,5,445,Champions
5135-RDDQL,5,5,4,554,Champions
1353-LJWEM,3,2,2,322,About to Sleep
1794-SWWKL,3,2,2,322,About to Sleep
6166-YIPFO,4,5,5,455,Champions
7016-BPGEU,3,3,2,332,Potential Loyalists
6876-ADESB,2,1,1,211,Lost Customers
9332-GYWLO,2,1,2,212,Lost Customers
1963-SVUCV,1,1,1,111,Lost Customers
4184-VODJZ,3,5,5,355,Loyal Customers
0220-EBGCE,1,1,1,111,Lost Customers
1092-WPIVQ,5,2,2,522,About to Sleep
7233-IOQNP,4,4,3,443,Potential Loyalists
2834-JKOOW,4,2,2,422,About to Sleep
2754-VDLTR,1,2,2,122,Lost Customers
2400-FEQME,5,4,3,543,Potential Loyalists
3190-XFANI,3,4,5,345,Loyal Customers
7551-DACSP,3,1,2,312,About to Sleep
4957-SREEC,5,5,3,553,Potential Loyalists
7235-NXZCP,1,1,1,111,Lost Customers
0230-UBYPQ,4,5,4,454,Champions
4923-ADWXJ,3,3,3,333,Potential Loyalists
1763-KUAAW,4,2,2,422,About to Sleep
1104-TNLZA,1,3,4,134,At Risk
5195-KPUNQ,4,4,5,445,Champions
0520-FDVVT,3,3,4,334,Loyal Customers
3439-GVUSX,1,1,1,111,Lost Customers
1444-VVSGW,4,5,5,455,Champions
5712-PTIWW,1,1,1,111,Lost Customers
5949-HGVJL,3,3,3,333,Potential Loyalists
5203-XEHAX,4,3,4,434,Loyal Customers
1635-HDGFT,5,2,2,522,About to Sleep
3315-TOTBP,2,2,3,223,Lost Customers
8050-XGRVL,5,5,4,554,Champions
6661-HBGWL,2,4,4,244,At Risk
1518-VOWAV,2,2,2,222,Lost Customers
9828-QHFBK,3,3,3,333,Potential Loyalists
3908-MKIMJ,5,5,4,554,Champions
5012-YSPJJ,4,3,3,433,Potential Loyalists
5909-ECHUI,1,1,1,111,Lost Customers
1309-BXVOQ,1,3,4,134,At Risk
6728-VOIFY,3,5,5,355,Loyal Customers
9317-WZPGV,1,1,1,111,Lost Customers
4891-NLUBA,5,5,4,554,Champions
2856-HYAPG,1,1,1,111,Lost Customers
8969-PRHFK,4,2,2,422,About to Sleep
0661-KQHNK,4,1,1,411,About to Sleep
8709-KRDVL,1,3,4,134,At Risk
4488-PSYCG,4,2,2,422,About to Sleep
1427-VERSM,2,4,5,245,At Risk
9801-NOSHQ,5,3,2,532,Potential Loyalists
6339-YPSAH,1,2,2,122,Lost Customers
3621-CEOVK,1,2,3,123,Lost Customers
6906-ANDWJ,2,2,3,223,Lost Customers
2159-TURXX,3,1,1,311,About to Sleep
1548-FEHVL,2,5,5,255,At Risk
3795-CAWEX,4,5,5,455,Champions
6215-NQCPY,1,2,3,123,Lost Customers
5647-URDKA,5,2,1,521,About to Sleep
2229-DPMBI,5,2,1,521,About to Sleep
9626-WEQRM,2,1,1,211,Lost Customers
2188-SXWVT,4,3,3,433,Potential Loyalists
6258-PVZWJ,5,5,5,555,Champions
1094-BKOSX,4,4,4,444,Champions
6969-MVBAI,1,2,2,122,Lost Customers
2978-XXSOG,3,3,3,333,Potential Loyalists
2342-CKIAO,3,1,1,311,About to Sleep
6953-PBDIN,5,5,5,555,Champions
3898-BSJYF,4,2,2,422,About to Sleep
3938-YFPXD,5,5,5,555,Champions
7696-AMHOD,4,4,4,444,Champions
2453-SAFNS,4,4,4,444,Champions
9558-IHEZX,4,5,5,455,Champions
9617-UDPEU,4,3,2,432,Potential Loyalists
6340-DACFT,5,4,3,543,Potential Loyalists
4955-VCWBI,5,4,2,542,Potential Loyalists
6813-GZQCG,5,4,3,543,Potential Loyalists
7426-GSWPO,2,5,5,255,At Risk
3389-KTRXV,5,3,2,532,Potential Loyalists
3118-UHVVQ,5,5,3,553,Potential Loyalists
1031-IIDEO,1,1,1,111,Lost Customers
5832-XKAES,1,1,1,111,Lost Customers
3205-MXZRA,4,3,3,433,Potential Loyalists
4701-AHWMW,3,4,4,344,Loyal Customers
8317-BVKSO,3,2,2,322,About to Sleep
5702-KVQRD,5,5,5,555,Champions
0083-PIVIK,4,5,5,455,Champions
9210-IAHGH,2,2,2,222,Lost Customers
6169-PGNCD,5,4,4,544,Champions
0023-XUOPT,1,2,3,123,Lost Customers
4592-IWTJI,2,1,1,211,Lost Customers
4909-JOUPP,4,5,5,455,Champions
4657-FWVFY,2,3,4,234,At Risk
2257-BOVXD,2,2,3,223,Lost Customers
7729-JTEEC,2,1,1,211,Lost Customers
7632-MNYOY,3,5,5,355,Loyal Customers
6518-LGAOV,1,3,4,134,At Risk
7242-QZLXF,1,1,1,111,Lost Customers
4576-CSAJH,4,3,3,433,Potential Loyalists
1000-AJSLD,2,1,1,211,Lost Customers
9696-RMYBA,1,1,2,112,Lost Customers
8690-UPCZI,4,3,3,433,Potential Loyalists
1062-LHZOD,1,1,1,111,Lost Customers
9770-LXDBK,3,1,1,311,About to Sleep
4086-WITJG,5,5,3,553,Potential Loyalists
8344-WFMFH,3,2,2,322,About to Sleep
9600-NAXZN,1,4,5,145,At Risk
8822-KNBHV,4,4,4,444,Champions
8404-FYDIB,2,3,4,234,At Risk
2791-SFVEW,4,2,1,421,About to Sleep
6457-USBER,1,1,1,111,Lost Customers
6762-NSODU,5,4,3,543,Potential Loyalists
4662-EKDPQ,1,1,1,111,Lost Customers
9248-OJYKK,1,1,1,111,Lost Customers
9888-ZCUMM,5,5,4,554,Champions
3398-FSHON,1,2,3,123,Lost Customers
3319-DWOEP,1,1,2,112,Lost Customers
1074-WVEVG,5,4,3,543,Potential Loyalists
9979-RGMZT,2,2,2,222,Lost Customers
6437-UDQJM,4,5,5,455,Champions
1226-IENZN,1,2,3,123,Lost Customers
2108-GLPQB,3,3,3,333,Potential Loyalists
9259-PACGQ,4,3,4,434,Loyal Customers
4415-IJZTP,1,1,1,111,Lost Customers
1465-VINDH,1,2,3,123,Lost Customers
5474-LAMUQ,5,3,2,532,Potential Loyalists
3468-DRVQJ,3,2,2,322,About to Sleep
1122-YJBCS,5,5,4,554,Champions
4990-ALDGW,5,4,3,543,Potential Loyalists
4816-OKWNX,3,4,5,345,Loyal Customers
3315-IKYZQ,4,3,3,433,Potential Loyalists
2810-FTLEM,3,2,2,322,About to Sleep
4747-LCAQL,3,3,3,333,Potential Loyalists
3411-WLRSQ,1,1,1,111,Lost Customers
0898-XCGTF,3,5,5,355,Loyal Customers
8006-PYCSW,3,1,1,311,About to Sleep
8249-THVEC,5,4,3,543,Potential Loyalists
8722-PRFDV,5,5,5,555,Champions
2164-SOQXL,4,2,2,422,About to Sleep
4020-KIUDI,4,1,1,411,About to Sleep
5850-BDWCY,3,1,1,311,About to Sleep
2038-YSEZE,4,3,3,433,Potential Loyalists
0827-ITJPH,5,3,2,532,Potential Loyalists
8799-OXZMD,3,3,2,332,Potential Loyalists
1925-TIBLE,1,2,2,122,Lost Customers
1705-GUHPV,5,5,3,553,Potential Loyalists
4779-ZGICK,5,4,3,543,Potential Loyalists
0048-PIHNL,5,4,2,542,Potential Loyalists
0818-OCPZO,2,3,4,234,At Risk
3967-KXAPS,5,5,5,555,Champions
1447-GIQMR,1,1,1,111,Lost Customers
3704-IEAXF,5,5,4,554,Champions
6810-VCAEX,4,4,3,443,Potential Loyalists
0674-EYYZV,1,1,1,111,Lost Customers
4480-MBMLB,2,3,4,234,At Risk
1395-OFUWC,3,4,3,343,Potential Loyalists
0822-QGCXA,2,3,4,234,At Risk
0872-NXJYS,1,2,2,122,Lost Customers
2832-KJCRD,1,3,4,134,At Risk
3588-WSTTJ,1,3,4,134,At Risk
4075-WKNIU,1,1,1,111,Lost Customers
5090-EMGTC,4,4,5,445,Champions
2346-CZYIL,5,3,2,532,Potential Loyalists
3798-EPWRR,2,1,1,211,Lost Customers
6258-NGCNG,3,2,1,321,About to Sleep
4186-ZBUEW,4,3,4,434,Loyal Customers
5274-XHAKY,3,4,4,344,Loyal Customers
1442-BQPVU,2,2,2,222,Lost Customers
3978-YNKDD,5,2,2,522,About to Sleep
4940-KHCWD,5,4,4,544,Champions
9412-ARGBX,4,4,5,445,Champions
1389-CXMLU,1,1,2,112,Lost Customers
9589-ABEPT,4,5,5,455,Champions
9388-ZEYVT,4,4,3,443,Potential Loyalists
0305-SQECB,4,2,2,422,About to Sleep
7605-SNLQG,3,4,4,344,Loyal Customers
4670-TABXH,4,5,5,455,Champions
5561-NWEVX,1,1,1,111,Lost Customers
0064-SUDOG,5,2,1,521,About to Sleep
8561-NMTBD,3,5,5,355,Loyal Customers
5161-XEUVX,4,3,4,434,Loyal Customers
8292-FRFZQ,4,3,3,433,Potential Loyalists
8591-NXRCV,3,4,4,344,Loyal Customers
7895-VONWT,2,3,3,233,At Risk
4526-RMTLL,4,2,2,422,About to Sleep
6253-GNHWH,5,5,5,555,Champions
4566-NECEV,1,1,2,112,Lost Customers
8080-POTJR,3,3,4,334,Loyal Customers
6906-MPARY,3,3,4,334,Loyal Customers
3662-FXJFO,5,4,3,543,Potential Loyalists
8107-RZLNV,4,5,5,455,Champions
0516-OOHAR,3,3,4,334,Loyal Customers
2027-CWDNU,2,2,3,223,Lost Customers
2737-WFVYW,1,1,1,111,Lost Customers
9912-OMZDS,2,4,5,245,At Risk
3733-ZEECP,3,3,3,333,Potential Loyalists
7878-RTCZG,3,1,1,311,About to Sleep
2452-MRMZF,5,5,3,553,Potential Loyalists
2272-QAGFO,1,2,3,123,Lost Customers
7103-IPXPJ,3,4,5,345,Loyal Customers
4342-HFXWS,5,4,4,544,Champions
3545-CNWRG,2,4,5,245,At Risk
1785-BPHTP,2,3,4,234,At Risk
4989-LIXVT,2,5,5,255,At Risk
7315-WYOAW,1,2,3,123,Lost Customers
1173-XZPYF,1,2,3,123,Lost Customers
9850-OWRHQ,1,1,1,111,Lost Customers
3768-NLUBH,2,4,5,245,At Risk
8676-TRMJS,1,1,1,111,Lost Customers
2509-TFPJU,5,5,3,553,Potential Loyalists
9530-GRMJG,4,5,5,455,Champions
6898-RBTLU,5,4,4,544,Champions
5481-NTDOH,3,5,5,355,Loyal Customers
2068-WWXQZ,5,4,2,542,Potential Loyalists
7359-SSBJK,5,5,5,555,Champions
2061-VVFST,4,3,2,432,Potential Loyalists
0685-MLYYM,1,1,1,111,Lost Customers
0749-IRGQE,2,2,2,222,Lost Customers
2380-DAMQP,4,5,5,455,Champions
2256-YLYLP,5,5,5,555,Champions
1272-ILHFG,4,2,2,422,About to Sleep
0164-XAIRP,5,3,2,532,Potential Loyalists
5666-CYCYZ,1,3,4,134,At Risk
4011-ARPHK,4,3,3,433,Potential Loyalists
8182-PNAGI,3,2,2,322,About to Sleep
6365-HITVU,5,5,5,555,Champions
7558-IMLMT,5,5,3,553,Potential Loyalists
9488-FYQAU,4,5,5,455,Champions
3590-TCXTB,3,1,1,311,About to Sleep
6994-KERXL,2,1,1,211,Lost Customers
7957-RYHQD,3,3,4,334,Loyal Customers
2180-DXNEG,1,2,3,123,Lost Customers
1960-UOTYM,5,4,4,544,Champions
2740-JFBOK,3,2,1,321,About to Sleep
6500-JVEGC,4,5,5,455,Champions
5515-AKOAJ,2,4,5,245,At Risk
8976-OQHGT,3,1,1,311,About to Sleep
5245-VDBUR,4,4,3,443,Potential Loyalists
6230-BSUXY,1,1,1,111,Lost Customers
8469-SNFFH,5,5,5,555,Champions
2144-ESWKO,4,4,3,443,Potential Loyalists
1241-FPMOF,5,4,3,543,Potential Loyalists
9928-BZVLZ,4,2,2,422,About to Sleep
4114-QMKVN,4,4,4,444,Champions
2775-SEFEE,2,1,1,211,Lost Customers
9003-CPATH,2,4,4,244,At Risk
1754-GKYPY,1,3,3,133,At Risk
5294-CDGWY,4,4,4,444,Champions
7956-XQWGU,4,3,2,432,Potential Loyalists
1591-MQJTP,3,4,5,345,Loyal Customers
5295-PCJOO,2,1,1,211,Lost Customers
2369-FEVNO,2,1,1,211,Lost Customers
9863-JZAIC,3,3,3,333,Potential Loyalists
7471-MQPOS,4,5,5,455,Champions
7660-HDPJV,1,1,1,111,Lost Customers
5115-SQAAU,5,5,3,553,Potential Loyalists
9845-QOMAD,4,2,2,422,About to Sleep
7672-VFMXZ,4,4,4,444,Champions
9739-JLPQJ,5,5,5,555,Champions
9916-AYHTC,5,4,2,542,Potential Loyalists
3855-ONCAR,1,1,2,112,Lost Customers
1488-SYSFC,4,3,2,432,Potential Loyalists
7931-PXHFC,4,3,4,434,Loyal Customers
3990-QYKBE,1,3,4,134,At Risk
0970-QXPXW,3,1,1,311,About to Sleep
3259-KNMRR,4,4,4,444,Champions
6120-RJKLU,5,5,5,555,Champions
9572-WUKSB,1,1,1,111,Lost Customers
5893-KCLGT,5,5,3,553,Potential Loyalists
0076-LVEPS,4,3,3,433,Potential Loyalists
3640-JQGJG,3,2,2,322,About to Sleep
4919-MOAVT,1,1,1,111,Lost Customers
1596-OQSPS,3,2,2,322,About to Sleep
9867-XOBQA,5,3,3,533,Potential Loyalists
9546-KDTRB,4,2,2,422,About to Sleep
3090-HAWSU,4,5,5,455,Champions
9820-RMCQV,3,2,2,322,About to Sleep
3174-RKMOW,2,3,4,234,At Risk
1760-CAZHT,4,3,2,432,Potential Loyalists
7839-QRKXN,2,1,1,211,Lost Customers
8441-SHIPE,5,5,3,553,Potential Loyalists
5204-QZXPU,2,2,2,222,Lost Customers
4597-ELFTS,4,4,3,443,Potential Loyalists
1320-GVNHT,4,5,5,455,Champions
1047-RNXZV,5,4,2,542,Potential Loyalists
3541-ZNUHK,3,4,5,345,Loyal Customers
8450-JOVAH,2,1,1,211,Lost Customers
8725-JEDFD,2,3,3,233,At Risk
7562-UXTPG,2,2,2,222,Lost Customers
8071-SBTRN,4,5,5,455,Champions
1113-IUJYX,3,2,3,323,About to Sleep
6668-CNMFP,3,2,3,323,About to Sleep
5626-MGTUK,2,2,3,223,Lost Customers
5681-LLOEI,4,4,4,444,Champions
8212-DJRCH,2,1,2,212,Lost Customers
4323-OHFOW,3,5,5,355,Loyal Customers
4933-BSAIP,5,3,2,532,Potential Loyalists
2030-BTZRO,4,1,1,411,About to Sleep
1116-DXXDF,3,3,4,334,Loyal Customers
9274-CNFMO,1,1,2,112,Lost Customers
7758-XKCBS,2,2,2,222,Lost Customers
8992-JQYUN,1,1,1,111,Lost Customers
6563-VNPMN,3,4,4,344,Loyal Customers
0617-AQNWT,5,5,4,554,Champions
2267-WTPYD,2,4,5,245,At Risk
0270-THENM,5,5,5,555,Champions
2446-PLQVO,1,1,1,111,Lost Customers
4707-MAXGU,5,5,3,553,Potential Loyalists
2710-WYVXG,4,1,1,411,About to Sleep
3005-NFMTA,2,4,5,245,At Risk
6300-BWMJX,2,4,5,245,At Risk
8784-CGILN,1,2,3,123,Lost Customers
5389-FFVKB,2,3,4,234,At Risk
7009-LGECI,3,1,1,311,About to Sleep
8444-WRIDW,3,5,5,355,Loyal Customers
5022-KVDQT,2,3,4,234,At Risk
7976-CICYS,3,1,1,311,About to Sleep
1036-GUDCL,4,4,5,445,Champions
2005-DWQZJ,5,2,1,521,About to Sleep
8148-WOCMK,5,2,1,521,About to Sleep
7815-PDTHL,5,3,2,532,Potential Loyalists
9451-LPGOO,1,2,2,122,Lost Customers
9173-IVZVP,5,4,3,543,Potential Loyalists
9129-UXERG,1,2,3,123,Lost Customers
3635-JBPSG,4,2,2,422,About to Sleep
7964-ZRKKG,3,5,5,355,Loyal Customers
5868-YWPDW,1,1,2,112,Lost Customers
6229-LSCKB,1,1,2,112,Lost Customers
2025-JKFWI,1,2,3,123,Lost Customers
4078-SAYYN,1,2,3,123,Lost Customers
1724-IQWNM,2,1,1,211,Lost Customers
8217-QYOHV,3,1,2,312,About to Sleep
5546-QUERU,4,2,1,421,About to Sleep
9940-HPQPG,2,2,2,222,Lost Customers
6897-UUBNU,3,3,4,334,Loyal Customers
6127-IYJOZ,1,1,1,111,Lost Customers
6618-RYATB,1,1,1,111,Lost Customers
8930-XOTDP,3,2,3,323,About to Sleep
5916-QEWPT,1,1,1,111,Lost Customers
5060-TQUQN,3,3,4,334,Loyal Customers
0531-XBKMM,5,5,4,554,Champions
8465-SBRXP,4,3,4,434,Loyal Customers
2408-PSJVE,4,4,4,444,Champions
9079-YEXQJ,2,4,5,245,At Risk
9700-ZCLOT,3,1,1,311,About to Sleep
8738-JOKAR,4,4,4,444,Champions
4534-WGCIR,5,4,3,543,Potential Loyalists
1930-WNXSB,2,4,5,245,At Risk
2685-SREOM,1,3,4,134,At Risk
3508-CFVZL,4,5,5,455,Champions
0402-CQAJN,2,3,4,234,At Risk
6692-UDPJC,1,2,3,123,Lost Customers
1273-MTETI,1,1,2,112,Lost Customers
0657-DOGUM,4,4,4,444,Champions
5480-HPRRX,1,1,1,111,Lost Customers
8792-AOROI,4,2,2,422,About to Sleep
0295-PPHDO,1,1,1,111,Lost Customers
5146-YYFRZ,5,5,3,553,Potential Loyalists
1195-OIYEJ,1,2,3,123,Lost Customers
5906-CVLHP,4,4,4,444,Champions
3452-SRFEG,2,4,4,244,At Risk
4070-OKWVH,2,4,5,245,At Risk
5297-MDOIR,4,5,5,455,Champions
6369-MCAKO,5,5,5,555,Champions
4926-UMJZD,3,3,3,333,Potential Loyalists
6848-HJTXY,5,5,3,553,Potential Loyalists
6341-AEVKX,3,5,5,355,Loyal Customers
4501-EQDRN,1,1,1,111,Lost Customers
2990-HWIML,1,1,2,112,Lost Customers
0682-USIXD,2,3,3,233,At Risk
6976-BWGLQ,5,5,3,553,Potential Loyalists
7078-NVFAM,3,3,3,333,Potential Loyalists
8065-QBYTO,4,5,5,455,Champions
2133-TSRRM,3,3,4,334,Loyal Customers
7384-GHBPI,1,1,1,111,Lost Customers
7603-USHJS,2,2,2,222,Lost Customers
7234-FECYN,1,2,2,122,Lost Customers
2511-ALLCS,5,3,2,532,Potential Loyalists
3191-CSNMG,1,1,1,111,Lost Customers
7952-OBOYL,1,1,1,111,Lost Customers
7470-DYNOE,3,4,4,344,Loyal Customers
7853-OETYL,2,1,1,211,Lost Customers
1545-ACTAS,3,4,5,345,Loyal Customers
5876-HZVZM,3,1,2,312,About to Sleep
1400-MMYXY,1,1,2,112,Lost Customers
5126-RCXYW,5,4,4,544,Champions
3085-QUOZK,2,1,1,211,Lost Customers
2363-BJLSL,3,5,5,355,Loyal Customers
1956-YIFGE,3,3,4,334,Loyal Customers
3926-CUQZX,1,1,1,111,Lost Customers
7921-LMDFQ,3,4,5,345,Loyal Customers
2925-MXLSX,3,3,3,333,Potential Loyalists
5820-PTRYM,4,4,4,444,Champions
9609-BENEA,3,3,4,334,Loyal Customers
6211-WHMYA,3,5,4,354,Loyal Customers
4459-BBGHE,2,3,3,233,At Risk
9945-PSVIP,5,3,2,532,Potential Loyalists
1041-RXHRA,3,4,4,344,Loyal Customers
1750-CSKKM,2,2,2,222,Lost Customers
9108-EJFJP,2,1,1,211,Lost Customers
0530-IJVDB,4,5,5,455,Champions
0508-SQWPL,5,4,3,543,Potential Loyalists
2215-ZAFGX,1,2,2,122,Lost Customers
8213-TAZPM,3,5,5,355,Loyal Customers
7142-HVGBG,1,4,4,144,At Risk
1304-SEGFY,3,5,5,355,Loyal Customers
7242-EDTYC,5,4,2,542,Potential Loyalists
2904-GGUAZ,4,5,5,455,Champions
8267-ZNYVZ,3,3,4,334,Loyal Customers
5136-GFPMB,2,4,5,245,At Risk
2595-KIWPV,5,3,2,532,Potential Loyalists
5243-SAOTC,2,4,4,244,At Risk
9398-MMQTO,2,1,1,211,Lost Customers
7619-PLRLP,4,4,4,444,Champions
6457-GIRWB,1,1,1,111,Lost Customers
6508-NJYRO,4,2,2,422,About to Sleep
1450-SKCVI,2,4,4,244,At Risk
4710-NKCAW,3,1,2,312,About to Sleep
5306-BVTKJ,4,4,4,444,Champions
0357-NVCRI,4,3,2,432,Potential Loyalists
5570-PTWEH,1,1,1,111,Lost Customers
2371-KFUOG,3,4,5,345,Loyal Customers
0463-ZSDNT,2,2,2,222,Lost Customers
6502-MJQAE,1,1,1,111,Lost Customers
6257-DTAYD,4,5,5,455,Champions
4616-ULAOA,4,5,5,455,Champions
7693-LCKZL,1,1,2,112,Lost Customers
7746-AWNQW,3,3,3,333,Potential Loyalists
5996-EBTKM,5,5,5,555,Champions
2758-RNWXS,3,3,4,334,Loyal Customers
2314-TNDJQ,5,5,4,554,Champions
2405-LBMUW,4,5,4,454,Champions
3454-JFUBC,5,5,3,553,Potential Loyalists
0032-PGELS,2,1,1,211,Lost Customers
9039-ZVJDC,3,1,1,311,About to Sleep
6797-LNAQX,4,5,5,455,Champions
9013-AQORL,3,4,4,344,Loyal Customers
2898-MRKPI,3,5,5,355,Loyal Customers
2750-BJLSB,3,4,5,345,Loyal Customers
3648-GZPHF,4,3,3,433,Potential Loyalists
2075-RMJIK,3,1,1,311,About to Sleep
9588-YRFHY,5,4,3,543,Potential Loyalists
6394-MFYNG,2,4,5,245,At Risk
1564-NTYXF,1,2,3,123,Lost Customers
9364-YKUVW,4,2,2,422,About to Sleep
5392-AKEMH,2,2,2,222,Lost Customers
2451-YMUXS,5,5,4,554,Champions
3914-FDRHP,2,2,2,222,Lost Customers
3078-ZKNTS,5,2,1,521,About to Sleep
1024-KPRBB,3,3,4,334,Loyal Customers
4690-PKDQG,2,4,4,244,At Risk
8155-IBNHG,2,3,3,233,At Risk
0886-QGENL,2,3,4,234,At Risk
9547-ITEFG,1,2,2,122,Lost Customers
1264-FUHCX,3,4,4,344,Loyal Customers
7789-CRUVC,3,5,5,355,Loyal Customers
6598-KELSS,4,4,4,444,Champions
8739-WWKDU,1,3,4,134,At Risk
8685-WHQPW,2,3,3,233,At Risk
4745-LSPLO,3,1,1,311,About to Sleep
8083-YTZES,1,1,2,112,Lost Customers
7240-FQLHE,2,2,3,223,Lost Customers
6664-FPDAC,2,4,5,245,At Risk
9972-VAFJJ,3,4,5,345,Loyal Customers
0422-UXFAP,2,4,5,245,At Risk
1904-WAJAA,5,3,3,533,Potential Loyalists
5130-YPIRV,5,5,4,554,Champions
2843-CQMEG,3,3,3,333,Potential Loyalists
6439-PKTRR,5,5,5,555,Champions
5351-QESIO,1,1,1,111,Lost Customers
0786-VSSUD,2,2,2,222,Lost Customers
5568-DMXZS,2,2,2,222,Lost Customers
8468-FZTOE,5,5,5,555,Champions
6633-SYEUS,3,3,3,333,Potential Loyalists
6447-GORXK,3,3,2,332,Potential Loyalists
6967-PEJLL,4,3,3,433,Potential Loyalists
3976-BWUCK,2,3,4,234,At Risk
5981-ZVXOT,2,3,4,234,At Risk
1684-FLBGS,3,3,3,333,Potential Loyalists
1389-WNUIB,4,2,3,423,About to Sleep
0376-OIWME,2,3,4,234,At Risk
3585-ISXZP,1,2,2,122,Lost Customers
0218-QNVAS,3,5,5,355,Loyal Customers
6583-QGCSI,2,4,4,244,At Risk
0804-YGEQV,4,4,3,443,Potential Loyalists
7164-BPTUT,5,4,5,545,Champions
4174-LPGTI,4,4,4,444,Champions
2523-EWWZL,2,3,4,234,At Risk
0928-XUTSN,1,2,3,123,Lost Customers
2108-XWMPY,2,1,1,211,Lost Customers
0052-YNYOT,5,5,3,553,Potential Loyalists
6304-IJFSQ,2,1,1,211,Lost Customers
9586-JGQKH,4,5,5,455,Champions
4501-VCPFK,3,3,3,333,Potential Loyalists
6075-SLNIL,2,3,4,234,At Risk
9347-AERRL,4,3,2,432,Potential Loyalists
0093-XWZFY,2,3,4,234,At Risk
2274-XUATA,5,5,5,555,Champions
1980-KXVPM,1,1,1,111,Lost Customers
7703-ZEKEF,2,3,3,233,At Risk
0723-DRCLG,1,1,1,111,Lost Customers
5482-NUPNA,3,1,2,312,About to Sleep
6691-CCIHA,4,5,5,455,Champions
1685-BQULA,2,3,4,234,At Risk
9053-EJUNL,2,4,4,244,At Risk
0666-UXTJO,2,3,4,234,At Risk
1471-GIQKQ,2,1,1,211,Lost Customers
4807-IZYOZ,5,4,3,543,Potential Loyalists
1122-JWTJW,1,1,1,111,Lost Customers
9710-NJERN,5,3,2,532,Potential Loyalists
9837-FWLCH,3,2,1,321,About to Sleep
1699-HPSBG,3,2,2,322,About to Sleep
7203-OYKCT,3,5,5,355,Loyal Customers
1035-IPQPU,2,5,5,255,At Risk
7398-LXGYX,2,4,4,244,At Risk
2823-LKABH,2,2,3,223,Lost Customers
8775-CEBBJ,3,2,2,322,About to Sleep
0550-DCXLH,3,2,2,322,About to Sleep
9281-CEDRU,5,5,4,554,Champions
2235-DWLJU,1,1,1,111,Lost Customers
0871-OPBXW,3,1,1,311,About to Sleep
3605-JISKB,4,4,4,444,Champions
6894-LFHLY,1,1,1,111,Lost Customers
9767-FFLEM,2,3,4,234,At Risk
0639-TSIQW,3,5,5,355,Loyal Customers
8456-QDAVC,2,2,3,223,Lost Customers
7750-EYXWZ,3,2,2,322,About to Sleep
2569-WGERO,5,5,3,553,Potential Loyalists
6840-RESVB,4,3,3,433,Potential Loyalists
2234-XADUH,3,5,5,355,Loyal Customers
4801-JZAZL,2,2,2,222,Lost Customers
8361-LTMKD,1,1,2,112,Lost Customers
3186-AJIEK,4,5,5,455,Champions
